[2025-11-24 19:12:17] [INFO] ======================================================================
[2025-11-24 19:12:17] [INFO] AQUAGUARD MIDDLEWARE SERVER v6.0
[2025-11-24 19:12:17] [INFO] ======================================================================
[2025-11-24 19:12:17] [INFO] [INIT] Connecting to Elasticsearch: https://localhost:9200
[2025-11-24 19:12:17] [INFO] [INIT] Using CA certificate: http_ca.crt
[2025-11-24 19:12:19] [INFO] HEAD https://localhost:9200/ [status:200 duration:1.768s]
[2025-11-24 19:12:19] [INFO] HEAD https://localhost:9200/depot_air_qc_data [status:200 duration:0.077s]
[2025-11-24 19:12:19] [INFO] POST https://localhost:9200/depot_air_qc_data/_count [status:200 duration:0.069s]
[2025-11-24 19:12:19] [INFO] [SUCCESS] Connected to Elasticsearch
[2025-11-24 19:12:19] [INFO] [INFO] Index 'depot_air_qc_data' has 757 documents
[2025-11-24 19:12:19] [INFO] [INIT] CSV Exporter enabled
[2025-11-24 19:12:19] [INFO] [INFO] Reports will be saved to: reports
[2025-11-24 19:12:19] [INFO] [INIT] Adaptive Bulk Buffer Manager started
[2025-11-24 19:12:19] [INFO] [CONFIG] Buffer range: 5-100 docs
[2025-11-24 19:12:19] [INFO] [CONFIG] Interval range: 0.5-5.0s
[2025-11-24 19:12:19] [INFO] [INIT] Telegram Anomaly Notifier initialized
[2025-11-24 19:12:20] [INFO] ======================================================================
[2025-11-24 19:12:20] [INFO] [START] Server starting on 0.0.0.0:5000
[2025-11-24 19:12:20] [INFO] ======================================================================
[2025-11-24 19:12:20] [INFO] Serving on http://0.0.0.0:5000
[2025-11-24 19:17:47] [INFO] POST https://localhost:9200/.ml-anomalies-*/_search [status:200 duration:0.042s]
[2025-11-24 19:17:47] [INFO] POST https://localhost:9200/.ml-anomalies-*/_search [status:200 duration:0.073s]
[2025-11-24 19:17:47] [INFO] [ML] Summary generated: 268 anomalies in last 24h
[2025-11-24 19:17:47] [INFO] POST https://localhost:9200/.ml-anomalies-*/_search [status:200 duration:0.051s]
[2025-11-24 19:17:47] [INFO] POST https://localhost:9200/depot_air_qc_data/_search?_source_includes=tds_ppm,kekeruhan_ntu,suhu_celsius,%40timestamp,depot_id [status:200 duration:0.051s]
[2025-11-24 19:17:56] [INFO] POST https://localhost:9200/.ml-anomalies-*/_search [status:200 duration:0.015s]
[2025-11-24 19:17:56] [INFO] POST https://localhost:9200/.ml-anomalies-*/_search [status:200 duration:0.058s]
[2025-11-24 19:17:56] [INFO] POST https://localhost:9200/.ml-anomalies-*/_search [status:200 duration:0.085s]
[2025-11-24 19:17:56] [INFO] [ML] Summary generated: 268 anomalies in last 24h
[2025-11-24 19:17:57] [INFO] POST https://localhost:9200/depot_air_qc_data/_search?_source_includes=tds_ppm,kekeruhan_ntu,suhu_celsius,%40timestamp,depot_id [status:200 duration:0.052s]
[2025-11-24 19:18:07] [INFO] POST https://localhost:9200/.ml-anomalies-*/_search [status:200 duration:0.130s]
[2025-11-24 19:18:07] [INFO] POST https://localhost:9200/.ml-anomalies-*/_search [status:200 duration:0.013s]
[2025-11-24 19:18:07] [INFO] POST https://localhost:9200/.ml-anomalies-*/_search [status:200 duration:0.146s]
[2025-11-24 19:18:07] [INFO] [ML] Summary generated: 268 anomalies in last 24h
[2025-11-24 19:18:07] [INFO] POST https://localhost:9200/depot_air_qc_data/_search?_source_includes=tds_ppm,kekeruhan_ntu,suhu_celsius,%40timestamp,depot_id [status:200 duration:0.050s]
[2025-11-24 19:18:17] [INFO] POST https://localhost:9200/.ml-anomalies-*/_search [status:200 duration:0.008s]
[2025-11-24 19:18:17] [INFO] POST https://localhost:9200/.ml-anomalies-*/_search [status:200 duration:0.055s]
[2025-11-24 19:18:17] [INFO] POST https://localhost:9200/.ml-anomalies-*/_search [status:200 duration:0.069s]
[2025-11-24 19:18:17] [INFO] [ML] Summary generated: 268 anomalies in last 24h
[2025-11-24 19:18:17] [INFO] POST https://localhost:9200/depot_air_qc_data/_search?_source_includes=tds_ppm,kekeruhan_ntu,suhu_celsius,%40timestamp,depot_id [status:200 duration:0.050s]
[2025-11-24 19:18:27] [INFO] POST https://localhost:9200/.ml-anomalies-*/_search [status:200 duration:0.062s]
[2025-11-24 19:18:27] [INFO] POST https://localhost:9200/.ml-anomalies-*/_search [status:200 duration:0.089s]
[2025-11-24 19:18:27] [INFO] [ML] Summary generated: 268 anomalies in last 24h
[2025-11-24 19:18:27] [INFO] POST https://localhost:9200/.ml-anomalies-*/_search [status:200 duration:0.055s]
[2025-11-24 19:18:27] [INFO] POST https://localhost:9200/depot_air_qc_data/_search?_source_includes=tds_ppm,kekeruhan_ntu,suhu_celsius,%40timestamp,depot_id [status:200 duration:0.052s]
[2025-11-24 19:18:37] [INFO] POST https://localhost:9200/.ml-anomalies-*/_search [status:200 duration:0.021s]
[2025-11-24 19:18:37] [INFO] [ML] Summary generated: 268 anomalies in last 24h
[2025-11-24 19:18:37] [INFO] POST https://localhost:9200/.ml-anomalies-*/_search [status:200 duration:0.056s]
[2025-11-24 19:18:37] [INFO] POST https://localhost:9200/.ml-anomalies-*/_search [status:200 duration:0.051s]
[2025-11-24 19:18:37] [INFO] POST https://localhost:9200/depot_air_qc_data/_search?_source_includes=tds_ppm,kekeruhan_ntu,suhu_celsius,%40timestamp,depot_id [status:200 duration:0.053s]
[2025-11-24 19:18:47] [INFO] POST https://localhost:9200/.ml-anomalies-*/_search [status:200 duration:0.052s]
[2025-11-24 19:18:47] [INFO] POST https://localhost:9200/.ml-anomalies-*/_search [status:200 duration:0.060s]
[2025-11-24 19:18:47] [INFO] [ML] Summary generated: 268 anomalies in last 24h
[2025-11-24 19:18:47] [INFO] POST https://localhost:9200/.ml-anomalies-*/_search [status:200 duration:0.050s]
[2025-11-24 19:18:47] [INFO] POST https://localhost:9200/depot_air_qc_data/_search?_source_includes=tds_ppm,kekeruhan_ntu,suhu_celsius,%40timestamp,depot_id [status:200 duration:0.047s]
[2025-11-24 19:18:57] [INFO] POST https://localhost:9200/.ml-anomalies-*/_search [status:200 duration:0.050s]
[2025-11-24 19:18:57] [INFO] POST https://localhost:9200/.ml-anomalies-*/_search [status:200 duration:0.064s]
[2025-11-24 19:18:57] [INFO] [ML] Summary generated: 268 anomalies in last 24h
[2025-11-24 19:18:57] [INFO] POST https://localhost:9200/.ml-anomalies-*/_search [status:200 duration:0.052s]
[2025-11-24 19:18:57] [INFO] POST https://localhost:9200/depot_air_qc_data/_search?_source_includes=tds_ppm,kekeruhan_ntu,suhu_celsius,%40timestamp,depot_id [status:200 duration:0.052s]
[2025-11-24 19:19:21] [INFO] POST https://localhost:9200/.ml-anomalies-*/_search [status:200 duration:0.057s]
[2025-11-24 19:19:21] [INFO] POST https://localhost:9200/.ml-anomalies-*/_search [status:200 duration:0.076s]
[2025-11-24 19:19:21] [INFO] [ML] Summary generated: 268 anomalies in last 24h
[2025-11-24 19:19:21] [INFO] POST https://localhost:9200/.ml-anomalies-*/_search [status:200 duration:0.052s]
[2025-11-24 19:19:21] [INFO] POST https://localhost:9200/depot_air_qc_data/_search?_source_includes=tds_ppm,kekeruhan_ntu,suhu_celsius,%40timestamp,depot_id [status:200 duration:0.060s]
[2025-11-24 19:19:39] [INFO] POST https://localhost:9200/.ml-anomalies-*/_search [status:200 duration:0.052s]
[2025-11-24 19:19:39] [INFO] POST https://localhost:9200/.ml-anomalies-*/_search [status:200 duration:0.084s]
[2025-11-24 19:19:39] [INFO] [ML] Summary generated: 274 anomalies in last 24h
[2025-11-24 19:19:39] [INFO] POST https://localhost:9200/.ml-anomalies-*/_search [status:200 duration:0.057s]
[2025-11-24 19:19:39] [INFO] POST https://localhost:9200/depot_air_qc_data/_search?_source_includes=tds_ppm,kekeruhan_ntu,suhu_celsius,%40timestamp,depot_id [status:200 duration:0.076s]
[2025-11-24 19:19:41] [INFO] POST https://localhost:9200/.ml-anomalies-*/_search [status:200 duration:0.052s]
[2025-11-24 19:19:41] [INFO] POST https://localhost:9200/.ml-anomalies-*/_search [status:200 duration:0.068s]
[2025-11-24 19:19:41] [INFO] [ML] Summary generated: 274 anomalies in last 24h
[2025-11-24 19:19:41] [INFO] POST https://localhost:9200/.ml-anomalies-*/_search [status:200 duration:0.069s]
[2025-11-24 19:19:41] [INFO] POST https://localhost:9200/depot_air_qc_data/_search?_source_includes=tds_ppm,kekeruhan_ntu,suhu_celsius,%40timestamp,depot_id [status:200 duration:0.052s]
[2025-11-24 19:19:43] [INFO] POST https://localhost:9200/depot_air_qc_data/_search?_source_includes=tds_ppm,kekeruhan_ntu,suhu_celsius,%40timestamp [status:200 duration:0.122s]
[2025-11-24 19:19:43] [INFO] [QUERY] Historical: 50 documents
[2025-11-24 19:19:46] [INFO] POST https://localhost:9200/.ml-anomalies-*/_search [status:200 duration:0.051s]
[2025-11-24 19:19:46] [INFO] [ML] Summary generated: 274 anomalies in last 24h
[2025-11-24 19:19:51] [INFO] POST https://localhost:9200/.ml-anomalies-*/_search [status:200 duration:0.029s]
[2025-11-24 19:19:51] [INFO] POST https://localhost:9200/.ml-anomalies-*/_search [status:200 duration:0.060s]
[2025-11-24 19:19:51] [INFO] POST https://localhost:9200/.ml-anomalies-*/_search [status:200 duration:0.100s]
[2025-11-24 19:19:51] [INFO] [ML] Summary generated: 282 anomalies in last 24h
[2025-11-24 19:19:51] [INFO] POST https://localhost:9200/depot_air_qc_data/_search?_source_includes=tds_ppm,kekeruhan_ntu,suhu_celsius,%40timestamp,depot_id [status:200 duration:0.010s]
[2025-11-24 19:20:02] [INFO] POST https://localhost:9200/.ml-anomalies-*/_search [status:200 duration:0.055s]
[2025-11-24 19:20:02] [INFO] POST https://localhost:9200/.ml-anomalies-*/_search [status:200 duration:0.082s]
[2025-11-24 19:20:02] [INFO] [ML] Summary generated: 282 anomalies in last 24h
[2025-11-24 19:20:02] [INFO] POST https://localhost:9200/.ml-anomalies-*/_search [status:200 duration:0.054s]
[2025-11-24 19:20:02] [INFO] POST https://localhost:9200/depot_air_qc_data/_search?_source_includes=tds_ppm,kekeruhan_ntu,suhu_celsius,%40timestamp,depot_id [status:200 duration:0.055s]
[2025-11-24 19:20:12] [INFO] POST https://localhost:9200/.ml-anomalies-*/_search [status:200 duration:0.069s]
[2025-11-24 19:20:12] [INFO] POST https://localhost:9200/.ml-anomalies-*/_search [status:200 duration:0.079s]
[2025-11-24 19:20:12] [INFO] [ML] Summary generated: 282 anomalies in last 24h
[2025-11-24 19:20:12] [INFO] POST https://localhost:9200/.ml-anomalies-*/_search [status:200 duration:0.054s]
[2025-11-24 19:20:12] [INFO] POST https://localhost:9200/depot_air_qc_data/_search?_source_includes=tds_ppm,kekeruhan_ntu,suhu_celsius,%40timestamp,depot_id [status:200 duration:0.053s]
[2025-11-24 19:20:22] [INFO] POST https://localhost:9200/.ml-anomalies-*/_search [status:200 duration:0.052s]
[2025-11-24 19:20:22] [INFO] POST https://localhost:9200/.ml-anomalies-*/_search [status:200 duration:0.067s]
[2025-11-24 19:20:22] [INFO] [ML] Summary generated: 282 anomalies in last 24h
[2025-11-24 19:20:22] [INFO] POST https://localhost:9200/.ml-anomalies-*/_search [status:200 duration:0.055s]
[2025-11-24 19:20:22] [INFO] POST https://localhost:9200/depot_air_qc_data/_search?_source_includes=tds_ppm,kekeruhan_ntu,suhu_celsius,%40timestamp,depot_id [status:200 duration:0.051s]
[2025-11-24 19:20:32] [INFO] POST https://localhost:9200/.ml-anomalies-*/_search [status:200 duration:0.048s]
[2025-11-24 19:20:32] [INFO] POST https://localhost:9200/.ml-anomalies-*/_search [status:200 duration:0.059s]
[2025-11-24 19:20:32] [INFO] [ML] Summary generated: 282 anomalies in last 24h
[2025-11-24 19:20:32] [INFO] POST https://localhost:9200/.ml-anomalies-*/_search [status:200 duration:0.054s]
[2025-11-24 19:20:32] [INFO] POST https://localhost:9200/depot_air_qc_data/_search?_source_includes=tds_ppm,kekeruhan_ntu,suhu_celsius,%40timestamp,depot_id [status:200 duration:0.051s]
[2025-11-24 19:20:37] [INFO] POST https://localhost:9200/depot_air_qc_data/_search?_source_includes=tds_ppm,kekeruhan_ntu,suhu_celsius,%40timestamp [status:200 duration:0.052s]
[2025-11-24 19:20:37] [INFO] [QUERY] Historical: 50 documents
[2025-11-24 19:20:42] [INFO] POST https://localhost:9200/.ml-anomalies-*/_search [status:200 duration:0.052s]
[2025-11-24 19:20:42] [INFO] POST https://localhost:9200/.ml-anomalies-*/_search [status:200 duration:0.056s]
[2025-11-24 19:20:42] [INFO] [ML] Summary generated: 282 anomalies in last 24h
[2025-11-24 19:20:42] [INFO] POST https://localhost:9200/.ml-anomalies-*/_search [status:200 duration:0.048s]
[2025-11-24 19:20:42] [INFO] POST https://localhost:9200/depot_air_qc_data/_search?_source_includes=tds_ppm,kekeruhan_ntu,suhu_celsius,%40timestamp,depot_id [status:200 duration:0.049s]
[2025-11-24 19:20:52] [INFO] POST https://localhost:9200/.ml-anomalies-*/_search [status:200 duration:0.058s]
[2025-11-24 19:20:52] [INFO] POST https://localhost:9200/.ml-anomalies-*/_search [status:200 duration:0.087s]
[2025-11-24 19:20:52] [INFO] [ML] Summary generated: 282 anomalies in last 24h
[2025-11-24 19:20:52] [INFO] POST https://localhost:9200/.ml-anomalies-*/_search [status:200 duration:0.062s]
[2025-11-24 19:20:52] [INFO] POST https://localhost:9200/depot_air_qc_data/_search?_source_includes=tds_ppm,kekeruhan_ntu,suhu_celsius,%40timestamp,depot_id [status:200 duration:0.052s]
[2025-11-24 19:21:02] [INFO] POST https://localhost:9200/.ml-anomalies-*/_search [status:200 duration:0.050s]
[2025-11-24 19:21:02] [INFO] POST https://localhost:9200/.ml-anomalies-*/_search [status:200 duration:0.075s]
[2025-11-24 19:21:02] [INFO] [ML] Summary generated: 282 anomalies in last 24h
[2025-11-24 19:21:02] [INFO] POST https://localhost:9200/.ml-anomalies-*/_search [status:200 duration:0.054s]
[2025-11-24 19:21:02] [INFO] POST https://localhost:9200/depot_air_qc_data/_search?_source_includes=tds_ppm,kekeruhan_ntu,suhu_celsius,%40timestamp,depot_id [status:200 duration:0.050s]
[2025-11-24 19:21:12] [INFO] POST https://localhost:9200/.ml-anomalies-*/_search [status:200 duration:0.061s]
[2025-11-24 19:21:12] [INFO] POST https://localhost:9200/.ml-anomalies-*/_search [status:200 duration:0.078s]
[2025-11-24 19:21:12] [INFO] [ML] Summary generated: 282 anomalies in last 24h
[2025-11-24 19:21:12] [INFO] POST https://localhost:9200/.ml-anomalies-*/_search [status:200 duration:0.059s]
[2025-11-24 19:21:12] [INFO] POST https://localhost:9200/depot_air_qc_data/_search?_source_includes=tds_ppm,kekeruhan_ntu,suhu_celsius,%40timestamp,depot_id [status:200 duration:0.052s]
[2025-11-24 19:21:22] [INFO] POST https://localhost:9200/.ml-anomalies-*/_search [status:200 duration:0.049s]
[2025-11-24 19:21:22] [INFO] POST https://localhost:9200/.ml-anomalies-*/_search [status:200 duration:0.059s]
[2025-11-24 19:21:22] [INFO] [ML] Summary generated: 282 anomalies in last 24h
[2025-11-24 19:21:22] [INFO] POST https://localhost:9200/.ml-anomalies-*/_search [status:200 duration:0.050s]
[2025-11-24 19:21:22] [INFO] POST https://localhost:9200/depot_air_qc_data/_search?_source_includes=tds_ppm,kekeruhan_ntu,suhu_celsius,%40timestamp,depot_id [status:200 duration:0.051s]
[2025-11-24 19:21:32] [INFO] POST https://localhost:9200/.ml-anomalies-*/_search [status:200 duration:0.054s]
[2025-11-24 19:21:32] [INFO] POST https://localhost:9200/.ml-anomalies-*/_search [status:200 duration:0.066s]
[2025-11-24 19:21:32] [INFO] [ML] Summary generated: 282 anomalies in last 24h
[2025-11-24 19:21:32] [INFO] POST https://localhost:9200/.ml-anomalies-*/_search [status:200 duration:0.051s]
[2025-11-24 19:21:32] [INFO] POST https://localhost:9200/depot_air_qc_data/_search?_source_includes=tds_ppm,kekeruhan_ntu,suhu_celsius,%40timestamp,depot_id [status:200 duration:0.048s]
[2025-11-24 19:21:42] [INFO] POST https://localhost:9200/.ml-anomalies-*/_search [status:200 duration:0.052s]
[2025-11-24 19:21:42] [INFO] POST https://localhost:9200/.ml-anomalies-*/_search [status:200 duration:0.061s]
[2025-11-24 19:21:42] [INFO] [ML] Summary generated: 282 anomalies in last 24h
[2025-11-24 19:21:42] [INFO] POST https://localhost:9200/.ml-anomalies-*/_search [status:200 duration:0.046s]
[2025-11-24 19:21:42] [INFO] POST https://localhost:9200/depot_air_qc_data/_search?_source_includes=tds_ppm,kekeruhan_ntu,suhu_celsius,%40timestamp,depot_id [status:200 duration:0.047s]
[2025-11-24 19:22:21] [INFO] POST https://localhost:9200/.ml-anomalies-*/_search [status:200 duration:0.052s]
[2025-11-24 19:22:21] [INFO] POST https://localhost:9200/.ml-anomalies-*/_search [status:200 duration:0.067s]
[2025-11-24 19:22:21] [INFO] [ML] Summary generated: 282 anomalies in last 24h
[2025-11-24 19:22:21] [INFO] POST https://localhost:9200/.ml-anomalies-*/_search [status:200 duration:0.053s]
[2025-11-24 19:22:21] [INFO] POST https://localhost:9200/depot_air_qc_data/_search?_source_includes=tds_ppm,kekeruhan_ntu,suhu_celsius,%40timestamp,depot_id [status:200 duration:0.051s]
[2025-11-24 19:22:48] [INFO] HEAD https://localhost:9200/ [status:200 duration:0.008s]
[2025-11-24 19:22:50] [INFO] HEAD https://localhost:9200/ [status:200 duration:0.010s]
[2025-11-24 19:22:52] [INFO] PUT https://localhost:9200/_bulk [status:200 duration:0.114s]
[2025-11-24 19:22:52] [INFO] [BULK] Flushed 1 docs in 0.118s (total: 1, buffer: 5)
[2025-11-24 19:22:55] [INFO] PUT https://localhost:9200/_bulk [status:200 duration:0.017s]
[2025-11-24 19:22:55] [INFO] [BULK] Flushed 1 docs in 0.018s (total: 2, buffer: 5)
[2025-11-24 19:22:57] [INFO] PUT https://localhost:9200/_bulk [status:200 duration:0.053s]
[2025-11-24 19:22:57] [INFO] [BULK] Flushed 1 docs in 0.055s (total: 3, buffer: 5)
[2025-11-24 19:22:59] [INFO] PUT https://localhost:9200/_bulk [status:200 duration:0.073s]
[2025-11-24 19:22:59] [INFO] [BULK] Flushed 1 docs in 0.074s (total: 4, buffer: 5)
[2025-11-24 19:23:00] [INFO] [ADAPT #1] Strategy: HIGH_TRAFFIC | Traffic: 36.9 req/min | Buffer: 5->10 | Interval: 0.5s->1.0s
[2025-11-24 19:23:13] [WARNING] [ANOMALY] TDS: 1129.16 ppm (threshold: 500.0) - high
[2025-11-24 19:23:21] [WARNING] Task queue depth is 1
[2025-11-24 19:23:21] [INFO] POST https://localhost:9200/.ml-anomalies-*/_search [status:200 duration:0.051s]
[2025-11-24 19:23:21] [INFO] POST https://localhost:9200/.ml-anomalies-*/_search [status:200 duration:0.064s]
[2025-11-24 19:23:21] [INFO] [ML] Summary generated: 282 anomalies in last 24h
[2025-11-24 19:23:21] [INFO] POST https://localhost:9200/.ml-anomalies-*/_search [status:200 duration:0.050s]
[2025-11-24 19:23:25] [WARNING] [ANOMALY] TDS: 912.03 ppm (threshold: 500.0) - high
[2025-11-24 19:23:38] [WARNING] Task queue depth is 1
[2025-11-24 19:23:50] [WARNING] Task queue depth is 2
[2025-11-24 19:23:53] [WARNING] Task queue depth is 3
[2025-11-24 19:23:53] [WARNING] Task queue depth is 4
[2025-11-24 19:23:56] [WARNING] Task queue depth is 5
[2025-11-24 19:23:59] [WARNING] Task queue depth is 6
[2025-11-24 19:24:02] [WARNING] Task queue depth is 7
[2025-11-24 19:24:14] [WARNING] Task queue depth is 8
[2025-11-24 19:24:18] [WARNING] Task queue depth is 9
[2025-11-24 19:24:21] [WARNING] Task queue depth is 10
[2025-11-24 19:24:21] [WARNING] Task queue depth is 11
[2025-11-24 19:24:21] [WARNING] Task queue depth is 12
[2025-11-24 19:24:25] [INFO] [SHUTDOWN] Graceful shutdown initiated...
[2025-11-24 19:25:34] [INFO] ======================================================================
[2025-11-24 19:25:34] [INFO] AQUAGUARD MIDDLEWARE SERVER v6.0
[2025-11-24 19:25:34] [INFO] ======================================================================
[2025-11-24 19:25:34] [INFO] [INIT] Connecting to Elasticsearch: https://localhost:9200
[2025-11-24 19:25:34] [INFO] [INIT] Using CA certificate: http_ca.crt
[2025-11-24 19:25:34] [INFO] HEAD https://localhost:9200/ [status:200 duration:0.028s]
[2025-11-24 19:25:34] [INFO] HEAD https://localhost:9200/depot_air_qc_data [status:200 duration:0.005s]
[2025-11-24 19:25:34] [INFO] POST https://localhost:9200/depot_air_qc_data/_count [status:200 duration:0.007s]
[2025-11-24 19:25:34] [INFO] [SUCCESS] Connected to Elasticsearch
[2025-11-24 19:25:34] [INFO] [INFO] Index 'depot_air_qc_data' has 761 documents
[2025-11-24 19:25:34] [INFO] [INIT] CSV Exporter enabled
[2025-11-24 19:25:34] [INFO] [INFO] Reports will be saved to: reports
[2025-11-24 19:25:34] [INFO] [INIT] Adaptive Bulk Buffer Manager started
[2025-11-24 19:25:34] [INFO] [CONFIG] Buffer range: 5-100 docs
[2025-11-24 19:25:34] [INFO] [CONFIG] Interval range: 0.5-5.0s
[2025-11-24 19:25:34] [INFO] [INIT] Telegram Anomaly Notifier initialized
[2025-11-24 19:25:36] [INFO] ======================================================================
[2025-11-24 19:25:36] [INFO] [START] Server starting on 0.0.0.0:5000
[2025-11-24 19:25:36] [INFO] ======================================================================
[2025-11-24 19:25:36] [INFO] Serving on http://0.0.0.0:5000
[2025-11-24 19:25:44] [INFO] POST https://localhost:9200/.ml-anomalies-*/_search [status:200 duration:0.031s]
[2025-11-24 19:25:44] [INFO] POST https://localhost:9200/.ml-anomalies-*/_search [status:200 duration:0.060s]
[2025-11-24 19:25:44] [INFO] [ML] Summary generated: 285 anomalies in last 24h
[2025-11-24 19:25:44] [INFO] POST https://localhost:9200/.ml-anomalies-*/_search [status:200 duration:0.050s]
[2025-11-24 19:25:44] [INFO] POST https://localhost:9200/depot_air_qc_data/_search?_source_includes=tds_ppm,kekeruhan_ntu,suhu_celsius,%40timestamp,depot_id [status:200 duration:0.048s]
[2025-11-24 19:25:46] [INFO] POST https://localhost:9200/depot_air_qc_data/_search?_source_includes=tds_ppm,kekeruhan_ntu,suhu_celsius,%40timestamp [status:200 duration:0.077s]
[2025-11-24 19:25:46] [INFO] [QUERY] Historical: 50 documents
[2025-11-24 19:25:51] [INFO] POST https://localhost:9200/.ml-anomalies-*/_search [status:200 duration:0.059s]
[2025-11-24 19:25:51] [INFO] POST https://localhost:9200/.ml-anomalies-*/_search [status:200 duration:0.087s]
[2025-11-24 19:25:51] [INFO] [ML] Summary generated: 288 anomalies in last 24h
[2025-11-24 19:25:51] [INFO] POST https://localhost:9200/.ml-anomalies-*/_search [status:200 duration:0.065s]
[2025-11-24 19:25:51] [INFO] POST https://localhost:9200/depot_air_qc_data/_search?_source_includes=tds_ppm,kekeruhan_ntu,suhu_celsius,%40timestamp,depot_id [status:200 duration:0.083s]
[2025-11-24 19:25:53] [INFO] POST https://localhost:9200/.ml-anomalies-*/_search [status:200 duration:0.079s]
[2025-11-24 19:25:53] [INFO] [ML] Retrieved 100 anomalies (total: 288)
[2025-11-24 19:26:01] [INFO] POST https://localhost:9200/.ml-anomalies-*/_search [status:200 duration:0.073s]
[2025-11-24 19:26:01] [INFO] POST https://localhost:9200/.ml-anomalies-*/_search [status:200 duration:0.085s]
[2025-11-24 19:26:01] [INFO] [ML] Summary generated: 288 anomalies in last 24h
[2025-11-24 19:26:01] [INFO] POST https://localhost:9200/.ml-anomalies-*/_search [status:200 duration:0.062s]
[2025-11-24 19:26:01] [INFO] POST https://localhost:9200/depot_air_qc_data/_search?_source_includes=tds_ppm,kekeruhan_ntu,suhu_celsius,%40timestamp,depot_id [status:200 duration:0.066s]
[2025-11-24 19:26:08] [INFO] POST https://localhost:9200/.ml-anomalies-*/_search [status:200 duration:0.072s]
[2025-11-24 19:26:08] [INFO] [ML] Retrieved 100 anomalies (total: 158)
[2025-11-24 19:26:11] [INFO] POST https://localhost:9200/.ml-anomalies-*/_search [status:200 duration:0.052s]
[2025-11-24 19:26:11] [INFO] POST https://localhost:9200/.ml-anomalies-*/_search [status:200 duration:0.079s]
[2025-11-24 19:26:11] [INFO] [ML] Summary generated: 288 anomalies in last 24h
[2025-11-24 19:26:11] [INFO] POST https://localhost:9200/.ml-anomalies-*/_search [status:200 duration:0.055s]
[2025-11-24 19:26:11] [INFO] POST https://localhost:9200/depot_air_qc_data/_search?_source_includes=tds_ppm,kekeruhan_ntu,suhu_celsius,%40timestamp,depot_id [status:200 duration:0.115s]
[2025-11-24 19:26:11] [INFO] POST https://localhost:9200/.ml-anomalies-*/_search [status:200 duration:0.025s]
[2025-11-24 19:26:11] [INFO] [ML] Retrieved 1 anomalies (total: 1)
[2025-11-24 19:26:21] [INFO] POST https://localhost:9200/.ml-anomalies-*/_search [status:200 duration:0.062s]
[2025-11-24 19:26:21] [INFO] POST https://localhost:9200/.ml-anomalies-*/_search [status:200 duration:0.071s]
[2025-11-24 19:26:21] [INFO] [ML] Summary generated: 288 anomalies in last 24h
[2025-11-24 19:26:21] [INFO] POST https://localhost:9200/.ml-anomalies-*/_search [status:200 duration:0.050s]
[2025-11-24 19:26:21] [INFO] POST https://localhost:9200/depot_air_qc_data/_search?_source_includes=tds_ppm,kekeruhan_ntu,suhu_celsius,%40timestamp,depot_id [status:200 duration:0.054s]
[2025-11-24 19:26:27] [INFO] POST https://localhost:9200/.ml-anomalies-*/_search [status:200 duration:0.066s]
[2025-11-24 19:26:27] [INFO] [ML] Retrieved 0 anomalies (total: 0)
[2025-11-24 19:26:30] [INFO] POST https://localhost:9200/.ml-anomalies-*/_search [status:200 duration:0.049s]
[2025-11-24 19:26:30] [INFO] [ML] Retrieved 0 anomalies (total: 0)
[2025-11-24 19:26:31] [INFO] POST https://localhost:9200/.ml-anomalies-*/_search [status:200 duration:0.057s]
[2025-11-24 19:26:31] [INFO] POST https://localhost:9200/.ml-anomalies-*/_search [status:200 duration:0.079s]
[2025-11-24 19:26:31] [INFO] [ML] Summary generated: 288 anomalies in last 24h
[2025-11-24 19:26:31] [INFO] POST https://localhost:9200/.ml-anomalies-*/_search [status:200 duration:0.059s]
[2025-11-24 19:26:31] [INFO] POST https://localhost:9200/depot_air_qc_data/_search?_source_includes=tds_ppm,kekeruhan_ntu,suhu_celsius,%40timestamp,depot_id [status:200 duration:0.059s]
[2025-11-24 19:26:41] [INFO] POST https://localhost:9200/.ml-anomalies-*/_search [status:200 duration:0.049s]
[2025-11-24 19:26:41] [INFO] POST https://localhost:9200/.ml-anomalies-*/_search [status:200 duration:0.059s]
[2025-11-24 19:26:41] [INFO] [ML] Summary generated: 288 anomalies in last 24h
[2025-11-24 19:26:41] [INFO] POST https://localhost:9200/.ml-anomalies-*/_search [status:200 duration:0.048s]
[2025-11-24 19:26:41] [INFO] POST https://localhost:9200/depot_air_qc_data/_search?_source_includes=tds_ppm,kekeruhan_ntu,suhu_celsius,%40timestamp,depot_id [status:200 duration:0.053s]
[2025-11-24 19:26:43] [INFO] POST https://localhost:9200/.ml-anomalies-*/_search [status:200 duration:0.063s]
[2025-11-24 19:26:43] [INFO] [ML] Retrieved 2 anomalies (total: 2)
[2025-11-24 19:26:47] [INFO] POST https://localhost:9200/.ml-anomalies-*/_search [status:200 duration:0.056s]
[2025-11-24 19:26:47] [INFO] [ML] Retrieved 0 anomalies (total: 0)
[2025-11-24 19:26:50] [INFO] POST https://localhost:9200/.ml-anomalies-*/_search [status:200 duration:0.069s]
[2025-11-24 19:26:50] [INFO] [ML] Retrieved 2 anomalies (total: 2)
[2025-11-24 19:26:51] [INFO] POST https://localhost:9200/.ml-anomalies-*/_search [status:200 duration:0.053s]
[2025-11-24 19:26:51] [INFO] POST https://localhost:9200/.ml-anomalies-*/_search [status:200 duration:0.057s]
[2025-11-24 19:26:51] [INFO] [ML] Summary generated: 288 anomalies in last 24h
[2025-11-24 19:26:51] [INFO] POST https://localhost:9200/.ml-anomalies-*/_search [status:200 duration:0.064s]
[2025-11-24 19:26:51] [INFO] POST https://localhost:9200/depot_air_qc_data/_search?_source_includes=tds_ppm,kekeruhan_ntu,suhu_celsius,%40timestamp,depot_id [status:200 duration:0.099s]
[2025-11-24 19:27:02] [INFO] POST https://localhost:9200/.ml-anomalies-*/_search [status:200 duration:0.018s]
[2025-11-24 19:27:02] [INFO] POST https://localhost:9200/.ml-anomalies-*/_search [status:200 duration:0.071s]
[2025-11-24 19:27:02] [INFO] POST https://localhost:9200/.ml-anomalies-*/_search [status:200 duration:0.127s]
[2025-11-24 19:27:02] [INFO] [ML] Summary generated: 288 anomalies in last 24h
[2025-11-24 19:27:02] [INFO] POST https://localhost:9200/depot_air_qc_data/_search?_source_includes=tds_ppm,kekeruhan_ntu,suhu_celsius,%40timestamp,depot_id [status:200 duration:0.067s]
[2025-11-24 19:27:12] [INFO] POST https://localhost:9200/.ml-anomalies-*/_search [status:200 duration:0.029s]
[2025-11-24 19:27:12] [INFO] [ML] Summary generated: 288 anomalies in last 24h
[2025-11-24 19:27:12] [INFO] POST https://localhost:9200/.ml-anomalies-*/_search [status:200 duration:0.062s]
[2025-11-24 19:27:12] [INFO] POST https://localhost:9200/.ml-anomalies-*/_search [status:200 duration:0.047s]
[2025-11-24 19:27:12] [INFO] POST https://localhost:9200/depot_air_qc_data/_search?_source_includes=tds_ppm,kekeruhan_ntu,suhu_celsius,%40timestamp,depot_id [status:200 duration:0.049s]
[2025-11-24 19:27:22] [INFO] POST https://localhost:9200/.ml-anomalies-*/_search [status:200 duration:0.063s]
[2025-11-24 19:27:22] [INFO] POST https://localhost:9200/.ml-anomalies-*/_search [status:200 duration:0.085s]
[2025-11-24 19:27:22] [INFO] [ML] Summary generated: 288 anomalies in last 24h
[2025-11-24 19:27:22] [INFO] POST https://localhost:9200/.ml-anomalies-*/_search [status:200 duration:0.072s]
[2025-11-24 19:27:22] [INFO] POST https://localhost:9200/depot_air_qc_data/_search?_source_includes=tds_ppm,kekeruhan_ntu,suhu_celsius,%40timestamp,depot_id [status:200 duration:0.055s]
[2025-11-24 19:27:32] [INFO] POST https://localhost:9200/.ml-anomalies-*/_search [status:200 duration:0.073s]
[2025-11-24 19:27:32] [INFO] POST https://localhost:9200/.ml-anomalies-*/_search [status:200 duration:0.097s]
[2025-11-24 19:27:32] [INFO] [ML] Summary generated: 288 anomalies in last 24h
[2025-11-24 19:27:32] [INFO] POST https://localhost:9200/depot_air_qc_data/_search?_source_includes=tds_ppm,kekeruhan_ntu,suhu_celsius,%40timestamp,depot_id [status:200 duration:0.008s]
[2025-11-24 19:27:32] [INFO] POST https://localhost:9200/.ml-anomalies-*/_search [status:200 duration:0.049s]
[2025-11-24 19:27:42] [INFO] POST https://localhost:9200/.ml-anomalies-*/_search [status:200 duration:0.084s]
[2025-11-24 19:27:42] [INFO] POST https://localhost:9200/.ml-anomalies-*/_search [status:200 duration:0.091s]
[2025-11-24 19:27:42] [INFO] [ML] Summary generated: 288 anomalies in last 24h
[2025-11-24 19:27:42] [INFO] POST https://localhost:9200/depot_air_qc_data/_search?_source_includes=tds_ppm,kekeruhan_ntu,suhu_celsius,%40timestamp,depot_id [status:200 duration:0.008s]
[2025-11-24 19:27:42] [INFO] POST https://localhost:9200/.ml-anomalies-*/_search [status:200 duration:0.054s]
[2025-11-24 19:28:21] [INFO] POST https://localhost:9200/.ml-anomalies-*/_search [status:200 duration:0.058s]
[2025-11-24 19:28:21] [INFO] POST https://localhost:9200/.ml-anomalies-*/_search [status:200 duration:0.067s]
[2025-11-24 19:28:21] [INFO] [ML] Summary generated: 288 anomalies in last 24h
[2025-11-24 19:28:21] [INFO] POST https://localhost:9200/.ml-anomalies-*/_search [status:200 duration:0.056s]
[2025-11-24 19:28:21] [INFO] POST https://localhost:9200/depot_air_qc_data/_search?_source_includes=tds_ppm,kekeruhan_ntu,suhu_celsius,%40timestamp,depot_id [status:200 duration:0.051s]
[2025-11-24 19:29:21] [INFO] POST https://localhost:9200/.ml-anomalies-*/_search [status:200 duration:0.055s]
[2025-11-24 19:29:21] [INFO] POST https://localhost:9200/.ml-anomalies-*/_search [status:200 duration:0.066s]
[2025-11-24 19:29:21] [INFO] [ML] Summary generated: 288 anomalies in last 24h
[2025-11-24 19:29:21] [INFO] POST https://localhost:9200/.ml-anomalies-*/_search [status:200 duration:0.054s]
[2025-11-24 19:29:21] [INFO] POST https://localhost:9200/depot_air_qc_data/_search?_source_includes=tds_ppm,kekeruhan_ntu,suhu_celsius,%40timestamp,depot_id [status:200 duration:0.052s]
[2025-11-24 19:29:35] [INFO] POST https://localhost:9200/.ml-anomalies-*/_search [status:200 duration:0.055s]
[2025-11-24 19:29:35] [INFO] POST https://localhost:9200/.ml-anomalies-*/_search [status:200 duration:0.067s]
[2025-11-24 19:29:35] [INFO] [ML] Summary generated: 288 anomalies in last 24h
[2025-11-24 19:29:35] [INFO] POST https://localhost:9200/.ml-anomalies-*/_search [status:200 duration:0.056s]
[2025-11-24 19:29:35] [INFO] POST https://localhost:9200/depot_air_qc_data/_search?_source_includes=tds_ppm,kekeruhan_ntu,suhu_celsius,%40timestamp,depot_id [status:200 duration:0.048s]
[2025-11-24 19:29:42] [INFO] POST https://localhost:9200/.ml-anomalies-*/_search [status:200 duration:0.097s]
[2025-11-24 19:29:42] [INFO] POST https://localhost:9200/.ml-anomalies-*/_search [status:200 duration:0.015s]
[2025-11-24 19:29:42] [INFO] POST https://localhost:9200/.ml-anomalies-*/_search [status:200 duration:0.111s]
[2025-11-24 19:29:42] [INFO] [ML] Summary generated: 288 anomalies in last 24h
[2025-11-24 19:29:42] [INFO] POST https://localhost:9200/depot_air_qc_data/_search?_source_includes=tds_ppm,kekeruhan_ntu,suhu_celsius,%40timestamp,depot_id [status:200 duration:0.010s]
[2025-11-24 19:29:52] [INFO] POST https://localhost:9200/.ml-anomalies-*/_search [status:200 duration:0.083s]
[2025-11-24 19:29:52] [INFO] POST https://localhost:9200/.ml-anomalies-*/_search [status:200 duration:0.083s]
[2025-11-24 19:29:52] [INFO] [ML] Summary generated: 288 anomalies in last 24h
[2025-11-24 19:29:52] [INFO] POST https://localhost:9200/.ml-anomalies-*/_search [status:200 duration:0.051s]
[2025-11-24 19:29:52] [INFO] POST https://localhost:9200/depot_air_qc_data/_search?_source_includes=tds_ppm,kekeruhan_ntu,suhu_celsius,%40timestamp,depot_id [status:200 duration:0.055s]
[2025-11-24 19:30:02] [INFO] POST https://localhost:9200/.ml-anomalies-*/_search [status:200 duration:0.061s]
[2025-11-24 19:30:02] [INFO] [ML] Summary generated: 288 anomalies in last 24h
[2025-11-24 19:30:02] [INFO] POST https://localhost:9200/.ml-anomalies-*/_search [status:200 duration:0.059s]
[2025-11-24 19:30:02] [INFO] POST https://localhost:9200/.ml-anomalies-*/_search [status:200 duration:0.046s]
[2025-11-24 19:30:02] [INFO] POST https://localhost:9200/depot_air_qc_data/_search?_source_includes=tds_ppm,kekeruhan_ntu,suhu_celsius,%40timestamp,depot_id [status:200 duration:0.050s]
[2025-11-24 19:30:12] [INFO] POST https://localhost:9200/.ml-anomalies-*/_search [status:200 duration:0.061s]
[2025-11-24 19:30:12] [INFO] POST https://localhost:9200/.ml-anomalies-*/_search [status:200 duration:0.083s]
[2025-11-24 19:30:12] [INFO] [ML] Summary generated: 288 anomalies in last 24h
[2025-11-24 19:30:12] [INFO] POST https://localhost:9200/.ml-anomalies-*/_search [status:200 duration:0.061s]
[2025-11-24 19:30:12] [INFO] POST https://localhost:9200/depot_air_qc_data/_search?_source_includes=tds_ppm,kekeruhan_ntu,suhu_celsius,%40timestamp,depot_id [status:200 duration:0.067s]
[2025-11-24 19:30:22] [INFO] POST https://localhost:9200/.ml-anomalies-*/_search [status:200 duration:0.073s]
[2025-11-24 19:30:22] [INFO] POST https://localhost:9200/.ml-anomalies-*/_search [status:200 duration:0.092s]
[2025-11-24 19:30:22] [INFO] [ML] Summary generated: 288 anomalies in last 24h
[2025-11-24 19:30:22] [INFO] POST https://localhost:9200/.ml-anomalies-*/_search [status:200 duration:0.050s]
[2025-11-24 19:30:22] [INFO] POST https://localhost:9200/depot_air_qc_data/_search?_source_includes=tds_ppm,kekeruhan_ntu,suhu_celsius,%40timestamp,depot_id [status:200 duration:0.064s]
[2025-11-24 19:30:32] [INFO] POST https://localhost:9200/.ml-anomalies-*/_search [status:200 duration:0.048s]
[2025-11-24 19:30:32] [INFO] POST https://localhost:9200/.ml-anomalies-*/_search [status:200 duration:0.078s]
[2025-11-24 19:30:32] [INFO] [ML] Summary generated: 288 anomalies in last 24h
[2025-11-24 19:30:32] [INFO] POST https://localhost:9200/.ml-anomalies-*/_search [status:200 duration:0.052s]
[2025-11-24 19:30:32] [INFO] POST https://localhost:9200/depot_air_qc_data/_search?_source_includes=tds_ppm,kekeruhan_ntu,suhu_celsius,%40timestamp,depot_id [status:200 duration:0.049s]
[2025-11-24 19:31:21] [INFO] POST https://localhost:9200/.ml-anomalies-*/_search [status:200 duration:0.053s]
[2025-11-24 19:31:21] [INFO] POST https://localhost:9200/.ml-anomalies-*/_search [status:200 duration:0.076s]
[2025-11-24 19:31:21] [INFO] [ML] Summary generated: 288 anomalies in last 24h
[2025-11-24 19:31:21] [INFO] POST https://localhost:9200/.ml-anomalies-*/_search [status:200 duration:0.055s]
[2025-11-24 19:31:21] [INFO] POST https://localhost:9200/depot_air_qc_data/_search?_source_includes=tds_ppm,kekeruhan_ntu,suhu_celsius,%40timestamp,depot_id [status:200 duration:0.049s]
[2025-11-24 19:32:21] [INFO] POST https://localhost:9200/depot_air_qc_data/_search?_source_includes=tds_ppm,kekeruhan_ntu,suhu_celsius,%40timestamp,depot_id [status:200 duration:0.168s]
[2025-11-24 19:32:21] [INFO] POST https://localhost:9200/.ml-anomalies-*/_search [status:200 duration:0.269s]
[2025-11-24 19:32:21] [INFO] POST https://localhost:9200/.ml-anomalies-*/_search [status:200 duration:0.015s]
[2025-11-24 19:32:21] [INFO] POST https://localhost:9200/.ml-anomalies-*/_search [status:200 duration:0.297s]
[2025-11-24 19:32:21] [INFO] [ML] Summary generated: 288 anomalies in last 24h
[2025-11-24 19:33:04] [INFO] HEAD https://localhost:9200/ [status:200 duration:0.009s]
[2025-11-24 19:33:06] [WARNING] [ANOMALY] TDS: 1192.78 ppm (threshold: 500.0) - high
[2025-11-24 19:33:07] [INFO] PUT https://localhost:9200/_bulk [status:200 duration:0.061s]
[2025-11-24 19:33:07] [INFO] [BULK] Flushed 1 docs in 0.064s (total: 1, buffer: 5)
[2025-11-24 19:33:14] [INFO] PUT https://localhost:9200/_bulk [status:200 duration:0.069s]
[2025-11-24 19:33:14] [INFO] [BULK] Flushed 1 docs in 0.073s (total: 2, buffer: 5)
[2025-11-24 19:33:21] [INFO] [FORCE] Flushing 1 pending docs...
[2025-11-24 19:33:21] [INFO] POST https://localhost:9200/.ml-anomalies-*/_search [status:200 duration:0.030s]
[2025-11-24 19:33:21] [INFO] [ML] Summary generated: 288 anomalies in last 24h
[2025-11-24 19:33:21] [INFO] POST https://localhost:9200/.ml-anomalies-*/_search [status:200 duration:0.066s]
[2025-11-24 19:33:21] [INFO] PUT https://localhost:9200/_bulk [status:200 duration:0.068s]
[2025-11-24 19:33:21] [INFO] [BULK] Flushed 1 docs in 0.078s (total: 3, buffer: 7)
[2025-11-24 19:33:21] [INFO] POST https://localhost:9200/.ml-anomalies-*/_search [status:200 duration:0.060s]
[2025-11-24 19:33:21] [INFO] POST https://localhost:9200/depot_air_qc_data/_search?_source_includes=tds_ppm,kekeruhan_ntu,suhu_celsius,%40timestamp,depot_id [status:200 duration:0.115s]
[2025-11-24 19:33:28] [WARNING] [ANOMALY] TDS: 1378.26 ppm (threshold: 500.0) - high
[2025-11-24 19:33:28] [INFO] PUT https://localhost:9200/_bulk [status:200 duration:0.042s]
[2025-11-24 19:33:28] [INFO] [BULK] Flushed 1 docs in 0.045s (total: 4, buffer: 7)
[2025-11-24 19:33:35] [WARNING] [ANOMALY] TDS: 834.37 ppm (threshold: 500.0) - high
[2025-11-24 19:33:35] [INFO] PUT https://localhost:9200/_bulk [status:200 duration:0.070s]
[2025-11-24 19:33:35] [INFO] [BULK] Flushed 1 docs in 0.073s (total: 5, buffer: 7)
[2025-11-24 19:33:42] [INFO] PUT https://localhost:9200/_bulk [status:200 duration:0.068s]
[2025-11-24 19:33:42] [INFO] [BULK] Flushed 1 docs in 0.071s (total: 6, buffer: 7)
[2025-11-24 19:33:49] [INFO] PUT https://localhost:9200/_bulk [status:200 duration:0.072s]
[2025-11-24 19:33:49] [INFO] [BULK] Flushed 1 docs in 0.074s (total: 7, buffer: 7)
[2025-11-24 19:33:56] [INFO] PUT https://localhost:9200/_bulk [status:200 duration:0.074s]
[2025-11-24 19:33:56] [INFO] [BULK] Flushed 1 docs in 0.079s (total: 8, buffer: 7)
[2025-11-24 19:34:03] [WARNING] [ANOMALY] TDS: 869.5 ppm (threshold: 500.0) - high
[2025-11-24 19:34:04] [INFO] PUT https://localhost:9200/_bulk [status:200 duration:0.067s]
[2025-11-24 19:34:04] [INFO] [BULK] Flushed 1 docs in 0.069s (total: 9, buffer: 7)
[2025-11-24 19:34:10] [WARNING] [ANOMALY] Turbidity: 31.59 NTU (threshold: 5.0) - high
[2025-11-24 19:34:10] [INFO] PUT https://localhost:9200/_bulk [status:200 duration:0.113s]
[2025-11-24 19:34:10] [INFO] [BULK] Flushed 1 docs in 0.123s (total: 10, buffer: 7)
[2025-11-24 19:34:17] [INFO] PUT https://localhost:9200/_bulk [status:200 duration:0.028s]
[2025-11-24 19:34:17] [INFO] [BULK] Flushed 1 docs in 0.030s (total: 11, buffer: 7)
[2025-11-24 19:34:21] [INFO] POST https://localhost:9200/.ml-anomalies-*/_search [status:200 duration:0.053s]
[2025-11-24 19:34:21] [INFO] POST https://localhost:9200/.ml-anomalies-*/_search [status:200 duration:0.086s]
[2025-11-24 19:34:21] [INFO] [ML] Summary generated: 288 anomalies in last 24h
[2025-11-24 19:34:21] [INFO] POST https://localhost:9200/.ml-anomalies-*/_search [status:200 duration:0.058s]
[2025-11-24 19:34:21] [INFO] POST https://localhost:9200/depot_air_qc_data/_search?_source_includes=tds_ppm,kekeruhan_ntu,suhu_celsius,%40timestamp,depot_id [status:200 duration:0.117s]
[2025-11-24 19:34:24] [WARNING] [ANOMALY] TDS: 586.96 ppm (threshold: 500.0) - medium
[2025-11-24 19:34:25] [INFO] PUT https://localhost:9200/_bulk [status:200 duration:0.039s]
[2025-11-24 19:34:25] [INFO] [BULK] Flushed 1 docs in 0.045s (total: 12, buffer: 7)
[2025-11-24 19:34:31] [WARNING] [ANOMALY] TDS: 1230.7 ppm (threshold: 500.0) - high
[2025-11-24 19:34:32] [INFO] PUT https://localhost:9200/_bulk [status:200 duration:0.076s]
[2025-11-24 19:34:32] [INFO] [BULK] Flushed 1 docs in 0.079s (total: 13, buffer: 7)
[2025-11-24 19:34:36] [INFO] [TELEGRAM] Alert sent (total: 1)
[2025-11-24 19:34:39] [WARNING] [ANOMALY] TDS: 884.17 ppm (threshold: 500.0) - high
[2025-11-24 19:34:39] [INFO] PUT https://localhost:9200/_bulk [status:200 duration:0.081s]
[2025-11-24 19:34:39] [INFO] [BULK] Flushed 1 docs in 0.082s (total: 14, buffer: 7)
[2025-11-24 19:34:46] [WARNING] [ANOMALY] TDS: 651.33 ppm (threshold: 500.0) - medium
[2025-11-24 19:34:46] [WARNING] [ANOMALY] Turbidity: 14.31 NTU (threshold: 5.0) - high
[2025-11-24 19:34:46] [INFO] PUT https://localhost:9200/_bulk [status:200 duration:0.069s]
[2025-11-24 19:34:46] [INFO] [BULK] Flushed 1 docs in 0.070s (total: 15, buffer: 7)
[2025-11-24 19:34:53] [WARNING] [ANOMALY] TDS: 884.47 ppm (threshold: 500.0) - high
[2025-11-24 19:34:53] [INFO] PUT https://localhost:9200/_bulk [status:200 duration:0.083s]
[2025-11-24 19:34:53] [INFO] [BULK] Flushed 1 docs in 0.091s (total: 16, buffer: 7)
[2025-11-24 19:35:21] [INFO] POST https://localhost:9200/.ml-anomalies-*/_search [status:200 duration:0.060s]
[2025-11-24 19:35:21] [INFO] POST https://localhost:9200/.ml-anomalies-*/_search [status:200 duration:0.053s]
[2025-11-24 19:35:21] [INFO] POST https://localhost:9200/.ml-anomalies-*/_search [status:200 duration:0.122s]
[2025-11-24 19:35:21] [INFO] [ML] Summary generated: 288 anomalies in last 24h
[2025-11-24 19:35:21] [INFO] POST https://localhost:9200/depot_air_qc_data/_search?_source_includes=tds_ppm,kekeruhan_ntu,suhu_celsius,%40timestamp,depot_id [status:200 duration:0.117s]
[2025-11-24 19:35:36] [INFO] HEAD https://localhost:9200/ [status:200 duration:0.008s]
[2025-11-24 19:35:39] [INFO] PUT https://localhost:9200/_bulk [status:200 duration:0.081s]
[2025-11-24 19:35:39] [INFO] [BULK] Flushed 1 docs in 0.083s (total: 17, buffer: 7)
[2025-11-24 19:35:45] [INFO] PUT https://localhost:9200/_bulk [status:200 duration:0.076s]
[2025-11-24 19:35:45] [INFO] [BULK] Flushed 1 docs in 0.077s (total: 18, buffer: 6)
[2025-11-24 19:35:52] [WARNING] [ANOMALY] Turbidity: 31.97 NTU (threshold: 5.0) - high
[2025-11-24 19:35:53] [INFO] PUT https://localhost:9200/_bulk [status:200 duration:0.067s]
[2025-11-24 19:35:53] [INFO] [BULK] Flushed 1 docs in 0.069s (total: 19, buffer: 6)
[2025-11-24 19:35:59] [WARNING] [ANOMALY] TDS: 1191.31 ppm (threshold: 500.0) - high
[2025-11-24 19:36:00] [INFO] PUT https://localhost:9200/_bulk [status:200 duration:0.064s]
[2025-11-24 19:36:00] [INFO] [BULK] Flushed 1 docs in 0.067s (total: 20, buffer: 5)
[2025-11-24 19:36:07] [WARNING] [ANOMALY] TDS: 1456.51 ppm (threshold: 500.0) - high
[2025-11-24 19:36:07] [INFO] PUT https://localhost:9200/_bulk [status:200 duration:0.056s]
[2025-11-24 19:36:07] [INFO] [BULK] Flushed 1 docs in 0.059s (total: 21, buffer: 5)
[2025-11-24 19:36:14] [WARNING] [ANOMALY] Turbidity: 17.56 NTU (threshold: 5.0) - high
[2025-11-24 19:36:14] [INFO] PUT https://localhost:9200/_bulk [status:200 duration:0.058s]
[2025-11-24 19:36:14] [INFO] [BULK] Flushed 1 docs in 0.060s (total: 22, buffer: 5)
[2025-11-24 19:36:21] [WARNING] [ANOMALY] TDS: 893.12 ppm (threshold: 500.0) - high
[2025-11-24 19:36:21] [INFO] POST https://localhost:9200/.ml-anomalies-*/_search [status:200 duration:0.017s]
[2025-11-24 19:36:21] [INFO] POST https://localhost:9200/.ml-anomalies-*/_search [status:200 duration:0.059s]
[2025-11-24 19:36:21] [INFO] POST https://localhost:9200/.ml-anomalies-*/_search [status:200 duration:0.106s]
[2025-11-24 19:36:21] [INFO] [ML] Summary generated: 288 anomalies in last 24h
[2025-11-24 19:36:21] [INFO] POST https://localhost:9200/depot_air_qc_data/_search?_source_includes=tds_ppm,kekeruhan_ntu,suhu_celsius,%40timestamp,depot_id [status:200 duration:0.068s]
[2025-11-24 19:36:21] [INFO] PUT https://localhost:9200/_bulk [status:200 duration:0.021s]
[2025-11-24 19:36:21] [INFO] [BULK] Flushed 1 docs in 0.023s (total: 23, buffer: 5)
[2025-11-24 19:36:28] [WARNING] [ANOMALY] Turbidity: 32.57 NTU (threshold: 5.0) - high
[2025-11-24 19:36:28] [INFO] PUT https://localhost:9200/_bulk [status:200 duration:0.091s]
[2025-11-24 19:36:28] [INFO] [BULK] Flushed 1 docs in 0.093s (total: 24, buffer: 5)
[2025-11-24 19:36:35] [WARNING] [ANOMALY] Turbidity: 38.93 NTU (threshold: 5.0) - high
[2025-11-24 19:36:35] [INFO] PUT https://localhost:9200/_bulk [status:200 duration:0.057s]
[2025-11-24 19:36:35] [INFO] [BULK] Flushed 1 docs in 0.059s (total: 25, buffer: 5)
[2025-11-24 19:36:42] [WARNING] [ANOMALY] Turbidity: 8.77 NTU (threshold: 5.0) - medium
[2025-11-24 19:36:42] [INFO] PUT https://localhost:9200/_bulk [status:200 duration:0.190s]
[2025-11-24 19:36:42] [INFO] [BULK] Flushed 1 docs in 0.191s (total: 26, buffer: 5)
[2025-11-24 19:36:49] [INFO] PUT https://localhost:9200/_bulk [status:200 duration:0.019s]
[2025-11-24 19:36:49] [INFO] [BULK] Flushed 1 docs in 0.021s (total: 27, buffer: 5)
[2025-11-24 19:37:06] [INFO] POST https://localhost:9200/.ml-anomalies-*/_search [status:200 duration:0.053s]
[2025-11-24 19:37:06] [INFO] POST https://localhost:9200/.ml-anomalies-*/_search [status:200 duration:0.095s]
[2025-11-24 19:37:06] [INFO] [ML] Summary generated: 288 anomalies in last 24h
[2025-11-24 19:37:06] [INFO] POST https://localhost:9200/.ml-anomalies-*/_search [status:200 duration:0.054s]
[2025-11-24 19:37:06] [INFO] POST https://localhost:9200/depot_air_qc_data/_search?_source_includes=tds_ppm,kekeruhan_ntu,suhu_celsius,%40timestamp,depot_id [status:200 duration:0.050s]
[2025-11-24 19:37:08] [INFO] POST https://localhost:9200/.ml-anomalies-*/_search [status:200 duration:0.075s]
[2025-11-24 19:37:08] [INFO] [ML] Retrieved 2 anomalies (total: 2)
[2025-11-24 19:37:11] [INFO] POST https://localhost:9200/.ml-anomalies-*/_search [status:200 duration:0.062s]
[2025-11-24 19:37:11] [INFO] POST https://localhost:9200/.ml-anomalies-*/_search [status:200 duration:0.075s]
[2025-11-24 19:37:11] [INFO] [ML] Summary generated: 288 anomalies in last 24h
[2025-11-24 19:37:11] [INFO] POST https://localhost:9200/.ml-anomalies-*/_search [status:200 duration:0.055s]
[2025-11-24 19:37:11] [INFO] POST https://localhost:9200/depot_air_qc_data/_search?_source_includes=tds_ppm,kekeruhan_ntu,suhu_celsius,%40timestamp,depot_id [status:200 duration:0.010s]
[2025-11-24 19:37:12] [INFO] POST https://localhost:9200/.ml-anomalies-*/_search [status:200 duration:0.088s]
[2025-11-24 19:37:12] [INFO] [ML] Retrieved 100 anomalies (total: 288)
[2025-11-24 19:37:21] [INFO] POST https://localhost:9200/.ml-anomalies-*/_search [status:200 duration:0.060s]
[2025-11-24 19:37:21] [INFO] POST https://localhost:9200/.ml-anomalies-*/_search [status:200 duration:0.054s]
[2025-11-24 19:37:21] [INFO] POST https://localhost:9200/.ml-anomalies-*/_search [status:200 duration:0.114s]
[2025-11-24 19:37:21] [INFO] [ML] Summary generated: 288 anomalies in last 24h
[2025-11-24 19:37:21] [INFO] POST https://localhost:9200/depot_air_qc_data/_search?_source_includes=tds_ppm,kekeruhan_ntu,suhu_celsius,%40timestamp,depot_id [status:200 duration:0.047s]
[2025-11-24 19:37:22] [INFO] POST https://localhost:9200/.ml-anomalies-*/_search [status:200 duration:0.053s]
[2025-11-24 19:37:22] [INFO] [ML] Retrieved 3 anomalies (total: 3)
[2025-11-24 19:37:24] [INFO] POST https://localhost:9200/.ml-anomalies-*/_search [status:200 duration:0.051s]
[2025-11-24 19:37:24] [INFO] [ML] Retrieved 0 anomalies (total: 0)
[2025-11-24 19:37:25] [INFO] POST https://localhost:9200/.ml-anomalies-*/_search [status:200 duration:0.101s]
[2025-11-24 19:37:25] [INFO] [ML] Retrieved 3 anomalies (total: 3)
[2025-11-24 19:37:29] [INFO] POST https://localhost:9200/depot_air_qc_data/_search?_source_includes=tds_ppm,kekeruhan_ntu,suhu_celsius,%40timestamp [status:200 duration:0.039s]
[2025-11-24 19:37:29] [INFO] [QUERY] Historical: 50 documents
[2025-11-24 19:37:31] [INFO] POST https://localhost:9200/.ml-anomalies-*/_search [status:200 duration:0.049s]
[2025-11-24 19:37:31] [INFO] [ML] Summary generated: 288 anomalies in last 24h
[2025-11-24 19:37:31] [INFO] POST https://localhost:9200/.ml-anomalies-*/_search [status:200 duration:0.055s]
[2025-11-24 19:37:31] [INFO] POST https://localhost:9200/.ml-anomalies-*/_search [status:200 duration:0.054s]
[2025-11-24 19:37:31] [INFO] POST https://localhost:9200/depot_air_qc_data/_search?_source_includes=tds_ppm,kekeruhan_ntu,suhu_celsius,%40timestamp,depot_id [status:200 duration:0.014s]
[2025-11-24 19:37:41] [INFO] POST https://localhost:9200/.ml-anomalies-*/_search [status:200 duration:0.064s]
[2025-11-24 19:37:41] [INFO] POST https://localhost:9200/.ml-anomalies-*/_search [status:200 duration:0.084s]
[2025-11-24 19:37:41] [INFO] [ML] Summary generated: 288 anomalies in last 24h
[2025-11-24 19:37:41] [INFO] POST https://localhost:9200/.ml-anomalies-*/_search [status:200 duration:0.050s]
[2025-11-24 19:37:41] [INFO] POST https://localhost:9200/depot_air_qc_data/_search?_source_includes=tds_ppm,kekeruhan_ntu,suhu_celsius,%40timestamp,depot_id [status:200 duration:0.051s]
[2025-11-24 19:37:51] [INFO] POST https://localhost:9200/.ml-anomalies-*/_search [status:200 duration:0.076s]
[2025-11-24 19:37:51] [INFO] POST https://localhost:9200/.ml-anomalies-*/_search [status:200 duration:0.097s]
[2025-11-24 19:37:51] [INFO] [ML] Summary generated: 289 anomalies in last 24h
[2025-11-24 19:37:51] [INFO] POST https://localhost:9200/.ml-anomalies-*/_search [status:200 duration:0.052s]
[2025-11-24 19:37:51] [INFO] POST https://localhost:9200/depot_air_qc_data/_search?_source_includes=tds_ppm,kekeruhan_ntu,suhu_celsius,%40timestamp,depot_id [status:200 duration:0.051s]
[2025-11-24 19:38:01] [INFO] POST https://localhost:9200/.ml-anomalies-*/_search [status:200 duration:0.084s]
[2025-11-24 19:38:01] [INFO] POST https://localhost:9200/.ml-anomalies-*/_search [status:200 duration:0.105s]
[2025-11-24 19:38:01] [INFO] [ML] Summary generated: 289 anomalies in last 24h
[2025-11-24 19:38:01] [INFO] POST https://localhost:9200/depot_air_qc_data/_search?_source_includes=tds_ppm,kekeruhan_ntu,suhu_celsius,%40timestamp,depot_id [status:200 duration:0.013s]
[2025-11-24 19:38:01] [INFO] POST https://localhost:9200/.ml-anomalies-*/_search [status:200 duration:0.052s]
[2025-11-24 19:38:12] [INFO] POST https://localhost:9200/.ml-anomalies-*/_search [status:200 duration:0.071s]
[2025-11-24 19:38:12] [INFO] POST https://localhost:9200/.ml-anomalies-*/_search [status:200 duration:0.063s]
[2025-11-24 19:38:12] [INFO] POST https://localhost:9200/depot_air_qc_data/_search?_source_includes=tds_ppm,kekeruhan_ntu,suhu_celsius,%40timestamp,depot_id [status:200 duration:0.080s]
[2025-11-24 19:38:12] [INFO] POST https://localhost:9200/.ml-anomalies-*/_search [status:200 duration:0.207s]
[2025-11-24 19:38:12] [INFO] [ML] Summary generated: 289 anomalies in last 24h
[2025-11-24 19:38:22] [INFO] POST https://localhost:9200/.ml-anomalies-*/_search [status:200 duration:0.012s]
[2025-11-24 19:38:22] [INFO] POST https://localhost:9200/.ml-anomalies-*/_search [status:200 duration:0.055s]
[2025-11-24 19:38:22] [INFO] POST https://localhost:9200/.ml-anomalies-*/_search [status:200 duration:0.073s]
[2025-11-24 19:38:22] [INFO] [ML] Summary generated: 289 anomalies in last 24h
[2025-11-24 19:38:22] [INFO] POST https://localhost:9200/depot_air_qc_data/_search?_source_includes=tds_ppm,kekeruhan_ntu,suhu_celsius,%40timestamp,depot_id [status:200 duration:0.053s]
[2025-11-24 19:38:32] [INFO] POST https://localhost:9200/.ml-anomalies-*/_search [status:200 duration:0.068s]
[2025-11-24 19:38:32] [INFO] POST https://localhost:9200/.ml-anomalies-*/_search [status:200 duration:0.129s]
[2025-11-24 19:38:32] [INFO] [ML] Summary generated: 289 anomalies in last 24h
[2025-11-24 19:38:32] [INFO] POST https://localhost:9200/.ml-anomalies-*/_search [status:200 duration:0.062s]
[2025-11-24 19:38:32] [INFO] POST https://localhost:9200/depot_air_qc_data/_search?_source_includes=tds_ppm,kekeruhan_ntu,suhu_celsius,%40timestamp,depot_id [status:200 duration:0.065s]
[2025-11-24 19:38:42] [INFO] POST https://localhost:9200/.ml-anomalies-*/_search [status:200 duration:0.085s]
[2025-11-24 19:38:42] [INFO] POST https://localhost:9200/depot_air_qc_data/_search?_source_includes=tds_ppm,kekeruhan_ntu,suhu_celsius,%40timestamp,depot_id [status:200 duration:0.023s]
[2025-11-24 19:38:42] [INFO] POST https://localhost:9200/.ml-anomalies-*/_search [status:200 duration:0.137s]
[2025-11-24 19:38:42] [INFO] [ML] Summary generated: 289 anomalies in last 24h
[2025-11-24 19:38:42] [INFO] POST https://localhost:9200/.ml-anomalies-*/_search [status:200 duration:0.068s]
[2025-11-24 19:38:52] [INFO] POST https://localhost:9200/.ml-anomalies-*/_search [status:200 duration:0.039s]
[2025-11-24 19:38:52] [INFO] [ML] Summary generated: 289 anomalies in last 24h
[2025-11-24 19:38:52] [INFO] POST https://localhost:9200/.ml-anomalies-*/_search [status:200 duration:0.055s]
[2025-11-24 19:38:52] [INFO] POST https://localhost:9200/.ml-anomalies-*/_search [status:200 duration:0.051s]
[2025-11-24 19:38:52] [INFO] POST https://localhost:9200/depot_air_qc_data/_search?_source_includes=tds_ppm,kekeruhan_ntu,suhu_celsius,%40timestamp,depot_id [status:200 duration:0.060s]
[2025-11-24 19:39:02] [INFO] POST https://localhost:9200/.ml-anomalies-*/_search [status:200 duration:0.058s]
[2025-11-24 19:39:02] [INFO] POST https://localhost:9200/.ml-anomalies-*/_search [status:200 duration:0.079s]
[2025-11-24 19:39:02] [INFO] [ML] Summary generated: 289 anomalies in last 24h
[2025-11-24 19:39:02] [INFO] POST https://localhost:9200/.ml-anomalies-*/_search [status:200 duration:0.050s]
[2025-11-24 19:39:02] [INFO] POST https://localhost:9200/depot_air_qc_data/_search?_source_includes=tds_ppm,kekeruhan_ntu,suhu_celsius,%40timestamp,depot_id [status:200 duration:0.052s]
[2025-11-24 19:39:14] [INFO] POST https://localhost:9200/.ml-anomalies-*/_search [status:200 duration:0.054s]
[2025-11-24 19:39:14] [INFO] POST https://localhost:9200/.ml-anomalies-*/_search [status:200 duration:0.085s]
[2025-11-24 19:39:14] [INFO] [ML] Summary generated: 289 anomalies in last 24h
[2025-11-24 19:39:14] [INFO] POST https://localhost:9200/.ml-anomalies-*/_search [status:200 duration:0.054s]
[2025-11-24 19:39:14] [INFO] POST https://localhost:9200/depot_air_qc_data/_search?_source_includes=tds_ppm,kekeruhan_ntu,suhu_celsius,%40timestamp,depot_id [status:200 duration:0.051s]
[2025-11-24 19:39:21] [INFO] POST https://localhost:9200/.ml-anomalies-*/_search [status:200 duration:0.025s]
[2025-11-24 19:39:21] [INFO] POST https://localhost:9200/.ml-anomalies-*/_search [status:200 duration:0.054s]
[2025-11-24 19:39:21] [INFO] POST https://localhost:9200/.ml-anomalies-*/_search [status:200 duration:0.093s]
[2025-11-24 19:39:21] [INFO] [ML] Summary generated: 289 anomalies in last 24h
[2025-11-24 19:39:21] [INFO] POST https://localhost:9200/depot_air_qc_data/_search?_source_includes=tds_ppm,kekeruhan_ntu,suhu_celsius,%40timestamp,depot_id [status:200 duration:0.012s]
[2025-11-24 19:39:31] [INFO] POST https://localhost:9200/.ml-anomalies-*/_search [status:200 duration:0.054s]
[2025-11-24 19:39:31] [INFO] POST https://localhost:9200/.ml-anomalies-*/_search [status:200 duration:0.077s]
[2025-11-24 19:39:31] [INFO] [ML] Summary generated: 289 anomalies in last 24h
[2025-11-24 19:39:31] [INFO] POST https://localhost:9200/.ml-anomalies-*/_search [status:200 duration:0.051s]
[2025-11-24 19:39:31] [INFO] POST https://localhost:9200/depot_air_qc_data/_search?_source_includes=tds_ppm,kekeruhan_ntu,suhu_celsius,%40timestamp,depot_id [status:200 duration:0.056s]
[2025-11-24 19:39:37] [INFO] POST https://localhost:9200/.ml-anomalies-*/_search [status:200 duration:0.056s]
[2025-11-24 19:39:37] [INFO] [ML] Retrieved 4 anomalies (total: 4)
[2025-11-24 19:39:40] [INFO] POST https://localhost:9200/.ml-anomalies-*/_search [status:200 duration:0.070s]
[2025-11-24 19:39:40] [INFO] [ML] Retrieved 0 anomalies (total: 0)
[2025-11-24 19:39:41] [INFO] POST https://localhost:9200/.ml-anomalies-*/_search [status:200 duration:0.055s]
[2025-11-24 19:39:41] [INFO] POST https://localhost:9200/.ml-anomalies-*/_search [status:200 duration:0.082s]
[2025-11-24 19:39:41] [INFO] [ML] Summary generated: 289 anomalies in last 24h
[2025-11-24 19:39:41] [INFO] POST https://localhost:9200/.ml-anomalies-*/_search [status:200 duration:0.062s]
[2025-11-24 19:39:41] [INFO] POST https://localhost:9200/depot_air_qc_data/_search?_source_includes=tds_ppm,kekeruhan_ntu,suhu_celsius,%40timestamp,depot_id [status:200 duration:0.057s]
[2025-11-24 19:39:43] [INFO] POST https://localhost:9200/.ml-anomalies-*/_search [status:200 duration:0.076s]
[2025-11-24 19:39:43] [INFO] [ML] Retrieved 4 anomalies (total: 4)
[2025-11-24 19:39:44] [INFO] POST https://localhost:9200/.ml-anomalies-*/_search [status:200 duration:0.075s]
[2025-11-24 19:39:44] [INFO] [ML] Retrieved 4 anomalies (total: 4)
[2025-11-24 19:39:44] [INFO] POST https://localhost:9200/.ml-anomalies-*/_search [status:200 duration:0.067s]
[2025-11-24 19:39:44] [INFO] [ML] Retrieved 4 anomalies (total: 4)
[2025-11-24 19:39:45] [INFO] POST https://localhost:9200/.ml-anomalies-*/_search [status:200 duration:0.071s]
[2025-11-24 19:39:45] [INFO] [ML] Retrieved 4 anomalies (total: 4)
[2025-11-24 19:39:45] [INFO] POST https://localhost:9200/.ml-anomalies-*/_search [status:200 duration:0.062s]
[2025-11-24 19:39:45] [INFO] [ML] Retrieved 4 anomalies (total: 4)
[2025-11-24 19:39:46] [INFO] POST https://localhost:9200/.ml-anomalies-*/_search [status:200 duration:0.082s]
[2025-11-24 19:39:46] [INFO] [ML] Summary generated: 289 anomalies in last 24h
[2025-11-24 19:39:51] [INFO] POST https://localhost:9200/.ml-anomalies-*/_search [status:200 duration:0.050s]
[2025-11-24 19:39:51] [INFO] POST https://localhost:9200/.ml-anomalies-*/_search [status:200 duration:0.078s]
[2025-11-24 19:39:51] [INFO] [ML] Summary generated: 289 anomalies in last 24h
[2025-11-24 19:39:51] [INFO] POST https://localhost:9200/.ml-anomalies-*/_search [status:200 duration:0.050s]
[2025-11-24 19:39:51] [INFO] POST https://localhost:9200/depot_air_qc_data/_search?_source_includes=tds_ppm,kekeruhan_ntu,suhu_celsius,%40timestamp,depot_id [status:200 duration:0.055s]
[2025-11-24 19:40:02] [INFO] POST https://localhost:9200/.ml-anomalies-*/_search [status:200 duration:0.068s]
[2025-11-24 19:40:02] [INFO] POST https://localhost:9200/.ml-anomalies-*/_search [status:200 duration:0.108s]
[2025-11-24 19:40:02] [INFO] [ML] Summary generated: 289 anomalies in last 24h
[2025-11-24 19:40:02] [INFO] POST https://localhost:9200/.ml-anomalies-*/_search [status:200 duration:0.056s]
[2025-11-24 19:40:02] [INFO] POST https://localhost:9200/depot_air_qc_data/_search?_source_includes=tds_ppm,kekeruhan_ntu,suhu_celsius,%40timestamp,depot_id [status:200 duration:0.019s]
[2025-11-24 19:40:12] [INFO] POST https://localhost:9200/.ml-anomalies-*/_search [status:200 duration:0.077s]
[2025-11-24 19:40:12] [INFO] POST https://localhost:9200/.ml-anomalies-*/_search [status:200 duration:0.054s]
[2025-11-24 19:40:12] [INFO] POST https://localhost:9200/.ml-anomalies-*/_search [status:200 duration:0.138s]
[2025-11-24 19:40:12] [INFO] [ML] Summary generated: 289 anomalies in last 24h
[2025-11-24 19:40:12] [INFO] POST https://localhost:9200/depot_air_qc_data/_search?_source_includes=tds_ppm,kekeruhan_ntu,suhu_celsius,%40timestamp,depot_id [status:200 duration:0.054s]
[2025-11-24 19:40:22] [INFO] POST https://localhost:9200/.ml-anomalies-*/_search [status:200 duration:0.066s]
[2025-11-24 19:40:22] [INFO] POST https://localhost:9200/.ml-anomalies-*/_search [status:200 duration:0.075s]
[2025-11-24 19:40:22] [INFO] [ML] Summary generated: 289 anomalies in last 24h
[2025-11-24 19:40:22] [INFO] POST https://localhost:9200/.ml-anomalies-*/_search [status:200 duration:0.052s]
[2025-11-24 19:40:22] [INFO] POST https://localhost:9200/depot_air_qc_data/_search?_source_includes=tds_ppm,kekeruhan_ntu,suhu_celsius,%40timestamp,depot_id [status:200 duration:0.063s]
[2025-11-24 19:40:32] [INFO] POST https://localhost:9200/.ml-anomalies-*/_search [status:200 duration:0.034s]
[2025-11-24 19:40:32] [INFO] [ML] Summary generated: 289 anomalies in last 24h
[2025-11-24 19:40:32] [INFO] POST https://localhost:9200/.ml-anomalies-*/_search [status:200 duration:0.050s]
[2025-11-24 19:40:32] [INFO] POST https://localhost:9200/.ml-anomalies-*/_search [status:200 duration:0.047s]
[2025-11-24 19:40:32] [INFO] POST https://localhost:9200/depot_air_qc_data/_search?_source_includes=tds_ppm,kekeruhan_ntu,suhu_celsius,%40timestamp,depot_id [status:200 duration:0.055s]
[2025-11-24 19:40:42] [INFO] POST https://localhost:9200/.ml-anomalies-*/_search [status:200 duration:0.066s]
[2025-11-24 19:40:42] [INFO] POST https://localhost:9200/.ml-anomalies-*/_search [status:200 duration:0.083s]
[2025-11-24 19:40:42] [INFO] [ML] Summary generated: 289 anomalies in last 24h
[2025-11-24 19:40:42] [INFO] POST https://localhost:9200/.ml-anomalies-*/_search [status:200 duration:0.060s]
[2025-11-24 19:40:42] [INFO] POST https://localhost:9200/depot_air_qc_data/_search?_source_includes=tds_ppm,kekeruhan_ntu,suhu_celsius,%40timestamp,depot_id [status:200 duration:0.056s]
[2025-11-24 19:40:42] [INFO] POST https://localhost:9200/.ml-anomalies-*/_search [status:200 duration:0.062s]
[2025-11-24 19:40:42] [INFO] POST https://localhost:9200/.ml-anomalies-*/_search [status:200 duration:0.085s]
[2025-11-24 19:40:42] [INFO] [ML] Summary generated: 289 anomalies in last 24h
[2025-11-24 19:40:42] [INFO] POST https://localhost:9200/.ml-anomalies-*/_search [status:200 duration:0.062s]
[2025-11-24 19:40:42] [INFO] POST https://localhost:9200/depot_air_qc_data/_search?_source_includes=tds_ppm,kekeruhan_ntu,suhu_celsius,%40timestamp,depot_id [status:200 duration:0.058s]
[2025-11-24 19:40:48] [INFO] POST https://localhost:9200/depot_air_qc_data/_search?_source_includes=tds_ppm,kekeruhan_ntu,suhu_celsius,%40timestamp [status:200 duration:0.069s]
[2025-11-24 19:40:48] [INFO] [QUERY] Historical: 50 documents
[2025-11-24 19:40:50] [INFO] POST https://localhost:9200/.ml-anomalies-*/_search [status:200 duration:0.063s]
[2025-11-24 19:40:50] [INFO] [ML] Retrieved 100 anomalies (total: 289)
[2025-11-24 19:40:52] [INFO] POST https://localhost:9200/.ml-anomalies-*/_search [status:200 duration:0.058s]
[2025-11-24 19:40:52] [INFO] POST https://localhost:9200/.ml-anomalies-*/_search [status:200 duration:0.071s]
[2025-11-24 19:40:52] [INFO] [ML] Summary generated: 289 anomalies in last 24h
[2025-11-24 19:40:52] [INFO] POST https://localhost:9200/.ml-anomalies-*/_search [status:200 duration:0.048s]
[2025-11-24 19:40:52] [INFO] POST https://localhost:9200/depot_air_qc_data/_search?_source_includes=tds_ppm,kekeruhan_ntu,suhu_celsius,%40timestamp,depot_id [status:200 duration:0.046s]
[2025-11-24 19:40:54] [INFO] POST https://localhost:9200/depot_air_qc_data/_search?_source_includes=tds_ppm,kekeruhan_ntu,suhu_celsius,%40timestamp,depot_id [status:200 duration:0.056s]
[2025-11-24 19:40:54] [INFO] POST https://localhost:9200/.ml-anomalies-*/_search [status:200 duration:0.069s]
[2025-11-24 19:40:54] [INFO] POST https://localhost:9200/.ml-anomalies-*/_search [status:200 duration:0.093s]
[2025-11-24 19:40:54] [INFO] [ML] Summary generated: 289 anomalies in last 24h
[2025-11-24 19:40:54] [INFO] POST https://localhost:9200/.ml-anomalies-*/_search [status:200 duration:0.071s]
[2025-11-24 19:40:58] [INFO] POST https://localhost:9200/.ml-anomalies-*/_search [status:200 duration:0.059s]
[2025-11-24 19:40:58] [INFO] [ML] Summary generated: 289 anomalies in last 24h
[2025-11-24 19:41:02] [INFO] POST https://localhost:9200/.ml-anomalies-*/_search [status:200 duration:0.037s]
[2025-11-24 19:41:02] [INFO] [ML] Summary generated: 289 anomalies in last 24h
[2025-11-24 19:41:02] [INFO] POST https://localhost:9200/.ml-anomalies-*/_search [status:200 duration:0.078s]
[2025-11-24 19:41:02] [INFO] POST https://localhost:9200/.ml-anomalies-*/_search [status:200 duration:0.057s]
[2025-11-24 19:41:02] [INFO] POST https://localhost:9200/depot_air_qc_data/_search?_source_includes=tds_ppm,kekeruhan_ntu,suhu_celsius,%40timestamp,depot_id [status:200 duration:0.051s]
[2025-11-24 19:41:12] [INFO] POST https://localhost:9200/.ml-anomalies-*/_search [status:200 duration:0.056s]
[2025-11-24 19:41:12] [INFO] POST https://localhost:9200/.ml-anomalies-*/_search [status:200 duration:0.072s]
[2025-11-24 19:41:12] [INFO] [ML] Summary generated: 289 anomalies in last 24h
[2025-11-24 19:41:12] [INFO] POST https://localhost:9200/.ml-anomalies-*/_search [status:200 duration:0.058s]
[2025-11-24 19:41:12] [INFO] POST https://localhost:9200/depot_air_qc_data/_search?_source_includes=tds_ppm,kekeruhan_ntu,suhu_celsius,%40timestamp,depot_id [status:200 duration:0.055s]
[2025-11-24 19:41:15] [INFO] POST https://localhost:9200/depot_air_qc_data/_search?_source_includes=tds_ppm,kekeruhan_ntu,suhu_celsius,%40timestamp [status:200 duration:0.070s]
[2025-11-24 19:41:15] [INFO] [QUERY] Historical: 50 documents
[2025-11-24 19:41:16] [INFO] POST https://localhost:9200/.ml-anomalies-*/_search [status:200 duration:0.062s]
[2025-11-24 19:41:16] [INFO] [ML] Retrieved 100 anomalies (total: 289)
[2025-11-24 19:41:21] [INFO] POST https://localhost:9200/.ml-anomalies-*/_search [status:200 duration:0.067s]
[2025-11-24 19:41:21] [INFO] POST https://localhost:9200/.ml-anomalies-*/_search [status:200 duration:0.095s]
[2025-11-24 19:41:21] [INFO] [ML] Summary generated: 289 anomalies in last 24h
[2025-11-24 19:41:21] [INFO] POST https://localhost:9200/.ml-anomalies-*/_search [status:200 duration:0.053s]
[2025-11-24 19:41:21] [INFO] POST https://localhost:9200/depot_air_qc_data/_search?_source_includes=tds_ppm,kekeruhan_ntu,suhu_celsius,%40timestamp,depot_id [status:200 duration:0.049s]
[2025-11-24 19:41:22] [INFO] POST https://localhost:9200/.ml-anomalies-*/_search [status:200 duration:0.031s]
[2025-11-24 19:41:22] [INFO] [ML] Summary generated: 289 anomalies in last 24h
[2025-11-24 19:41:22] [INFO] POST https://localhost:9200/.ml-anomalies-*/_search [status:200 duration:0.062s]
[2025-11-24 19:41:22] [INFO] POST https://localhost:9200/.ml-anomalies-*/_search [status:200 duration:0.058s]
[2025-11-24 19:41:22] [INFO] POST https://localhost:9200/depot_air_qc_data/_search?_source_includes=tds_ppm,kekeruhan_ntu,suhu_celsius,%40timestamp,depot_id [status:200 duration:0.056s]
[2025-11-24 19:41:27] [INFO] POST https://localhost:9200/.ml-anomalies-*/_search [status:200 duration:0.054s]
[2025-11-24 19:41:27] [INFO] [ML] Retrieved 4 anomalies (total: 4)
[2025-11-24 19:41:31] [INFO] POST https://localhost:9200/.ml-anomalies-*/_search [status:200 duration:0.057s]
[2025-11-24 19:41:31] [INFO] [ML] Summary generated: 289 anomalies in last 24h
[2025-11-24 19:41:32] [INFO] POST https://localhost:9200/.ml-anomalies-*/_search [status:200 duration:0.054s]
[2025-11-24 19:41:32] [INFO] POST https://localhost:9200/.ml-anomalies-*/_search [status:200 duration:0.047s]
[2025-11-24 19:41:32] [INFO] POST https://localhost:9200/depot_air_qc_data/_search?_source_includes=tds_ppm,kekeruhan_ntu,suhu_celsius,%40timestamp,depot_id [status:200 duration:0.047s]
[2025-11-24 19:41:32] [INFO] POST https://localhost:9200/.ml-anomalies-*/_search [status:200 duration:0.056s]
[2025-11-24 19:41:32] [INFO] [ML] Summary generated: 289 anomalies in last 24h
[2025-11-24 19:41:41] [INFO] POST https://localhost:9200/depot_air_qc_data/_search?_source_includes=tds_ppm,kekeruhan_ntu,suhu_celsius,%40timestamp [status:200 duration:0.060s]
[2025-11-24 19:41:41] [INFO] [QUERY] Historical: 50 documents
[2025-11-24 19:41:42] [INFO] POST https://localhost:9200/.ml-anomalies-*/_search [status:200 duration:0.053s]
[2025-11-24 19:41:42] [INFO] POST https://localhost:9200/.ml-anomalies-*/_search [status:200 duration:0.061s]
[2025-11-24 19:41:42] [INFO] [ML] Summary generated: 289 anomalies in last 24h
[2025-11-24 19:41:42] [INFO] POST https://localhost:9200/.ml-anomalies-*/_search [status:200 duration:0.049s]
[2025-11-24 19:41:42] [INFO] POST https://localhost:9200/depot_air_qc_data/_search?_source_includes=tds_ppm,kekeruhan_ntu,suhu_celsius,%40timestamp,depot_id [status:200 duration:0.050s]
[2025-11-24 19:41:43] [INFO] POST https://localhost:9200/.ml-anomalies-*/_search [status:200 duration:0.047s]
[2025-11-24 19:41:43] [INFO] [ML] Retrieved 4 anomalies (total: 4)
[2025-11-24 19:41:51] [INFO] POST https://localhost:9200/.ml-anomalies-*/_search [status:200 duration:0.051s]
[2025-11-24 19:41:51] [INFO] [ML] Retrieved 4 anomalies (total: 4)
[2025-11-24 19:41:52] [INFO] POST https://localhost:9200/.ml-anomalies-*/_search [status:200 duration:0.054s]
[2025-11-24 19:41:52] [INFO] POST https://localhost:9200/.ml-anomalies-*/_search [status:200 duration:0.068s]
[2025-11-24 19:41:52] [INFO] [ML] Summary generated: 289 anomalies in last 24h
[2025-11-24 19:41:52] [INFO] POST https://localhost:9200/.ml-anomalies-*/_search [status:200 duration:0.056s]
[2025-11-24 19:41:52] [INFO] POST https://localhost:9200/depot_air_qc_data/_search?_source_includes=tds_ppm,kekeruhan_ntu,suhu_celsius,%40timestamp,depot_id [status:200 duration:0.060s]
[2025-11-24 19:41:55] [INFO] POST https://localhost:9200/.ml-anomalies-*/_search [status:200 duration:0.053s]
[2025-11-24 19:41:55] [INFO] [ML] Retrieved 0 anomalies (total: 0)
[2025-11-24 19:41:58] [INFO] POST https://localhost:9200/.ml-anomalies-*/_search [status:200 duration:0.055s]
[2025-11-24 19:41:58] [INFO] [ML] Retrieved 4 anomalies (total: 4)
[2025-11-24 19:42:00] [INFO] POST https://localhost:9200/.ml-anomalies-*/_search [status:200 duration:0.058s]
[2025-11-24 19:42:00] [INFO] [ML] Retrieved 4 anomalies (total: 4)
[2025-11-24 19:42:02] [INFO] POST https://localhost:9200/.ml-anomalies-*/_search [status:200 duration:0.046s]
[2025-11-24 19:42:02] [INFO] POST https://localhost:9200/.ml-anomalies-*/_search [status:200 duration:0.056s]
[2025-11-24 19:42:02] [INFO] [ML] Summary generated: 289 anomalies in last 24h
[2025-11-24 19:42:02] [INFO] POST https://localhost:9200/.ml-anomalies-*/_search [status:200 duration:0.048s]
[2025-11-24 19:42:02] [INFO] POST https://localhost:9200/depot_air_qc_data/_search?_source_includes=tds_ppm,kekeruhan_ntu,suhu_celsius,%40timestamp,depot_id [status:200 duration:0.051s]
[2025-11-24 19:42:12] [INFO] POST https://localhost:9200/.ml-anomalies-*/_search [status:200 duration:0.051s]
[2025-11-24 19:42:12] [INFO] POST https://localhost:9200/.ml-anomalies-*/_search [status:200 duration:0.059s]
[2025-11-24 19:42:12] [INFO] [ML] Summary generated: 289 anomalies in last 24h
[2025-11-24 19:42:12] [INFO] POST https://localhost:9200/.ml-anomalies-*/_search [status:200 duration:0.049s]
[2025-11-24 19:42:12] [INFO] POST https://localhost:9200/depot_air_qc_data/_search?_source_includes=tds_ppm,kekeruhan_ntu,suhu_celsius,%40timestamp,depot_id [status:200 duration:0.049s]
[2025-11-24 19:42:21] [INFO] POST https://localhost:9200/.ml-anomalies-*/_search [status:200 duration:0.072s]
[2025-11-24 19:42:21] [INFO] POST https://localhost:9200/.ml-anomalies-*/_search [status:200 duration:0.083s]
[2025-11-24 19:42:21] [INFO] [ML] Summary generated: 289 anomalies in last 24h
[2025-11-24 19:42:21] [INFO] POST https://localhost:9200/.ml-anomalies-*/_search [status:200 duration:0.068s]
[2025-11-24 19:42:21] [INFO] POST https://localhost:9200/depot_air_qc_data/_search?_source_includes=tds_ppm,kekeruhan_ntu,suhu_celsius,%40timestamp,depot_id [status:200 duration:0.059s]
[2025-11-24 19:43:21] [INFO] POST https://localhost:9200/.ml-anomalies-*/_search [status:200 duration:0.053s]
[2025-11-24 19:43:21] [INFO] POST https://localhost:9200/.ml-anomalies-*/_search [status:200 duration:0.066s]
[2025-11-24 19:43:21] [INFO] [ML] Summary generated: 289 anomalies in last 24h
[2025-11-24 19:43:21] [INFO] POST https://localhost:9200/.ml-anomalies-*/_search [status:200 duration:0.054s]
[2025-11-24 19:43:21] [INFO] POST https://localhost:9200/depot_air_qc_data/_search?_source_includes=tds_ppm,kekeruhan_ntu,suhu_celsius,%40timestamp,depot_id [status:200 duration:0.050s]
[2025-11-24 19:44:21] [INFO] POST https://localhost:9200/.ml-anomalies-*/_search [status:200 duration:0.051s]
[2025-11-24 19:44:21] [INFO] POST https://localhost:9200/.ml-anomalies-*/_search [status:200 duration:0.078s]
[2025-11-24 19:44:21] [INFO] [ML] Summary generated: 291 anomalies in last 24h
[2025-11-24 19:44:21] [INFO] POST https://localhost:9200/.ml-anomalies-*/_search [status:200 duration:0.051s]
[2025-11-24 19:44:21] [INFO] POST https://localhost:9200/depot_air_qc_data/_search?_source_includes=tds_ppm,kekeruhan_ntu,suhu_celsius,%40timestamp,depot_id [status:200 duration:0.064s]
[2025-11-24 19:45:21] [INFO] POST https://localhost:9200/.ml-anomalies-*/_search [status:200 duration:0.051s]
[2025-11-24 19:45:21] [INFO] POST https://localhost:9200/.ml-anomalies-*/_search [status:200 duration:0.077s]
[2025-11-24 19:45:21] [INFO] [ML] Summary generated: 292 anomalies in last 24h
[2025-11-24 19:45:21] [INFO] POST https://localhost:9200/.ml-anomalies-*/_search [status:200 duration:0.055s]
[2025-11-24 19:45:21] [INFO] POST https://localhost:9200/depot_air_qc_data/_search?_source_includes=tds_ppm,kekeruhan_ntu,suhu_celsius,%40timestamp,depot_id [status:200 duration:0.057s]
[2025-11-24 19:45:23] [INFO] POST https://localhost:9200/.ml-anomalies-*/_search [status:200 duration:0.050s]
[2025-11-24 19:45:23] [INFO] POST https://localhost:9200/.ml-anomalies-*/_search [status:200 duration:0.066s]
[2025-11-24 19:45:23] [INFO] [ML] Summary generated: 292 anomalies in last 24h
[2025-11-24 19:45:23] [INFO] POST https://localhost:9200/.ml-anomalies-*/_search [status:200 duration:0.056s]
[2025-11-24 19:45:23] [INFO] POST https://localhost:9200/depot_air_qc_data/_search?_source_includes=tds_ppm,kekeruhan_ntu,suhu_celsius,%40timestamp,depot_id [status:200 duration:0.047s]
[2025-11-24 19:45:33] [INFO] POST https://localhost:9200/.ml-anomalies-*/_search [status:200 duration:0.052s]
[2025-11-24 19:45:33] [INFO] POST https://localhost:9200/.ml-anomalies-*/_search [status:200 duration:0.054s]
[2025-11-24 19:45:33] [INFO] [ML] Summary generated: 292 anomalies in last 24h
[2025-11-24 19:45:33] [INFO] POST https://localhost:9200/.ml-anomalies-*/_search [status:200 duration:0.046s]
[2025-11-24 19:45:33] [INFO] POST https://localhost:9200/depot_air_qc_data/_search?_source_includes=tds_ppm,kekeruhan_ntu,suhu_celsius,%40timestamp,depot_id [status:200 duration:0.047s]
[2025-11-24 19:45:43] [INFO] POST https://localhost:9200/.ml-anomalies-*/_search [status:200 duration:0.047s]
[2025-11-24 19:45:43] [INFO] POST https://localhost:9200/.ml-anomalies-*/_search [status:200 duration:0.057s]
[2025-11-24 19:45:43] [INFO] [ML] Summary generated: 292 anomalies in last 24h
[2025-11-24 19:45:43] [INFO] POST https://localhost:9200/.ml-anomalies-*/_search [status:200 duration:0.052s]
[2025-11-24 19:45:43] [INFO] POST https://localhost:9200/depot_air_qc_data/_search?_source_includes=tds_ppm,kekeruhan_ntu,suhu_celsius,%40timestamp,depot_id [status:200 duration:0.051s]
[2025-11-24 19:45:44] [INFO] POST https://localhost:9200/depot_air_qc_data/_search?_source_includes=tds_ppm,kekeruhan_ntu,suhu_celsius,%40timestamp [status:200 duration:0.051s]
[2025-11-24 19:45:44] [INFO] [QUERY] Historical: 50 documents
[2025-11-24 19:45:51] [INFO] HEAD https://localhost:9200/ [status:200 duration:0.003s]
[2025-11-24 19:45:53] [INFO] POST https://localhost:9200/.ml-anomalies-*/_search [status:200 duration:0.048s]
[2025-11-24 19:45:53] [INFO] POST https://localhost:9200/.ml-anomalies-*/_search [status:200 duration:0.059s]
[2025-11-24 19:45:53] [INFO] [ML] Summary generated: 292 anomalies in last 24h
[2025-11-24 19:45:53] [INFO] POST https://localhost:9200/.ml-anomalies-*/_search [status:200 duration:0.049s]
[2025-11-24 19:45:53] [WARNING] [ANOMALY] TDS: 909.51 ppm (threshold: 500.0) - high
[2025-11-24 19:45:53] [WARNING] [ANOMALY] Turbidity: 22.19 NTU (threshold: 5.0) - high
[2025-11-24 19:45:53] [INFO] POST https://localhost:9200/depot_air_qc_data/_search?_source_includes=tds_ppm,kekeruhan_ntu,suhu_celsius,%40timestamp,depot_id [status:200 duration:0.047s]
[2025-11-24 19:45:53] [INFO] PUT https://localhost:9200/_bulk [status:200 duration:0.109s]
[2025-11-24 19:45:53] [INFO] [BULK] Flushed 1 docs in 0.111s (total: 28, buffer: 5)
[2025-11-24 19:45:54] [INFO] POST https://localhost:9200/.ml-anomalies-*/_search [status:200 duration:0.012s]
[2025-11-24 19:45:54] [INFO] [ML] Retrieved 100 anomalies (total: 292)
[2025-11-24 19:46:00] [WARNING] [ANOMALY] TDS: 971.21 ppm (threshold: 500.0) - high
[2025-11-24 19:46:00] [INFO] PUT https://localhost:9200/_bulk [status:200 duration:0.070s]
[2025-11-24 19:46:00] [INFO] [BULK] Flushed 1 docs in 0.072s (total: 29, buffer: 5)
[2025-11-24 19:46:03] [INFO] POST https://localhost:9200/.ml-anomalies-*/_search [status:200 duration:0.050s]
[2025-11-24 19:46:03] [INFO] POST https://localhost:9200/.ml-anomalies-*/_search [status:200 duration:0.059s]
[2025-11-24 19:46:03] [INFO] [ML] Summary generated: 292 anomalies in last 24h
[2025-11-24 19:46:03] [INFO] POST https://localhost:9200/.ml-anomalies-*/_search [status:200 duration:0.053s]
[2025-11-24 19:46:03] [INFO] POST https://localhost:9200/depot_air_qc_data/_search?_source_includes=tds_ppm,kekeruhan_ntu,suhu_celsius,%40timestamp,depot_id [status:200 duration:0.051s]
[2025-11-24 19:46:05] [INFO] POST https://localhost:9200/.ml-anomalies-*/_search [status:200 duration:0.078s]
[2025-11-24 19:46:05] [INFO] [ML] Summary generated: 292 anomalies in last 24h
[2025-11-24 19:46:07] [INFO] PUT https://localhost:9200/_bulk [status:200 duration:0.055s]
[2025-11-24 19:46:07] [INFO] [BULK] Flushed 1 docs in 0.055s (total: 30, buffer: 5)
[2025-11-24 19:46:13] [INFO] POST https://localhost:9200/.ml-anomalies-*/_search [status:200 duration:0.055s]
[2025-11-24 19:46:13] [INFO] POST https://localhost:9200/.ml-anomalies-*/_search [status:200 duration:0.070s]
[2025-11-24 19:46:13] [INFO] [ML] Summary generated: 292 anomalies in last 24h
[2025-11-24 19:46:13] [INFO] POST https://localhost:9200/.ml-anomalies-*/_search [status:200 duration:0.047s]
[2025-11-24 19:46:13] [INFO] POST https://localhost:9200/depot_air_qc_data/_search?_source_includes=tds_ppm,kekeruhan_ntu,suhu_celsius,%40timestamp,depot_id [status:200 duration:0.051s]
[2025-11-24 19:46:14] [WARNING] [ANOMALY] Turbidity: 7.19 NTU (threshold: 5.0) - medium
[2025-11-24 19:46:15] [INFO] PUT https://localhost:9200/_bulk [status:200 duration:0.058s]
[2025-11-24 19:46:15] [INFO] [BULK] Flushed 1 docs in 0.058s (total: 31, buffer: 5)
[2025-11-24 19:46:21] [INFO] POST https://localhost:9200/.ml-anomalies-*/_search [status:200 duration:0.053s]
[2025-11-24 19:46:21] [INFO] POST https://localhost:9200/.ml-anomalies-*/_search [status:200 duration:0.063s]
[2025-11-24 19:46:21] [INFO] [ML] Summary generated: 292 anomalies in last 24h
[2025-11-24 19:46:21] [INFO] POST https://localhost:9200/.ml-anomalies-*/_search [status:200 duration:0.048s]
[2025-11-24 19:46:21] [INFO] POST https://localhost:9200/depot_air_qc_data/_search?_source_includes=tds_ppm,kekeruhan_ntu,suhu_celsius,%40timestamp,depot_id [status:200 duration:0.048s]
[2025-11-24 19:46:21] [WARNING] [ANOMALY] Turbidity: 30.96 NTU (threshold: 5.0) - high
[2025-11-24 19:46:22] [INFO] PUT https://localhost:9200/_bulk [status:200 duration:0.070s]
[2025-11-24 19:46:22] [INFO] [BULK] Flushed 1 docs in 0.076s (total: 32, buffer: 5)
[2025-11-24 19:46:23] [INFO] POST https://localhost:9200/.ml-anomalies-*/_search [status:200 duration:0.049s]
[2025-11-24 19:46:23] [INFO] POST https://localhost:9200/.ml-anomalies-*/_search [status:200 duration:0.058s]
[2025-11-24 19:46:23] [INFO] [ML] Summary generated: 292 anomalies in last 24h
[2025-11-24 19:46:23] [INFO] POST https://localhost:9200/.ml-anomalies-*/_search [status:200 duration:0.049s]
[2025-11-24 19:46:23] [INFO] POST https://localhost:9200/depot_air_qc_data/_search?_source_includes=tds_ppm,kekeruhan_ntu,suhu_celsius,%40timestamp,depot_id [status:200 duration:0.047s]
[2025-11-24 19:46:23] [INFO] POST https://localhost:9200/depot_air_qc_data/_search?_source_includes=tds_ppm,kekeruhan_ntu,suhu_celsius,%40timestamp [status:200 duration:0.064s]
[2025-11-24 19:46:23] [INFO] [QUERY] Historical: 50 documents
[2025-11-24 19:46:28] [WARNING] [ANOMALY] Turbidity: 45.86 NTU (threshold: 5.0) - high
[2025-11-24 19:46:28] [INFO] PUT https://localhost:9200/_bulk [status:200 duration:0.073s]
[2025-11-24 19:46:28] [INFO] [BULK] Flushed 1 docs in 0.080s (total: 33, buffer: 5)
[2025-11-24 19:46:32] [INFO] POST https://localhost:9200/.ml-anomalies-*/_search [status:200 duration:0.060s]
[2025-11-24 19:46:32] [INFO] [ML] Retrieved 100 anomalies (total: 292)
[2025-11-24 19:46:33] [INFO] POST https://localhost:9200/.ml-anomalies-*/_search [status:200 duration:0.049s]
[2025-11-24 19:46:33] [INFO] POST https://localhost:9200/.ml-anomalies-*/_search [status:200 duration:0.058s]
[2025-11-24 19:46:33] [INFO] [ML] Summary generated: 292 anomalies in last 24h
[2025-11-24 19:46:33] [INFO] POST https://localhost:9200/.ml-anomalies-*/_search [status:200 duration:0.047s]
[2025-11-24 19:46:33] [INFO] POST https://localhost:9200/depot_air_qc_data/_search?_source_includes=tds_ppm,kekeruhan_ntu,suhu_celsius,%40timestamp,depot_id [status:200 duration:0.052s]
[2025-11-24 19:46:35] [INFO] POST https://localhost:9200/.ml-anomalies-*/_search [status:200 duration:0.075s]
[2025-11-24 19:46:35] [INFO] [ML] Summary generated: 292 anomalies in last 24h
[2025-11-24 19:46:35] [WARNING] [ANOMALY] TDS: 547.37 ppm (threshold: 500.0) - medium
[2025-11-24 19:46:35] [WARNING] [ANOMALY] Turbidity: 12.31 NTU (threshold: 5.0) - high
[2025-11-24 19:46:36] [INFO] PUT https://localhost:9200/_bulk [status:200 duration:0.055s]
[2025-11-24 19:46:36] [INFO] [BULK] Flushed 1 docs in 0.059s (total: 34, buffer: 5)
[2025-11-24 19:46:42] [WARNING] [ANOMALY] TDS: 1172.3 ppm (threshold: 500.0) - high
[2025-11-24 19:46:42] [WARNING] [ANOMALY] Turbidity: 15.13 NTU (threshold: 5.0) - high
[2025-11-24 19:46:43] [INFO] [FORCE] Flushing 1 pending docs...
[2025-11-24 19:46:43] [INFO] POST https://localhost:9200/.ml-anomalies-*/_search [status:200 duration:0.058s]
[2025-11-24 19:46:43] [INFO] [ML] Summary generated: 292 anomalies in last 24h
[2025-11-24 19:46:43] [INFO] POST https://localhost:9200/.ml-anomalies-*/_search [status:200 duration:0.062s]
[2025-11-24 19:46:43] [INFO] PUT https://localhost:9200/_bulk [status:200 duration:0.063s]
[2025-11-24 19:46:43] [INFO] [BULK] Flushed 1 docs in 0.064s (total: 35, buffer: 5)
[2025-11-24 19:46:43] [INFO] POST https://localhost:9200/.ml-anomalies-*/_search [status:200 duration:0.056s]
[2025-11-24 19:46:43] [INFO] POST https://localhost:9200/depot_air_qc_data/_search?_source_includes=tds_ppm,kekeruhan_ntu,suhu_celsius,%40timestamp,depot_id [status:200 duration:0.052s]
[2025-11-24 19:46:50] [WARNING] [ANOMALY] TDS: 613.19 ppm (threshold: 500.0) - medium
[2025-11-24 19:46:50] [INFO] PUT https://localhost:9200/_bulk [status:200 duration:0.083s]
[2025-11-24 19:46:50] [INFO] [BULK] Flushed 1 docs in 0.087s (total: 36, buffer: 5)
[2025-11-24 19:46:53] [INFO] POST https://localhost:9200/.ml-anomalies-*/_search [status:200 duration:0.050s]
[2025-11-24 19:46:53] [INFO] POST https://localhost:9200/.ml-anomalies-*/_search [status:200 duration:0.058s]
[2025-11-24 19:46:53] [INFO] [ML] Summary generated: 292 anomalies in last 24h
[2025-11-24 19:46:53] [INFO] POST https://localhost:9200/.ml-anomalies-*/_search [status:200 duration:0.049s]
[2025-11-24 19:46:53] [INFO] POST https://localhost:9200/depot_air_qc_data/_search?_source_includes=tds_ppm,kekeruhan_ntu,suhu_celsius,%40timestamp,depot_id [status:200 duration:0.050s]
[2025-11-24 19:46:57] [WARNING] [ANOMALY] TDS: 1360.85 ppm (threshold: 500.0) - high
[2025-11-24 19:46:57] [INFO] PUT https://localhost:9200/_bulk [status:200 duration:0.062s]
[2025-11-24 19:46:57] [INFO] [BULK] Flushed 1 docs in 0.063s (total: 37, buffer: 5)
[2025-11-24 19:47:03] [INFO] POST https://localhost:9200/.ml-anomalies-*/_search [status:200 duration:0.050s]
[2025-11-24 19:47:03] [INFO] POST https://localhost:9200/.ml-anomalies-*/_search [status:200 duration:0.060s]
[2025-11-24 19:47:03] [INFO] [ML] Summary generated: 292 anomalies in last 24h
[2025-11-24 19:47:03] [INFO] POST https://localhost:9200/.ml-anomalies-*/_search [status:200 duration:0.046s]
[2025-11-24 19:47:03] [INFO] POST https://localhost:9200/depot_air_qc_data/_search?_source_includes=tds_ppm,kekeruhan_ntu,suhu_celsius,%40timestamp,depot_id [status:200 duration:0.049s]
[2025-11-24 19:47:04] [WARNING] [ANOMALY] Turbidity: 5.59 NTU (threshold: 5.0) - medium
[2025-11-24 19:47:04] [INFO] PUT https://localhost:9200/_bulk [status:200 duration:0.060s]
[2025-11-24 19:47:04] [INFO] [BULK] Flushed 1 docs in 0.061s (total: 38, buffer: 5)
[2025-11-24 19:47:06] [INFO] POST https://localhost:9200/depot_air_qc_data/_search?_source_includes=tds_ppm,kekeruhan_ntu,suhu_celsius,%40timestamp [status:200 duration:0.051s]
[2025-11-24 19:47:06] [INFO] [QUERY] Historical: 50 documents
[2025-11-24 19:47:11] [WARNING] [ANOMALY] Turbidity: 35.9 NTU (threshold: 5.0) - high
[2025-11-24 19:47:11] [INFO] PUT https://localhost:9200/_bulk [status:200 duration:0.095s]
[2025-11-24 19:47:11] [INFO] [BULK] Flushed 1 docs in 0.099s (total: 39, buffer: 5)
[2025-11-24 19:47:13] [INFO] POST https://localhost:9200/.ml-anomalies-*/_search [status:200 duration:0.008s]
[2025-11-24 19:47:13] [INFO] POST https://localhost:9200/.ml-anomalies-*/_search [status:200 duration:0.049s]
[2025-11-24 19:47:13] [INFO] POST https://localhost:9200/.ml-anomalies-*/_search [status:200 duration:0.054s]
[2025-11-24 19:47:13] [INFO] [ML] Summary generated: 292 anomalies in last 24h
[2025-11-24 19:47:13] [INFO] POST https://localhost:9200/depot_air_qc_data/_search?_source_includes=tds_ppm,kekeruhan_ntu,suhu_celsius,%40timestamp,depot_id [status:200 duration:0.049s]
[2025-11-24 19:47:18] [WARNING] [ANOMALY] Turbidity: 17.32 NTU (threshold: 5.0) - high
[2025-11-24 19:47:18] [INFO] PUT https://localhost:9200/_bulk [status:200 duration:0.064s]
[2025-11-24 19:47:18] [INFO] [BULK] Flushed 1 docs in 0.066s (total: 40, buffer: 5)
[2025-11-24 19:47:21] [INFO] POST https://localhost:9200/.ml-anomalies-*/_search [status:200 duration:0.061s]
[2025-11-24 19:47:21] [INFO] POST https://localhost:9200/.ml-anomalies-*/_search [status:200 duration:0.081s]
[2025-11-24 19:47:21] [INFO] [ML] Summary generated: 292 anomalies in last 24h
[2025-11-24 19:47:21] [INFO] POST https://localhost:9200/.ml-anomalies-*/_search [status:200 duration:0.047s]
[2025-11-24 19:47:21] [INFO] POST https://localhost:9200/depot_air_qc_data/_search?_source_includes=tds_ppm,kekeruhan_ntu,suhu_celsius,%40timestamp,depot_id [status:200 duration:0.055s]
[2025-11-24 19:47:23] [INFO] POST https://localhost:9200/.ml-anomalies-*/_search [status:200 duration:0.054s]
[2025-11-24 19:47:23] [INFO] POST https://localhost:9200/.ml-anomalies-*/_search [status:200 duration:0.059s]
[2025-11-24 19:47:23] [INFO] [ML] Summary generated: 292 anomalies in last 24h
[2025-11-24 19:47:23] [INFO] POST https://localhost:9200/.ml-anomalies-*/_search [status:200 duration:0.047s]
[2025-11-24 19:47:23] [INFO] POST https://localhost:9200/depot_air_qc_data/_search?_source_includes=tds_ppm,kekeruhan_ntu,suhu_celsius,%40timestamp,depot_id [status:200 duration:0.052s]
[2025-11-24 19:47:25] [INFO] PUT https://localhost:9200/_bulk [status:200 duration:0.073s]
[2025-11-24 19:47:25] [INFO] [BULK] Flushed 1 docs in 0.074s (total: 41, buffer: 5)
[2025-11-24 19:47:32] [INFO] PUT https://localhost:9200/_bulk [status:200 duration:0.080s]
[2025-11-24 19:47:32] [INFO] [BULK] Flushed 1 docs in 0.082s (total: 42, buffer: 5)
[2025-11-24 19:47:33] [INFO] POST https://localhost:9200/.ml-anomalies-*/_search [status:200 duration:0.053s]
[2025-11-24 19:47:33] [INFO] POST https://localhost:9200/.ml-anomalies-*/_search [status:200 duration:0.057s]
[2025-11-24 19:47:33] [INFO] [ML] Summary generated: 292 anomalies in last 24h
[2025-11-24 19:47:33] [INFO] POST https://localhost:9200/.ml-anomalies-*/_search [status:200 duration:0.051s]
[2025-11-24 19:47:33] [INFO] POST https://localhost:9200/depot_air_qc_data/_search?_source_includes=tds_ppm,kekeruhan_ntu,suhu_celsius,%40timestamp,depot_id [status:200 duration:0.054s]
[2025-11-24 19:47:39] [WARNING] [ANOMALY] TDS: 1208.22 ppm (threshold: 500.0) - high
[2025-11-24 19:47:39] [INFO] PUT https://localhost:9200/_bulk [status:200 duration:0.073s]
[2025-11-24 19:47:39] [INFO] [BULK] Flushed 1 docs in 0.078s (total: 43, buffer: 5)
[2025-11-24 19:47:43] [INFO] POST https://localhost:9200/.ml-anomalies-*/_search [status:200 duration:0.048s]
[2025-11-24 19:47:43] [INFO] POST https://localhost:9200/.ml-anomalies-*/_search [status:200 duration:0.058s]
[2025-11-24 19:47:43] [INFO] [ML] Summary generated: 292 anomalies in last 24h
[2025-11-24 19:47:43] [INFO] POST https://localhost:9200/.ml-anomalies-*/_search [status:200 duration:0.055s]
[2025-11-24 19:47:43] [INFO] POST https://localhost:9200/depot_air_qc_data/_search?_source_includes=tds_ppm,kekeruhan_ntu,suhu_celsius,%40timestamp,depot_id [status:200 duration:0.048s]
[2025-11-24 19:47:46] [WARNING] [ANOMALY] TDS: 1158.82 ppm (threshold: 500.0) - high
[2025-11-24 19:47:46] [WARNING] [ANOMALY] Turbidity: 29.42 NTU (threshold: 5.0) - high
[2025-11-24 19:47:46] [INFO] PUT https://localhost:9200/_bulk [status:200 duration:0.059s]
[2025-11-24 19:47:46] [INFO] [BULK] Flushed 1 docs in 0.063s (total: 44, buffer: 5)
[2025-11-24 19:47:53] [INFO] POST https://localhost:9200/.ml-anomalies-*/_search [status:200 duration:0.054s]
[2025-11-24 19:47:53] [INFO] POST https://localhost:9200/.ml-anomalies-*/_search [status:200 duration:0.071s]
[2025-11-24 19:47:53] [INFO] [ML] Summary generated: 292 anomalies in last 24h
[2025-11-24 19:47:53] [INFO] POST https://localhost:9200/.ml-anomalies-*/_search [status:200 duration:0.055s]
[2025-11-24 19:47:53] [INFO] POST https://localhost:9200/depot_air_qc_data/_search?_source_includes=tds_ppm,kekeruhan_ntu,suhu_celsius,%40timestamp,depot_id [status:200 duration:0.051s]
[2025-11-24 19:47:54] [INFO] PUT https://localhost:9200/_bulk [status:200 duration:0.088s]
[2025-11-24 19:47:54] [INFO] [BULK] Flushed 1 docs in 0.094s (total: 45, buffer: 5)
[2025-11-24 19:48:00] [WARNING] [ANOMALY] TDS: 1254.35 ppm (threshold: 500.0) - high
[2025-11-24 19:48:01] [INFO] PUT https://localhost:9200/_bulk [status:200 duration:0.058s]
[2025-11-24 19:48:01] [INFO] [BULK] Flushed 1 docs in 0.061s (total: 46, buffer: 5)
[2025-11-24 19:48:03] [INFO] POST https://localhost:9200/.ml-anomalies-*/_search [status:200 duration:0.053s]
[2025-11-24 19:48:03] [INFO] POST https://localhost:9200/.ml-anomalies-*/_search [status:200 duration:0.061s]
[2025-11-24 19:48:03] [INFO] [ML] Summary generated: 292 anomalies in last 24h
[2025-11-24 19:48:03] [INFO] POST https://localhost:9200/.ml-anomalies-*/_search [status:200 duration:0.052s]
[2025-11-24 19:48:03] [INFO] POST https://localhost:9200/depot_air_qc_data/_search?_source_includes=tds_ppm,kekeruhan_ntu,suhu_celsius,%40timestamp,depot_id [status:200 duration:0.049s]
[2025-11-24 19:48:08] [INFO] PUT https://localhost:9200/_bulk [status:200 duration:0.062s]
[2025-11-24 19:48:08] [INFO] [BULK] Flushed 1 docs in 0.065s (total: 47, buffer: 5)
[2025-11-24 19:48:13] [INFO] POST https://localhost:9200/.ml-anomalies-*/_search [status:200 duration:0.053s]
[2025-11-24 19:48:13] [INFO] POST https://localhost:9200/.ml-anomalies-*/_search [status:200 duration:0.059s]
[2025-11-24 19:48:13] [INFO] [ML] Summary generated: 292 anomalies in last 24h
[2025-11-24 19:48:13] [INFO] POST https://localhost:9200/.ml-anomalies-*/_search [status:200 duration:0.052s]
[2025-11-24 19:48:13] [INFO] POST https://localhost:9200/depot_air_qc_data/_search?_source_includes=tds_ppm,kekeruhan_ntu,suhu_celsius,%40timestamp,depot_id [status:200 duration:0.049s]
[2025-11-24 19:48:21] [INFO] POST https://localhost:9200/.ml-anomalies-*/_search [status:200 duration:0.047s]
[2025-11-24 19:48:21] [INFO] POST https://localhost:9200/.ml-anomalies-*/_search [status:200 duration:0.062s]
[2025-11-24 19:48:21] [INFO] [ML] Summary generated: 292 anomalies in last 24h
[2025-11-24 19:48:21] [INFO] POST https://localhost:9200/.ml-anomalies-*/_search [status:200 duration:0.046s]
[2025-11-24 19:48:21] [INFO] POST https://localhost:9200/depot_air_qc_data/_search?_source_includes=tds_ppm,kekeruhan_ntu,suhu_celsius,%40timestamp,depot_id [status:200 duration:0.049s]
[2025-11-24 19:48:23] [INFO] POST https://localhost:9200/.ml-anomalies-*/_search [status:200 duration:0.061s]
[2025-11-24 19:48:23] [INFO] POST https://localhost:9200/.ml-anomalies-*/_search [status:200 duration:0.088s]
[2025-11-24 19:48:23] [INFO] [ML] Summary generated: 292 anomalies in last 24h
[2025-11-24 19:48:23] [INFO] POST https://localhost:9200/.ml-anomalies-*/_search [status:200 duration:0.051s]
[2025-11-24 19:48:23] [INFO] POST https://localhost:9200/depot_air_qc_data/_search?_source_includes=tds_ppm,kekeruhan_ntu,suhu_celsius,%40timestamp,depot_id [status:200 duration:0.054s]
[2025-11-24 19:48:33] [INFO] POST https://localhost:9200/.ml-anomalies-*/_search [status:200 duration:0.050s]
[2025-11-24 19:48:33] [INFO] POST https://localhost:9200/.ml-anomalies-*/_search [status:200 duration:0.055s]
[2025-11-24 19:48:33] [INFO] [ML] Summary generated: 292 anomalies in last 24h
[2025-11-24 19:48:33] [INFO] POST https://localhost:9200/.ml-anomalies-*/_search [status:200 duration:0.048s]
[2025-11-24 19:48:33] [INFO] POST https://localhost:9200/depot_air_qc_data/_search?_source_includes=tds_ppm,kekeruhan_ntu,suhu_celsius,%40timestamp,depot_id [status:200 duration:0.050s]
[2025-11-24 19:48:43] [INFO] POST https://localhost:9200/.ml-anomalies-*/_search [status:200 duration:0.055s]
[2025-11-24 19:48:43] [INFO] POST https://localhost:9200/.ml-anomalies-*/_search [status:200 duration:0.081s]
[2025-11-24 19:48:43] [INFO] [ML] Summary generated: 292 anomalies in last 24h
[2025-11-24 19:48:43] [INFO] POST https://localhost:9200/.ml-anomalies-*/_search [status:200 duration:0.062s]
[2025-11-24 19:48:44] [INFO] POST https://localhost:9200/depot_air_qc_data/_search?_source_includes=tds_ppm,kekeruhan_ntu,suhu_celsius,%40timestamp,depot_id [status:200 duration:0.056s]
[2025-11-24 19:48:53] [INFO] POST https://localhost:9200/.ml-anomalies-*/_search [status:200 duration:0.057s]
[2025-11-24 19:48:53] [INFO] POST https://localhost:9200/.ml-anomalies-*/_search [status:200 duration:0.071s]
[2025-11-24 19:48:53] [INFO] [ML] Summary generated: 292 anomalies in last 24h
[2025-11-24 19:48:53] [INFO] POST https://localhost:9200/.ml-anomalies-*/_search [status:200 duration:0.053s]
[2025-11-24 19:48:53] [INFO] POST https://localhost:9200/depot_air_qc_data/_search?_source_includes=tds_ppm,kekeruhan_ntu,suhu_celsius,%40timestamp,depot_id [status:200 duration:0.054s]
[2025-11-24 19:49:03] [INFO] POST https://localhost:9200/.ml-anomalies-*/_search [status:200 duration:0.057s]
[2025-11-24 19:49:03] [INFO] POST https://localhost:9200/.ml-anomalies-*/_search [status:200 duration:0.072s]
[2025-11-24 19:49:03] [INFO] [ML] Summary generated: 292 anomalies in last 24h
[2025-11-24 19:49:03] [INFO] POST https://localhost:9200/.ml-anomalies-*/_search [status:200 duration:0.055s]
[2025-11-24 19:49:04] [INFO] POST https://localhost:9200/depot_air_qc_data/_search?_source_includes=tds_ppm,kekeruhan_ntu,suhu_celsius,%40timestamp,depot_id [status:200 duration:0.056s]
[2025-11-24 19:49:13] [INFO] POST https://localhost:9200/.ml-anomalies-*/_search [status:200 duration:0.047s]
[2025-11-24 19:49:13] [INFO] POST https://localhost:9200/.ml-anomalies-*/_search [status:200 duration:0.063s]
[2025-11-24 19:49:13] [INFO] [ML] Summary generated: 292 anomalies in last 24h
[2025-11-24 19:49:13] [INFO] POST https://localhost:9200/.ml-anomalies-*/_search [status:200 duration:0.052s]
[2025-11-24 19:49:13] [INFO] POST https://localhost:9200/depot_air_qc_data/_search?_source_includes=tds_ppm,kekeruhan_ntu,suhu_celsius,%40timestamp,depot_id [status:200 duration:0.052s]
[2025-11-24 19:49:21] [INFO] POST https://localhost:9200/.ml-anomalies-*/_search [status:200 duration:0.053s]
[2025-11-24 19:49:21] [INFO] POST https://localhost:9200/.ml-anomalies-*/_search [status:200 duration:0.068s]
[2025-11-24 19:49:21] [INFO] [ML] Summary generated: 292 anomalies in last 24h
[2025-11-24 19:49:21] [INFO] POST https://localhost:9200/.ml-anomalies-*/_search [status:200 duration:0.062s]
[2025-11-24 19:49:21] [INFO] POST https://localhost:9200/depot_air_qc_data/_search?_source_includes=tds_ppm,kekeruhan_ntu,suhu_celsius,%40timestamp,depot_id [status:200 duration:0.053s]
[2025-11-24 19:49:23] [INFO] POST https://localhost:9200/.ml-anomalies-*/_search [status:200 duration:0.060s]
[2025-11-24 19:49:23] [INFO] POST https://localhost:9200/.ml-anomalies-*/_search [status:200 duration:0.078s]
[2025-11-24 19:49:23] [INFO] [ML] Summary generated: 292 anomalies in last 24h
[2025-11-24 19:49:24] [INFO] POST https://localhost:9200/.ml-anomalies-*/_search [status:200 duration:0.063s]
[2025-11-24 19:49:24] [INFO] POST https://localhost:9200/depot_air_qc_data/_search?_source_includes=tds_ppm,kekeruhan_ntu,suhu_celsius,%40timestamp,depot_id [status:200 duration:0.058s]
[2025-11-24 19:49:33] [INFO] POST https://localhost:9200/.ml-anomalies-*/_search [status:200 duration:0.049s]
[2025-11-24 19:49:33] [INFO] POST https://localhost:9200/.ml-anomalies-*/_search [status:200 duration:0.056s]
[2025-11-24 19:49:33] [INFO] [ML] Summary generated: 292 anomalies in last 24h
[2025-11-24 19:49:33] [INFO] POST https://localhost:9200/.ml-anomalies-*/_search [status:200 duration:0.047s]
[2025-11-24 19:49:33] [INFO] POST https://localhost:9200/depot_air_qc_data/_search?_source_includes=tds_ppm,kekeruhan_ntu,suhu_celsius,%40timestamp,depot_id [status:200 duration:0.051s]
[2025-11-24 19:50:21] [INFO] POST https://localhost:9200/.ml-anomalies-*/_search [status:200 duration:0.050s]
[2025-11-24 19:50:21] [INFO] POST https://localhost:9200/.ml-anomalies-*/_search [status:200 duration:0.056s]
[2025-11-24 19:50:21] [INFO] [ML] Summary generated: 292 anomalies in last 24h
[2025-11-24 19:50:21] [INFO] POST https://localhost:9200/.ml-anomalies-*/_search [status:200 duration:0.046s]
[2025-11-24 19:50:21] [INFO] POST https://localhost:9200/depot_air_qc_data/_search?_source_includes=tds_ppm,kekeruhan_ntu,suhu_celsius,%40timestamp,depot_id [status:200 duration:0.047s]
[2025-11-24 19:50:26] [INFO] POST https://localhost:9200/.ml-anomalies-*/_search [status:200 duration:0.055s]
[2025-11-24 19:50:26] [INFO] POST https://localhost:9200/.ml-anomalies-*/_search [status:200 duration:0.066s]
[2025-11-24 19:50:26] [INFO] [ML] Summary generated: 292 anomalies in last 24h
[2025-11-24 19:50:26] [INFO] POST https://localhost:9200/.ml-anomalies-*/_search [status:200 duration:0.055s]
[2025-11-24 19:50:26] [INFO] POST https://localhost:9200/depot_air_qc_data/_search?_source_includes=tds_ppm,kekeruhan_ntu,suhu_celsius,%40timestamp,depot_id [status:200 duration:0.051s]
[2025-11-24 19:51:21] [INFO] POST https://localhost:9200/.ml-anomalies-*/_search [status:200 duration:0.049s]
[2025-11-24 19:51:21] [INFO] POST https://localhost:9200/.ml-anomalies-*/_search [status:200 duration:0.055s]
[2025-11-24 19:51:21] [INFO] [ML] Summary generated: 292 anomalies in last 24h
[2025-11-24 19:51:21] [INFO] POST https://localhost:9200/.ml-anomalies-*/_search [status:200 duration:0.046s]
[2025-11-24 19:51:21] [INFO] POST https://localhost:9200/depot_air_qc_data/_search?_source_includes=tds_ppm,kekeruhan_ntu,suhu_celsius,%40timestamp,depot_id [status:200 duration:0.045s]
[2025-11-24 19:51:26] [INFO] POST https://localhost:9200/.ml-anomalies-*/_search [status:200 duration:0.056s]
[2025-11-24 19:51:26] [INFO] POST https://localhost:9200/.ml-anomalies-*/_search [status:200 duration:0.082s]
[2025-11-24 19:51:26] [INFO] [ML] Summary generated: 292 anomalies in last 24h
[2025-11-24 19:51:26] [INFO] POST https://localhost:9200/.ml-anomalies-*/_search [status:200 duration:0.054s]
[2025-11-24 19:51:26] [INFO] POST https://localhost:9200/depot_air_qc_data/_search?_source_includes=tds_ppm,kekeruhan_ntu,suhu_celsius,%40timestamp,depot_id [status:200 duration:0.046s]
[2025-11-24 19:52:03] [INFO] POST https://localhost:9200/.ml-anomalies-*/_search [status:200 duration:0.055s]
[2025-11-24 19:52:03] [INFO] POST https://localhost:9200/.ml-anomalies-*/_search [status:200 duration:0.059s]
[2025-11-24 19:52:03] [INFO] [ML] Summary generated: 292 anomalies in last 24h
[2025-11-24 19:52:03] [INFO] POST https://localhost:9200/.ml-anomalies-*/_search [status:200 duration:0.046s]
[2025-11-24 19:52:03] [INFO] POST https://localhost:9200/depot_air_qc_data/_search?_source_includes=tds_ppm,kekeruhan_ntu,suhu_celsius,%40timestamp,depot_id [status:200 duration:0.047s]
[2025-11-24 19:52:13] [INFO] POST https://localhost:9200/.ml-anomalies-*/_search [status:200 duration:0.047s]
[2025-11-24 19:52:13] [INFO] POST https://localhost:9200/.ml-anomalies-*/_search [status:200 duration:0.060s]
[2025-11-24 19:52:13] [INFO] [ML] Summary generated: 295 anomalies in last 24h
[2025-11-24 19:52:13] [INFO] POST https://localhost:9200/.ml-anomalies-*/_search [status:200 duration:0.049s]
[2025-11-24 19:52:13] [INFO] POST https://localhost:9200/depot_air_qc_data/_search?_source_includes=tds_ppm,kekeruhan_ntu,suhu_celsius,%40timestamp,depot_id [status:200 duration:0.053s]
[2025-11-24 19:52:21] [INFO] POST https://localhost:9200/.ml-anomalies-*/_search [status:200 duration:0.279s]
[2025-11-24 19:52:21] [INFO] POST https://localhost:9200/depot_air_qc_data/_search?_source_includes=tds_ppm,kekeruhan_ntu,suhu_celsius,%40timestamp,depot_id [status:200 duration:0.164s]
[2025-11-24 19:52:21] [INFO] POST https://localhost:9200/.ml-anomalies-*/_search [status:200 duration:0.284s]
[2025-11-24 19:52:21] [INFO] POST https://localhost:9200/.ml-anomalies-*/_search [status:200 duration:0.007s]
[2025-11-24 19:52:21] [INFO] [ML] Summary generated: 295 anomalies in last 24h
[2025-11-24 19:52:23] [INFO] POST https://localhost:9200/.ml-anomalies-*/_search [status:200 duration:0.014s]
[2025-11-24 19:52:23] [INFO] [ML] Summary generated: 295 anomalies in last 24h
[2025-11-24 19:52:23] [INFO] POST https://localhost:9200/.ml-anomalies-*/_search [status:200 duration:0.050s]
[2025-11-24 19:52:23] [INFO] POST https://localhost:9200/.ml-anomalies-*/_search [status:200 duration:0.048s]
[2025-11-24 19:52:23] [INFO] POST https://localhost:9200/depot_air_qc_data/_search?_source_includes=tds_ppm,kekeruhan_ntu,suhu_celsius,%40timestamp,depot_id [status:200 duration:0.048s]
[2025-11-24 19:52:33] [INFO] POST https://localhost:9200/.ml-anomalies-*/_search [status:200 duration:0.047s]
[2025-11-24 19:52:33] [INFO] POST https://localhost:9200/.ml-anomalies-*/_search [status:200 duration:0.055s]
[2025-11-24 19:52:33] [INFO] [ML] Summary generated: 295 anomalies in last 24h
[2025-11-24 19:52:33] [INFO] POST https://localhost:9200/.ml-anomalies-*/_search [status:200 duration:0.047s]
[2025-11-24 19:52:33] [INFO] POST https://localhost:9200/depot_air_qc_data/_search?_source_includes=tds_ppm,kekeruhan_ntu,suhu_celsius,%40timestamp,depot_id [status:200 duration:0.049s]
[2025-11-24 19:52:47] [INFO] POST https://localhost:9200/.ml-anomalies-*/_search [status:200 duration:0.058s]
[2025-11-24 19:52:47] [INFO] POST https://localhost:9200/.ml-anomalies-*/_search [status:200 duration:0.055s]
[2025-11-24 19:52:47] [INFO] [ML] Summary generated: 296 anomalies in last 24h
[2025-11-24 19:52:47] [INFO] POST https://localhost:9200/.ml-anomalies-*/_search [status:200 duration:0.049s]
[2025-11-24 19:52:47] [INFO] POST https://localhost:9200/depot_air_qc_data/_search?_source_includes=tds_ppm,kekeruhan_ntu,suhu_celsius,%40timestamp,depot_id [status:200 duration:0.048s]
[2025-11-24 19:53:05] [INFO] POST https://localhost:9200/.ml-anomalies-*/_search [status:200 duration:0.056s]
[2025-11-24 19:53:05] [INFO] POST https://localhost:9200/.ml-anomalies-*/_search [status:200 duration:0.084s]
[2025-11-24 19:53:05] [INFO] [ML] Summary generated: 296 anomalies in last 24h
[2025-11-24 19:53:05] [INFO] POST https://localhost:9200/.ml-anomalies-*/_search [status:200 duration:0.053s]
[2025-11-24 19:53:05] [INFO] POST https://localhost:9200/depot_air_qc_data/_search?_source_includes=tds_ppm,kekeruhan_ntu,suhu_celsius,%40timestamp,depot_id [status:200 duration:0.073s]
[2025-11-24 19:53:14] [INFO] POST https://localhost:9200/.ml-anomalies-*/_search [status:200 duration:0.058s]
[2025-11-24 19:53:14] [INFO] POST https://localhost:9200/.ml-anomalies-*/_search [status:200 duration:0.069s]
[2025-11-24 19:53:14] [INFO] [ML] Summary generated: 297 anomalies in last 24h
[2025-11-24 19:53:14] [INFO] POST https://localhost:9200/.ml-anomalies-*/_search [status:200 duration:0.056s]
[2025-11-24 19:53:14] [INFO] POST https://localhost:9200/depot_air_qc_data/_search?_source_includes=tds_ppm,kekeruhan_ntu,suhu_celsius,%40timestamp,depot_id [status:200 duration:0.054s]
[2025-11-24 19:53:21] [INFO] POST https://localhost:9200/.ml-anomalies-*/_search [status:200 duration:0.066s]
[2025-11-24 19:53:21] [INFO] POST https://localhost:9200/.ml-anomalies-*/_search [status:200 duration:0.073s]
[2025-11-24 19:53:21] [INFO] [ML] Summary generated: 297 anomalies in last 24h
[2025-11-24 19:53:21] [INFO] POST https://localhost:9200/.ml-anomalies-*/_search [status:200 duration:0.049s]
[2025-11-24 19:53:21] [INFO] POST https://localhost:9200/depot_air_qc_data/_search?_source_includes=tds_ppm,kekeruhan_ntu,suhu_celsius,%40timestamp,depot_id [status:200 duration:0.047s]
[2025-11-24 19:53:24] [INFO] POST https://localhost:9200/.ml-anomalies-*/_search [status:200 duration:0.056s]
[2025-11-24 19:53:24] [INFO] POST https://localhost:9200/.ml-anomalies-*/_search [status:200 duration:0.082s]
[2025-11-24 19:53:24] [INFO] [ML] Summary generated: 297 anomalies in last 24h
[2025-11-24 19:53:24] [INFO] POST https://localhost:9200/.ml-anomalies-*/_search [status:200 duration:0.050s]
[2025-11-24 19:53:24] [INFO] POST https://localhost:9200/depot_air_qc_data/_search?_source_includes=tds_ppm,kekeruhan_ntu,suhu_celsius,%40timestamp,depot_id [status:200 duration:0.048s]
[2025-11-24 19:53:33] [INFO] POST https://localhost:9200/.ml-anomalies-*/_search [status:200 duration:0.055s]
[2025-11-24 19:53:33] [INFO] POST https://localhost:9200/.ml-anomalies-*/_search [status:200 duration:0.059s]
[2025-11-24 19:53:33] [INFO] [ML] Summary generated: 298 anomalies in last 24h
[2025-11-24 19:53:33] [INFO] POST https://localhost:9200/.ml-anomalies-*/_search [status:200 duration:0.052s]
[2025-11-24 19:53:33] [INFO] POST https://localhost:9200/depot_air_qc_data/_search?_source_includes=tds_ppm,kekeruhan_ntu,suhu_celsius,%40timestamp,depot_id [status:200 duration:0.049s]
[2025-11-24 19:53:44] [INFO] POST https://localhost:9200/.ml-anomalies-*/_search [status:200 duration:0.060s]
[2025-11-24 19:53:44] [INFO] [ML] Summary generated: 298 anomalies in last 24h
[2025-11-24 19:53:44] [INFO] POST https://localhost:9200/.ml-anomalies-*/_search [status:200 duration:0.059s]
[2025-11-24 19:53:44] [INFO] POST https://localhost:9200/.ml-anomalies-*/_search [status:200 duration:0.053s]
[2025-11-24 19:53:44] [INFO] POST https://localhost:9200/depot_air_qc_data/_search?_source_includes=tds_ppm,kekeruhan_ntu,suhu_celsius,%40timestamp,depot_id [status:200 duration:0.055s]
[2025-11-24 19:53:54] [INFO] POST https://localhost:9200/.ml-anomalies-*/_search [status:200 duration:0.056s]
[2025-11-24 19:53:54] [INFO] POST https://localhost:9200/.ml-anomalies-*/_search [status:200 duration:0.053s]
[2025-11-24 19:53:54] [INFO] POST https://localhost:9200/.ml-anomalies-*/_search [status:200 duration:0.066s]
[2025-11-24 19:53:54] [INFO] [ML] Summary generated: 60 anomalies in last 24h
[2025-11-24 19:53:54] [INFO] POST https://localhost:9200/depot_air_qc_data/_search?_source_includes=tds_ppm,kekeruhan_ntu,suhu_celsius,%40timestamp,depot_id [status:200 duration:0.052s]
[2025-11-24 19:54:03] [INFO] POST https://localhost:9200/.ml-anomalies-*/_search [status:200 duration:0.058s]
[2025-11-24 19:54:03] [WARNING] [ML ALERT] Critical anomaly detected! Job=prediksi_tds_jenuh, Score=89.51857035453142
[2025-11-24 19:54:03] [INFO] POST https://localhost:9200/.ml-anomalies-*/_search [status:200 duration:0.063s]
[2025-11-24 19:54:03] [INFO] [ML] Summary generated: 115 anomalies in last 24h
[2025-11-24 19:54:03] [INFO] POST https://localhost:9200/depot_air_qc_data/_search?_source_includes=tds_ppm,kekeruhan_ntu,suhu_celsius,%40timestamp,depot_id [status:200 duration:0.052s]
[2025-11-24 19:54:13] [INFO] POST https://localhost:9200/.ml-anomalies-*/_search [status:200 duration:0.050s]
[2025-11-24 19:54:13] [INFO] POST https://localhost:9200/.ml-anomalies-*/_search [status:200 duration:0.052s]
[2025-11-24 19:54:13] [INFO] [ML] Summary generated: 60 anomalies in last 24h
[2025-11-24 19:54:14] [INFO] POST https://localhost:9200/.ml-anomalies-*/_search [status:200 duration:0.054s]
[2025-11-24 19:54:14] [INFO] POST https://localhost:9200/depot_air_qc_data/_search?_source_includes=tds_ppm,kekeruhan_ntu,suhu_celsius,%40timestamp,depot_id [status:200 duration:0.049s]
[2025-11-24 19:54:21] [INFO] POST https://localhost:9200/.ml-anomalies-*/_search [status:200 duration:0.052s]
[2025-11-24 19:54:21] [INFO] POST https://localhost:9200/.ml-anomalies-*/_search [status:200 duration:0.052s]
[2025-11-24 19:54:21] [INFO] [ML] Summary generated: 60 anomalies in last 24h
[2025-11-24 19:54:21] [INFO] POST https://localhost:9200/.ml-anomalies-*/_search [status:200 duration:0.050s]
[2025-11-24 19:54:21] [INFO] POST https://localhost:9200/depot_air_qc_data/_search?_source_includes=tds_ppm,kekeruhan_ntu,suhu_celsius,%40timestamp,depot_id [status:200 duration:0.052s]
[2025-11-24 19:54:26] [INFO] POST https://localhost:9200/.ml-anomalies-*/_search [status:200 duration:0.055s]
[2025-11-24 19:54:26] [INFO] POST https://localhost:9200/.ml-anomalies-*/_search [status:200 duration:0.064s]
[2025-11-24 19:54:26] [INFO] [ML] Summary generated: 60 anomalies in last 24h
[2025-11-24 19:54:26] [INFO] POST https://localhost:9200/.ml-anomalies-*/_search [status:200 duration:0.057s]
[2025-11-24 19:54:26] [INFO] POST https://localhost:9200/depot_air_qc_data/_search?_source_includes=tds_ppm,kekeruhan_ntu,suhu_celsius,%40timestamp,depot_id [status:200 duration:0.068s]
[2025-11-24 19:55:16] [INFO] POST https://localhost:9200/.ml-anomalies-*/_search [status:200 duration:0.049s]
[2025-11-24 19:55:16] [INFO] POST https://localhost:9200/.ml-anomalies-*/_search [status:200 duration:0.057s]
[2025-11-24 19:55:16] [INFO] [ML] Summary generated: 261 anomalies in last 24h
[2025-11-24 19:55:16] [INFO] POST https://localhost:9200/.ml-anomalies-*/_search [status:200 duration:0.053s]
[2025-11-24 19:55:16] [INFO] POST https://localhost:9200/depot_air_qc_data/_search?_source_includes=tds_ppm,kekeruhan_ntu,suhu_celsius,%40timestamp,depot_id [status:200 duration:0.049s]
[2025-11-24 19:55:21] [INFO] POST https://localhost:9200/.ml-anomalies-*/_search [status:200 duration:0.053s]
[2025-11-24 19:55:21] [INFO] POST https://localhost:9200/.ml-anomalies-*/_search [status:200 duration:0.081s]
[2025-11-24 19:55:21] [INFO] [ML] Summary generated: 261 anomalies in last 24h
[2025-11-24 19:55:21] [INFO] POST https://localhost:9200/.ml-anomalies-*/_search [status:200 duration:0.067s]
[2025-11-24 19:55:21] [INFO] POST https://localhost:9200/depot_air_qc_data/_search?_source_includes=tds_ppm,kekeruhan_ntu,suhu_celsius,%40timestamp,depot_id [status:200 duration:0.065s]
[2025-11-24 19:55:24] [INFO] POST https://localhost:9200/.ml-anomalies-*/_search [status:200 duration:0.058s]
[2025-11-24 19:55:24] [INFO] POST https://localhost:9200/.ml-anomalies-*/_search [status:200 duration:0.078s]
[2025-11-24 19:55:24] [INFO] [ML] Summary generated: 261 anomalies in last 24h
[2025-11-24 19:55:24] [INFO] POST https://localhost:9200/.ml-anomalies-*/_search [status:200 duration:0.057s]
[2025-11-24 19:55:24] [INFO] POST https://localhost:9200/depot_air_qc_data/_search?_source_includes=tds_ppm,kekeruhan_ntu,suhu_celsius,%40timestamp,depot_id [status:200 duration:0.059s]
[2025-11-24 19:55:33] [INFO] POST https://localhost:9200/.ml-anomalies-*/_search [status:200 duration:0.056s]
[2025-11-24 19:55:33] [INFO] POST https://localhost:9200/.ml-anomalies-*/_search [status:200 duration:0.069s]
[2025-11-24 19:55:33] [INFO] [ML] Summary generated: 261 anomalies in last 24h
[2025-11-24 19:55:33] [INFO] POST https://localhost:9200/.ml-anomalies-*/_search [status:200 duration:0.049s]
[2025-11-24 19:55:33] [INFO] POST https://localhost:9200/depot_air_qc_data/_search?_source_includes=tds_ppm,kekeruhan_ntu,suhu_celsius,%40timestamp,depot_id [status:200 duration:0.053s]
[2025-11-24 19:55:43] [INFO] POST https://localhost:9200/.ml-anomalies-*/_search [status:200 duration:0.054s]
[2025-11-24 19:55:43] [INFO] POST https://localhost:9200/.ml-anomalies-*/_search [status:200 duration:0.062s]
[2025-11-24 19:55:43] [INFO] [ML] Summary generated: 261 anomalies in last 24h
[2025-11-24 19:55:43] [INFO] POST https://localhost:9200/.ml-anomalies-*/_search [status:200 duration:0.047s]
[2025-11-24 19:55:43] [INFO] POST https://localhost:9200/depot_air_qc_data/_search?_source_includes=tds_ppm,kekeruhan_ntu,suhu_celsius,%40timestamp,depot_id [status:200 duration:0.050s]
[2025-11-24 19:55:53] [INFO] POST https://localhost:9200/.ml-anomalies-*/_search [status:200 duration:0.047s]
[2025-11-24 19:55:53] [INFO] POST https://localhost:9200/.ml-anomalies-*/_search [status:200 duration:0.058s]
[2025-11-24 19:55:53] [INFO] [ML] Summary generated: 262 anomalies in last 24h
[2025-11-24 19:55:53] [INFO] POST https://localhost:9200/.ml-anomalies-*/_search [status:200 duration:0.050s]
[2025-11-24 19:55:53] [INFO] POST https://localhost:9200/depot_air_qc_data/_search?_source_includes=tds_ppm,kekeruhan_ntu,suhu_celsius,%40timestamp,depot_id [status:200 duration:0.048s]
[2025-11-24 19:56:03] [INFO] POST https://localhost:9200/.ml-anomalies-*/_search [status:200 duration:0.056s]
[2025-11-24 19:56:03] [INFO] POST https://localhost:9200/.ml-anomalies-*/_search [status:200 duration:0.061s]
[2025-11-24 19:56:03] [INFO] [ML] Summary generated: 262 anomalies in last 24h
[2025-11-24 19:56:03] [INFO] POST https://localhost:9200/.ml-anomalies-*/_search [status:200 duration:0.054s]
[2025-11-24 19:56:03] [INFO] POST https://localhost:9200/depot_air_qc_data/_search?_source_includes=tds_ppm,kekeruhan_ntu,suhu_celsius,%40timestamp,depot_id [status:200 duration:0.052s]
[2025-11-24 19:56:13] [INFO] POST https://localhost:9200/.ml-anomalies-*/_search [status:200 duration:0.050s]
[2025-11-24 19:56:13] [INFO] POST https://localhost:9200/.ml-anomalies-*/_search [status:200 duration:0.060s]
[2025-11-24 19:56:13] [INFO] [ML] Summary generated: 262 anomalies in last 24h
[2025-11-24 19:56:14] [INFO] POST https://localhost:9200/.ml-anomalies-*/_search [status:200 duration:0.052s]
[2025-11-24 19:56:14] [INFO] POST https://localhost:9200/depot_air_qc_data/_search?_source_includes=tds_ppm,kekeruhan_ntu,suhu_celsius,%40timestamp,depot_id [status:200 duration:0.045s]
[2025-11-24 19:56:21] [INFO] POST https://localhost:9200/.ml-anomalies-*/_search [status:200 duration:0.055s]
[2025-11-24 19:56:21] [INFO] POST https://localhost:9200/.ml-anomalies-*/_search [status:200 duration:0.077s]
[2025-11-24 19:56:21] [INFO] [ML] Summary generated: 262 anomalies in last 24h
[2025-11-24 19:56:21] [INFO] POST https://localhost:9200/.ml-anomalies-*/_search [status:200 duration:0.053s]
[2025-11-24 19:56:21] [INFO] POST https://localhost:9200/depot_air_qc_data/_search?_source_includes=tds_ppm,kekeruhan_ntu,suhu_celsius,%40timestamp,depot_id [status:200 duration:0.047s]
[2025-11-24 19:56:25] [INFO] POST https://localhost:9200/.ml-anomalies-*/_search [status:200 duration:0.071s]
[2025-11-24 19:56:25] [INFO] POST https://localhost:9200/.ml-anomalies-*/_search [status:200 duration:0.136s]
[2025-11-24 19:56:25] [INFO] [ML] Summary generated: 262 anomalies in last 24h
[2025-11-24 19:56:25] [INFO] POST https://localhost:9200/depot_air_qc_data/_search?_source_includes=tds_ppm,kekeruhan_ntu,suhu_celsius,%40timestamp,depot_id [status:200 duration:0.025s]
[2025-11-24 19:56:25] [INFO] POST https://localhost:9200/.ml-anomalies-*/_search [status:200 duration:0.066s]
[2025-11-24 19:56:47] [INFO] POST https://localhost:9200/.ml-anomalies-*/_search [status:200 duration:0.052s]
[2025-11-24 19:56:47] [INFO] POST https://localhost:9200/.ml-anomalies-*/_search [status:200 duration:0.055s]
[2025-11-24 19:56:47] [INFO] [ML] Summary generated: 262 anomalies in last 24h
[2025-11-24 19:56:47] [INFO] POST https://localhost:9200/.ml-anomalies-*/_search [status:200 duration:0.054s]
[2025-11-24 19:56:47] [INFO] POST https://localhost:9200/depot_air_qc_data/_search?_source_includes=tds_ppm,kekeruhan_ntu,suhu_celsius,%40timestamp,depot_id [status:200 duration:0.053s]
[2025-11-24 19:56:53] [INFO] POST https://localhost:9200/.ml-anomalies-*/_search [status:200 duration:0.048s]
[2025-11-24 19:56:53] [INFO] POST https://localhost:9200/.ml-anomalies-*/_search [status:200 duration:0.052s]
[2025-11-24 19:56:53] [INFO] [ML] Summary generated: 262 anomalies in last 24h
[2025-11-24 19:56:53] [INFO] POST https://localhost:9200/.ml-anomalies-*/_search [status:200 duration:0.048s]
[2025-11-24 19:56:54] [INFO] POST https://localhost:9200/depot_air_qc_data/_search?_source_includes=tds_ppm,kekeruhan_ntu,suhu_celsius,%40timestamp,depot_id [status:200 duration:0.047s]
[2025-11-24 19:57:03] [INFO] POST https://localhost:9200/.ml-anomalies-*/_search [status:200 duration:0.069s]
[2025-11-24 19:57:03] [INFO] [ML] Summary generated: 262 anomalies in last 24h
[2025-11-24 19:57:03] [INFO] POST https://localhost:9200/depot_air_qc_data/_search?_source_includes=tds_ppm,kekeruhan_ntu,suhu_celsius,%40timestamp,depot_id [status:200 duration:0.052s]
[2025-11-24 19:57:04] [INFO] POST https://localhost:9200/.ml-anomalies-*/_search [status:200 duration:0.053s]
[2025-11-24 19:57:04] [INFO] POST https://localhost:9200/.ml-anomalies-*/_search [status:200 duration:0.055s]
[2025-11-24 19:57:13] [INFO] POST https://localhost:9200/.ml-anomalies-*/_search [status:200 duration:0.056s]
[2025-11-24 19:57:13] [INFO] POST https://localhost:9200/.ml-anomalies-*/_search [status:200 duration:0.075s]
[2025-11-24 19:57:13] [INFO] [ML] Summary generated: 262 anomalies in last 24h
[2025-11-24 19:57:13] [INFO] POST https://localhost:9200/.ml-anomalies-*/_search [status:200 duration:0.061s]
[2025-11-24 19:57:14] [INFO] POST https://localhost:9200/depot_air_qc_data/_search?_source_includes=tds_ppm,kekeruhan_ntu,suhu_celsius,%40timestamp,depot_id [status:200 duration:0.073s]
[2025-11-24 19:57:21] [INFO] POST https://localhost:9200/.ml-anomalies-*/_search [status:200 duration:0.050s]
[2025-11-24 19:57:21] [INFO] POST https://localhost:9200/.ml-anomalies-*/_search [status:200 duration:0.056s]
[2025-11-24 19:57:21] [INFO] [ML] Summary generated: 262 anomalies in last 24h
[2025-11-24 19:57:21] [INFO] POST https://localhost:9200/.ml-anomalies-*/_search [status:200 duration:0.047s]
[2025-11-24 19:57:21] [INFO] POST https://localhost:9200/depot_air_qc_data/_search?_source_includes=tds_ppm,kekeruhan_ntu,suhu_celsius,%40timestamp,depot_id [status:200 duration:0.056s]
[2025-11-24 19:57:23] [INFO] POST https://localhost:9200/.ml-anomalies-*/_search [status:200 duration:0.072s]
[2025-11-24 19:57:23] [INFO] POST https://localhost:9200/.ml-anomalies-*/_search [status:200 duration:0.087s]
[2025-11-24 19:57:23] [INFO] [ML] Summary generated: 262 anomalies in last 24h
[2025-11-24 19:57:23] [INFO] POST https://localhost:9200/.ml-anomalies-*/_search [status:200 duration:0.053s]
[2025-11-24 19:57:23] [INFO] POST https://localhost:9200/depot_air_qc_data/_search?_source_includes=tds_ppm,kekeruhan_ntu,suhu_celsius,%40timestamp,depot_id [status:200 duration:0.047s]
[2025-11-24 19:57:30] [INFO] POST https://localhost:9200/depot_air_qc_data/_search?_source_includes=tds_ppm,kekeruhan_ntu,suhu_celsius,%40timestamp [status:200 duration:0.074s]
[2025-11-24 19:57:30] [INFO] [QUERY] Historical: 50 documents
[2025-11-24 19:57:33] [INFO] POST https://localhost:9200/.ml-anomalies-*/_search [status:200 duration:0.059s]
[2025-11-24 19:57:33] [INFO] POST https://localhost:9200/.ml-anomalies-*/_search [status:200 duration:0.072s]
[2025-11-24 19:57:33] [INFO] [ML] Summary generated: 262 anomalies in last 24h
[2025-11-24 19:57:33] [INFO] POST https://localhost:9200/.ml-anomalies-*/_search [status:200 duration:0.067s]
[2025-11-24 19:57:33] [INFO] POST https://localhost:9200/depot_air_qc_data/_search?_source_includes=tds_ppm,kekeruhan_ntu,suhu_celsius,%40timestamp,depot_id [status:200 duration:0.052s]
[2025-11-24 19:57:43] [INFO] POST https://localhost:9200/.ml-anomalies-*/_search [status:200 duration:0.053s]
[2025-11-24 19:57:43] [INFO] POST https://localhost:9200/.ml-anomalies-*/_search [status:200 duration:0.055s]
[2025-11-24 19:57:43] [INFO] [ML] Summary generated: 262 anomalies in last 24h
[2025-11-24 19:57:43] [INFO] POST https://localhost:9200/.ml-anomalies-*/_search [status:200 duration:0.048s]
[2025-11-24 19:57:43] [INFO] POST https://localhost:9200/depot_air_qc_data/_search?_source_includes=tds_ppm,kekeruhan_ntu,suhu_celsius,%40timestamp,depot_id [status:200 duration:0.050s]
[2025-11-24 19:57:53] [INFO] POST https://localhost:9200/.ml-anomalies-*/_search [status:200 duration:0.048s]
[2025-11-24 19:57:53] [INFO] POST https://localhost:9200/.ml-anomalies-*/_search [status:200 duration:0.051s]
[2025-11-24 19:57:53] [INFO] [ML] Summary generated: 262 anomalies in last 24h
[2025-11-24 19:57:53] [INFO] POST https://localhost:9200/.ml-anomalies-*/_search [status:200 duration:0.050s]
[2025-11-24 19:57:53] [INFO] POST https://localhost:9200/depot_air_qc_data/_search?_source_includes=tds_ppm,kekeruhan_ntu,suhu_celsius,%40timestamp,depot_id [status:200 duration:0.049s]
[2025-11-24 19:58:00] [INFO] POST https://localhost:9200/depot_air_qc_data/_search?_source_includes=tds_ppm,kekeruhan_ntu,suhu_celsius,%40timestamp [status:200 duration:0.052s]
[2025-11-24 19:58:00] [INFO] [QUERY] Historical: 50 documents
[2025-11-24 19:58:03] [INFO] POST https://localhost:9200/.ml-anomalies-*/_search [status:200 duration:0.065s]
[2025-11-24 19:58:03] [INFO] POST https://localhost:9200/.ml-anomalies-*/_search [status:200 duration:0.075s]
[2025-11-24 19:58:03] [INFO] [ML] Summary generated: 262 anomalies in last 24h
[2025-11-24 19:58:03] [INFO] POST https://localhost:9200/.ml-anomalies-*/_search [status:200 duration:0.048s]
[2025-11-24 19:58:03] [INFO] POST https://localhost:9200/depot_air_qc_data/_search?_source_includes=tds_ppm,kekeruhan_ntu,suhu_celsius,%40timestamp,depot_id [status:200 duration:0.050s]
[2025-11-24 19:58:13] [INFO] POST https://localhost:9200/.ml-anomalies-*/_search [status:200 duration:0.059s]
[2025-11-24 19:58:13] [INFO] POST https://localhost:9200/.ml-anomalies-*/_search [status:200 duration:0.071s]
[2025-11-24 19:58:13] [INFO] [ML] Summary generated: 262 anomalies in last 24h
[2025-11-24 19:58:13] [INFO] POST https://localhost:9200/.ml-anomalies-*/_search [status:200 duration:0.052s]
[2025-11-24 19:58:13] [INFO] POST https://localhost:9200/depot_air_qc_data/_search?_source_includes=tds_ppm,kekeruhan_ntu,suhu_celsius,%40timestamp,depot_id [status:200 duration:0.047s]
[2025-11-24 19:58:21] [INFO] POST https://localhost:9200/.ml-anomalies-*/_search [status:200 duration:0.054s]
[2025-11-24 19:58:21] [INFO] POST https://localhost:9200/.ml-anomalies-*/_search [status:200 duration:0.059s]
[2025-11-24 19:58:21] [INFO] [ML] Summary generated: 262 anomalies in last 24h
[2025-11-24 19:58:21] [INFO] POST https://localhost:9200/.ml-anomalies-*/_search [status:200 duration:0.048s]
[2025-11-24 19:58:21] [INFO] POST https://localhost:9200/depot_air_qc_data/_search?_source_includes=tds_ppm,kekeruhan_ntu,suhu_celsius,%40timestamp,depot_id [status:200 duration:0.053s]
[2025-11-24 19:58:23] [INFO] POST https://localhost:9200/.ml-anomalies-*/_search [status:200 duration:0.049s]
[2025-11-24 19:58:23] [INFO] POST https://localhost:9200/.ml-anomalies-*/_search [status:200 duration:0.057s]
[2025-11-24 19:58:23] [INFO] [ML] Summary generated: 262 anomalies in last 24h
[2025-11-24 19:58:23] [INFO] POST https://localhost:9200/.ml-anomalies-*/_search [status:200 duration:0.052s]
[2025-11-24 19:58:23] [INFO] POST https://localhost:9200/depot_air_qc_data/_search?_source_includes=tds_ppm,kekeruhan_ntu,suhu_celsius,%40timestamp,depot_id [status:200 duration:0.048s]
[2025-11-24 19:58:32] [INFO] POST https://localhost:9200/.ml-anomalies-*/_search [status:200 duration:0.052s]
[2025-11-24 19:58:32] [INFO] POST https://localhost:9200/.ml-anomalies-*/_search [status:200 duration:0.052s]
[2025-11-24 19:58:32] [INFO] [ML] Summary generated: 262 anomalies in last 24h
[2025-11-24 19:58:32] [INFO] POST https://localhost:9200/.ml-anomalies-*/_search [status:200 duration:0.051s]
[2025-11-24 19:58:32] [INFO] POST https://localhost:9200/depot_air_qc_data/_search?_source_includes=tds_ppm,kekeruhan_ntu,suhu_celsius,%40timestamp,depot_id [status:200 duration:0.046s]
[2025-11-24 19:58:33] [INFO] POST https://localhost:9200/.ml-anomalies-*/_search [status:200 duration:0.052s]
[2025-11-24 19:58:33] [INFO] POST https://localhost:9200/.ml-anomalies-*/_search [status:200 duration:0.054s]
[2025-11-24 19:58:33] [INFO] [ML] Summary generated: 262 anomalies in last 24h
[2025-11-24 19:58:33] [INFO] POST https://localhost:9200/.ml-anomalies-*/_search [status:200 duration:0.051s]
[2025-11-24 19:58:33] [INFO] POST https://localhost:9200/depot_air_qc_data/_search?_source_includes=tds_ppm,kekeruhan_ntu,suhu_celsius,%40timestamp,depot_id [status:200 duration:0.049s]
[2025-11-24 19:58:42] [INFO] POST https://localhost:9200/.ml-anomalies-*/_search [status:200 duration:0.048s]
[2025-11-24 19:58:42] [INFO] POST https://localhost:9200/.ml-anomalies-*/_search [status:200 duration:0.054s]
[2025-11-24 19:58:42] [INFO] [ML] Summary generated: 262 anomalies in last 24h
[2025-11-24 19:58:42] [INFO] POST https://localhost:9200/.ml-anomalies-*/_search [status:200 duration:0.049s]
[2025-11-24 19:58:42] [INFO] POST https://localhost:9200/depot_air_qc_data/_search?_source_includes=tds_ppm,kekeruhan_ntu,suhu_celsius,%40timestamp,depot_id [status:200 duration:0.051s]
[2025-11-24 19:58:43] [INFO] POST https://localhost:9200/.ml-anomalies-*/_search [status:200 duration:0.054s]
[2025-11-24 19:58:43] [INFO] POST https://localhost:9200/.ml-anomalies-*/_search [status:200 duration:0.080s]
[2025-11-24 19:58:43] [INFO] [ML] Summary generated: 262 anomalies in last 24h
[2025-11-24 19:58:43] [INFO] POST https://localhost:9200/.ml-anomalies-*/_search [status:200 duration:0.085s]
[2025-11-24 19:58:43] [INFO] POST https://localhost:9200/depot_air_qc_data/_search?_source_includes=tds_ppm,kekeruhan_ntu,suhu_celsius,%40timestamp,depot_id [status:200 duration:0.049s]
[2025-11-24 19:58:52] [INFO] POST https://localhost:9200/.ml-anomalies-*/_search [status:200 duration:0.061s]
[2025-11-24 19:58:52] [INFO] POST https://localhost:9200/.ml-anomalies-*/_search [status:200 duration:0.076s]
[2025-11-24 19:58:52] [INFO] [ML] Summary generated: 262 anomalies in last 24h
[2025-11-24 19:58:52] [INFO] POST https://localhost:9200/.ml-anomalies-*/_search [status:200 duration:0.066s]
[2025-11-24 19:58:52] [INFO] POST https://localhost:9200/depot_air_qc_data/_search?_source_includes=tds_ppm,kekeruhan_ntu,suhu_celsius,%40timestamp,depot_id [status:200 duration:0.052s]
[2025-11-24 19:58:53] [INFO] POST https://localhost:9200/.ml-anomalies-*/_search [status:200 duration:0.054s]
[2025-11-24 19:58:53] [INFO] POST https://localhost:9200/.ml-anomalies-*/_search [status:200 duration:0.059s]
[2025-11-24 19:58:53] [INFO] [ML] Summary generated: 262 anomalies in last 24h
[2025-11-24 19:58:53] [INFO] POST https://localhost:9200/.ml-anomalies-*/_search [status:200 duration:0.050s]
[2025-11-24 19:58:54] [INFO] POST https://localhost:9200/depot_air_qc_data/_search?_source_includes=tds_ppm,kekeruhan_ntu,suhu_celsius,%40timestamp,depot_id [status:200 duration:0.046s]
[2025-11-24 19:59:02] [INFO] POST https://localhost:9200/.ml-anomalies-*/_search [status:200 duration:0.050s]
[2025-11-24 19:59:02] [INFO] POST https://localhost:9200/.ml-anomalies-*/_search [status:200 duration:0.054s]
[2025-11-24 19:59:02] [INFO] [ML] Summary generated: 262 anomalies in last 24h
[2025-11-24 19:59:02] [INFO] POST https://localhost:9200/.ml-anomalies-*/_search [status:200 duration:0.047s]
[2025-11-24 19:59:02] [INFO] POST https://localhost:9200/depot_air_qc_data/_search?_source_includes=tds_ppm,kekeruhan_ntu,suhu_celsius,%40timestamp,depot_id [status:200 duration:0.049s]
[2025-11-24 19:59:03] [INFO] POST https://localhost:9200/.ml-anomalies-*/_search [status:200 duration:0.062s]
[2025-11-24 19:59:03] [INFO] POST https://localhost:9200/.ml-anomalies-*/_search [status:200 duration:0.066s]
[2025-11-24 19:59:03] [INFO] [ML] Summary generated: 262 anomalies in last 24h
[2025-11-24 19:59:03] [INFO] POST https://localhost:9200/.ml-anomalies-*/_search [status:200 duration:0.055s]
[2025-11-24 19:59:03] [INFO] POST https://localhost:9200/depot_air_qc_data/_search?_source_includes=tds_ppm,kekeruhan_ntu,suhu_celsius,%40timestamp,depot_id [status:200 duration:0.050s]
[2025-11-24 19:59:12] [INFO] POST https://localhost:9200/.ml-anomalies-*/_search [status:200 duration:0.054s]
[2025-11-24 19:59:12] [INFO] POST https://localhost:9200/.ml-anomalies-*/_search [status:200 duration:0.062s]
[2025-11-24 19:59:12] [INFO] [ML] Summary generated: 262 anomalies in last 24h
[2025-11-24 19:59:12] [INFO] POST https://localhost:9200/.ml-anomalies-*/_search [status:200 duration:0.054s]
[2025-11-24 19:59:12] [INFO] POST https://localhost:9200/depot_air_qc_data/_search?_source_includes=tds_ppm,kekeruhan_ntu,suhu_celsius,%40timestamp,depot_id [status:200 duration:0.048s]
[2025-11-24 19:59:13] [INFO] POST https://localhost:9200/.ml-anomalies-*/_search [status:200 duration:0.054s]
[2025-11-24 19:59:13] [INFO] POST https://localhost:9200/.ml-anomalies-*/_search [status:200 duration:0.060s]
[2025-11-24 19:59:13] [INFO] [ML] Summary generated: 262 anomalies in last 24h
[2025-11-24 19:59:13] [INFO] POST https://localhost:9200/.ml-anomalies-*/_search [status:200 duration:0.054s]
[2025-11-24 19:59:13] [INFO] POST https://localhost:9200/depot_air_qc_data/_search?_source_includes=tds_ppm,kekeruhan_ntu,suhu_celsius,%40timestamp,depot_id [status:200 duration:0.052s]
[2025-11-24 19:59:22] [INFO] POST https://localhost:9200/.ml-anomalies-*/_search [status:200 duration:0.054s]
[2025-11-24 19:59:22] [INFO] POST https://localhost:9200/.ml-anomalies-*/_search [status:200 duration:0.055s]
[2025-11-24 19:59:22] [INFO] [ML] Summary generated: 262 anomalies in last 24h
[2025-11-24 19:59:22] [INFO] POST https://localhost:9200/.ml-anomalies-*/_search [status:200 duration:0.047s]
[2025-11-24 19:59:22] [INFO] POST https://localhost:9200/depot_air_qc_data/_search?_source_includes=tds_ppm,kekeruhan_ntu,suhu_celsius,%40timestamp,depot_id [status:200 duration:0.046s]
[2025-11-24 19:59:23] [INFO] POST https://localhost:9200/.ml-anomalies-*/_search [status:200 duration:0.057s]
[2025-11-24 19:59:23] [INFO] POST https://localhost:9200/.ml-anomalies-*/_search [status:200 duration:0.089s]
[2025-11-24 19:59:23] [INFO] [ML] Summary generated: 262 anomalies in last 24h
[2025-11-24 19:59:23] [INFO] POST https://localhost:9200/depot_air_qc_data/_search?_source_includes=tds_ppm,kekeruhan_ntu,suhu_celsius,%40timestamp,depot_id [status:200 duration:0.015s]
[2025-11-24 19:59:23] [INFO] POST https://localhost:9200/.ml-anomalies-*/_search [status:200 duration:0.092s]
[2025-11-24 19:59:32] [INFO] POST https://localhost:9200/.ml-anomalies-*/_search [status:200 duration:0.029s]
[2025-11-24 19:59:32] [INFO] [ML] Summary generated: 262 anomalies in last 24h
[2025-11-24 19:59:32] [INFO] POST https://localhost:9200/.ml-anomalies-*/_search [status:200 duration:0.058s]
[2025-11-24 19:59:32] [INFO] POST https://localhost:9200/.ml-anomalies-*/_search [status:200 duration:0.053s]
[2025-11-24 19:59:32] [INFO] POST https://localhost:9200/depot_air_qc_data/_search?_source_includes=tds_ppm,kekeruhan_ntu,suhu_celsius,%40timestamp,depot_id [status:200 duration:0.057s]
[2025-11-24 19:59:33] [INFO] POST https://localhost:9200/.ml-anomalies-*/_search [status:200 duration:0.055s]
[2025-11-24 19:59:33] [INFO] POST https://localhost:9200/.ml-anomalies-*/_search [status:200 duration:0.058s]
[2025-11-24 19:59:33] [INFO] [ML] Summary generated: 262 anomalies in last 24h
[2025-11-24 19:59:33] [INFO] POST https://localhost:9200/.ml-anomalies-*/_search [status:200 duration:0.050s]
[2025-11-24 19:59:33] [INFO] POST https://localhost:9200/depot_air_qc_data/_search?_source_includes=tds_ppm,kekeruhan_ntu,suhu_celsius,%40timestamp,depot_id [status:200 duration:0.048s]
[2025-11-24 19:59:43] [INFO] POST https://localhost:9200/.ml-anomalies-*/_search [status:200 duration:0.059s]
[2025-11-24 19:59:43] [INFO] POST https://localhost:9200/.ml-anomalies-*/_search [status:200 duration:0.077s]
[2025-11-24 19:59:43] [INFO] [ML] Summary generated: 262 anomalies in last 24h
[2025-11-24 19:59:43] [INFO] POST https://localhost:9200/.ml-anomalies-*/_search [status:200 duration:0.059s]
[2025-11-24 19:59:43] [INFO] POST https://localhost:9200/depot_air_qc_data/_search?_source_includes=tds_ppm,kekeruhan_ntu,suhu_celsius,%40timestamp,depot_id [status:200 duration:0.053s]
[2025-11-24 19:59:53] [INFO] POST https://localhost:9200/.ml-anomalies-*/_search [status:200 duration:0.058s]
[2025-11-24 19:59:53] [INFO] POST https://localhost:9200/.ml-anomalies-*/_search [status:200 duration:0.063s]
[2025-11-24 19:59:53] [INFO] [ML] Summary generated: 262 anomalies in last 24h
[2025-11-24 19:59:53] [INFO] POST https://localhost:9200/.ml-anomalies-*/_search [status:200 duration:0.049s]
[2025-11-24 19:59:54] [INFO] POST https://localhost:9200/depot_air_qc_data/_search?_source_includes=tds_ppm,kekeruhan_ntu,suhu_celsius,%40timestamp,depot_id [status:200 duration:0.051s]
[2025-11-24 20:00:03] [INFO] POST https://localhost:9200/.ml-anomalies-*/_search [status:200 duration:0.064s]
[2025-11-24 20:00:03] [INFO] POST https://localhost:9200/.ml-anomalies-*/_search [status:200 duration:0.087s]
[2025-11-24 20:00:03] [INFO] [ML] Summary generated: 258 anomalies in last 24h
[2025-11-24 20:00:03] [INFO] POST https://localhost:9200/depot_air_qc_data/_search?_source_includes=tds_ppm,kekeruhan_ntu,suhu_celsius,%40timestamp,depot_id [status:200 duration:0.033s]
[2025-11-24 20:00:03] [INFO] POST https://localhost:9200/.ml-anomalies-*/_search [status:200 duration:0.062s]
[2025-11-24 20:00:14] [INFO] POST https://localhost:9200/.ml-anomalies-*/_search [status:200 duration:0.050s]
[2025-11-24 20:00:14] [INFO] POST https://localhost:9200/.ml-anomalies-*/_search [status:200 duration:0.054s]
[2025-11-24 20:00:14] [INFO] [ML] Summary generated: 260 anomalies in last 24h
[2025-11-24 20:00:14] [INFO] POST https://localhost:9200/.ml-anomalies-*/_search [status:200 duration:0.052s]
[2025-11-24 20:00:14] [INFO] POST https://localhost:9200/depot_air_qc_data/_search?_source_includes=tds_ppm,kekeruhan_ntu,suhu_celsius,%40timestamp,depot_id [status:200 duration:0.048s]
[2025-11-24 20:00:21] [INFO] POST https://localhost:9200/.ml-anomalies-*/_search [status:200 duration:0.059s]
[2025-11-24 20:00:21] [INFO] POST https://localhost:9200/.ml-anomalies-*/_search [status:200 duration:0.060s]
[2025-11-24 20:00:21] [INFO] [ML] Summary generated: 260 anomalies in last 24h
[2025-11-24 20:00:21] [INFO] POST https://localhost:9200/.ml-anomalies-*/_search [status:200 duration:0.048s]
[2025-11-24 20:00:21] [INFO] POST https://localhost:9200/depot_air_qc_data/_search?_source_includes=tds_ppm,kekeruhan_ntu,suhu_celsius,%40timestamp,depot_id [status:200 duration:0.047s]
[2025-11-24 20:00:23] [INFO] POST https://localhost:9200/.ml-anomalies-*/_search [status:200 duration:0.052s]
[2025-11-24 20:00:23] [INFO] POST https://localhost:9200/.ml-anomalies-*/_search [status:200 duration:0.058s]
[2025-11-24 20:00:23] [INFO] [ML] Summary generated: 257 anomalies in last 24h
[2025-11-24 20:00:23] [INFO] POST https://localhost:9200/.ml-anomalies-*/_search [status:200 duration:0.050s]
[2025-11-24 20:00:23] [INFO] POST https://localhost:9200/depot_air_qc_data/_search?_source_includes=tds_ppm,kekeruhan_ntu,suhu_celsius,%40timestamp,depot_id [status:200 duration:0.049s]
[2025-11-24 20:00:33] [INFO] POST https://localhost:9200/.ml-anomalies-*/_search [status:200 duration:0.055s]
[2025-11-24 20:00:33] [INFO] POST https://localhost:9200/.ml-anomalies-*/_search [status:200 duration:0.072s]
[2025-11-24 20:00:33] [INFO] [ML] Summary generated: 199 anomalies in last 24h
[2025-11-24 20:00:33] [INFO] POST https://localhost:9200/.ml-anomalies-*/_search [status:200 duration:0.056s]
[2025-11-24 20:00:33] [INFO] POST https://localhost:9200/depot_air_qc_data/_search?_source_includes=tds_ppm,kekeruhan_ntu,suhu_celsius,%40timestamp,depot_id [status:200 duration:0.054s]
[2025-11-24 20:00:43] [INFO] POST https://localhost:9200/.ml-anomalies-*/_search [status:200 duration:0.060s]
[2025-11-24 20:00:43] [INFO] POST https://localhost:9200/.ml-anomalies-*/_search [status:200 duration:0.065s]
[2025-11-24 20:00:43] [INFO] [ML] Summary generated: 199 anomalies in last 24h
[2025-11-24 20:00:43] [INFO] POST https://localhost:9200/.ml-anomalies-*/_search [status:200 duration:0.054s]
[2025-11-24 20:00:43] [INFO] POST https://localhost:9200/depot_air_qc_data/_search?_source_includes=tds_ppm,kekeruhan_ntu,suhu_celsius,%40timestamp,depot_id [status:200 duration:0.051s]
[2025-11-24 20:00:53] [INFO] POST https://localhost:9200/.ml-anomalies-*/_search [status:200 duration:0.057s]
[2025-11-24 20:00:53] [INFO] POST https://localhost:9200/.ml-anomalies-*/_search [status:200 duration:0.064s]
[2025-11-24 20:00:53] [INFO] [ML] Summary generated: 199 anomalies in last 24h
[2025-11-24 20:00:53] [INFO] POST https://localhost:9200/.ml-anomalies-*/_search [status:200 duration:0.062s]
[2025-11-24 20:00:53] [INFO] POST https://localhost:9200/depot_air_qc_data/_search?_source_includes=tds_ppm,kekeruhan_ntu,suhu_celsius,%40timestamp,depot_id [status:200 duration:0.059s]
[2025-11-24 20:01:03] [INFO] POST https://localhost:9200/.ml-anomalies-*/_search [status:200 duration:0.054s]
[2025-11-24 20:01:03] [INFO] POST https://localhost:9200/.ml-anomalies-*/_search [status:200 duration:0.063s]
[2025-11-24 20:01:03] [INFO] [ML] Summary generated: 395 anomalies in last 24h
[2025-11-24 20:01:03] [INFO] POST https://localhost:9200/.ml-anomalies-*/_search [status:200 duration:0.047s]
[2025-11-24 20:01:03] [INFO] POST https://localhost:9200/depot_air_qc_data/_search?_source_includes=tds_ppm,kekeruhan_ntu,suhu_celsius,%40timestamp,depot_id [status:200 duration:0.048s]
[2025-11-24 20:01:13] [INFO] POST https://localhost:9200/.ml-anomalies-*/_search [status:200 duration:0.067s]
[2025-11-24 20:01:13] [INFO] POST https://localhost:9200/.ml-anomalies-*/_search [status:200 duration:0.085s]
[2025-11-24 20:01:13] [INFO] [ML] Summary generated: 396 anomalies in last 24h
[2025-11-24 20:01:13] [INFO] POST https://localhost:9200/.ml-anomalies-*/_search [status:200 duration:0.060s]
[2025-11-24 20:01:14] [INFO] POST https://localhost:9200/depot_air_qc_data/_search?_source_includes=tds_ppm,kekeruhan_ntu,suhu_celsius,%40timestamp,depot_id [status:200 duration:0.062s]
[2025-11-24 20:01:21] [INFO] POST https://localhost:9200/.ml-anomalies-*/_search [status:200 duration:0.055s]
[2025-11-24 20:01:21] [INFO] POST https://localhost:9200/.ml-anomalies-*/_search [status:200 duration:0.061s]
[2025-11-24 20:01:21] [INFO] [ML] Summary generated: 396 anomalies in last 24h
[2025-11-24 20:01:21] [INFO] POST https://localhost:9200/.ml-anomalies-*/_search [status:200 duration:0.047s]
[2025-11-24 20:01:21] [INFO] POST https://localhost:9200/depot_air_qc_data/_search?_source_includes=tds_ppm,kekeruhan_ntu,suhu_celsius,%40timestamp,depot_id [status:200 duration:0.048s]
[2025-11-24 20:01:23] [INFO] POST https://localhost:9200/.ml-anomalies-*/_search [status:200 duration:0.073s]
[2025-11-24 20:01:23] [INFO] [ML] Summary generated: 396 anomalies in last 24h
[2025-11-24 20:01:23] [INFO] POST https://localhost:9200/.ml-anomalies-*/_search [status:200 duration:0.074s]
[2025-11-24 20:01:23] [INFO] POST https://localhost:9200/depot_air_qc_data/_search?_source_includes=tds_ppm,kekeruhan_ntu,suhu_celsius,%40timestamp,depot_id [status:200 duration:0.052s]
[2025-11-24 20:01:24] [INFO] POST https://localhost:9200/.ml-anomalies-*/_search [status:200 duration:0.050s]
[2025-11-24 20:01:33] [INFO] POST https://localhost:9200/.ml-anomalies-*/_search [status:200 duration:0.068s]
[2025-11-24 20:01:33] [INFO] POST https://localhost:9200/.ml-anomalies-*/_search [status:200 duration:0.095s]
[2025-11-24 20:01:33] [INFO] [ML] Summary generated: 396 anomalies in last 24h
[2025-11-24 20:01:33] [INFO] POST https://localhost:9200/depot_air_qc_data/_search?_source_includes=tds_ppm,kekeruhan_ntu,suhu_celsius,%40timestamp,depot_id [status:200 duration:0.006s]
[2025-11-24 20:01:33] [INFO] POST https://localhost:9200/.ml-anomalies-*/_search [status:200 duration:0.058s]
[2025-11-24 20:01:43] [INFO] POST https://localhost:9200/.ml-anomalies-*/_search [status:200 duration:0.089s]
[2025-11-24 20:01:43] [INFO] POST https://localhost:9200/.ml-anomalies-*/_search [status:200 duration:0.085s]
[2025-11-24 20:01:43] [INFO] [ML] Summary generated: 396 anomalies in last 24h
[2025-11-24 20:01:43] [INFO] POST https://localhost:9200/.ml-anomalies-*/_search [status:200 duration:0.054s]
[2025-11-24 20:01:44] [INFO] POST https://localhost:9200/depot_air_qc_data/_search?_source_includes=tds_ppm,kekeruhan_ntu,suhu_celsius,%40timestamp,depot_id [status:200 duration:0.051s]
[2025-11-24 20:01:48] [INFO] HEAD https://localhost:9200/ [status:200 duration:0.002s]
[2025-11-24 20:01:51] [INFO] PUT https://localhost:9200/_bulk [status:200 duration:0.067s]
[2025-11-24 20:01:51] [INFO] [BULK] Flushed 1 docs in 0.070s (total: 48, buffer: 5)
[2025-11-24 20:01:53] [INFO] POST https://localhost:9200/.ml-anomalies-*/_search [status:200 duration:0.061s]
[2025-11-24 20:01:53] [INFO] POST https://localhost:9200/.ml-anomalies-*/_search [status:200 duration:0.071s]
[2025-11-24 20:01:53] [INFO] [ML] Summary generated: 396 anomalies in last 24h
[2025-11-24 20:01:53] [INFO] POST https://localhost:9200/.ml-anomalies-*/_search [status:200 duration:0.055s]
[2025-11-24 20:01:53] [INFO] POST https://localhost:9200/depot_air_qc_data/_search?_source_includes=tds_ppm,kekeruhan_ntu,suhu_celsius,%40timestamp,depot_id [status:200 duration:0.055s]
[2025-11-24 20:02:02] [INFO] [SHUTDOWN] Graceful shutdown initiated...
[2025-11-24 20:02:02] [INFO] [SHUTDOWN] Complete
[2025-11-24 20:58:47] [INFO] ======================================================================
[2025-11-24 20:58:47] [INFO] AQUAGUARD MIDDLEWARE SERVER v6.0
[2025-11-24 20:58:47] [INFO] ======================================================================
[2025-11-24 20:58:47] [INFO] [INIT] Connecting to Elasticsearch: https://localhost:9200
[2025-11-24 20:58:47] [INFO] [INIT] Using CA certificate: http_ca.crt
[2025-11-24 20:58:52] [INFO] HEAD https://localhost:9200/ [status:N/A duration:4.117s]
[2025-11-24 20:58:52] [WARNING] Node <Urllib3HttpNode(https://localhost:9200)> has failed for 1 times in a row, putting on 1 second timeout
[2025-11-24 20:58:52] [WARNING] Retrying request after failure (attempt 0 of 3)
Traceback (most recent call last):
  File "C:\Users\vanguard\AppData\Local\Programs\Python\Python310\lib\site-packages\elastic_transport\_transport.py", line 328, in perform_request
    meta, raw_data = node.perform_request(
  File "C:\Users\vanguard\AppData\Local\Programs\Python\Python310\lib\site-packages\elastic_transport\_node\_http_urllib3.py", line 202, in perform_request
    raise err from None
elastic_transport.ConnectionError: Connection error caused by: NewConnectionError(<elastic_transport._node._urllib3_chain_certs.HTTPSConnection object at 0x0000019363F1D570>: Failed to establish a new connection: [WinError 10061] No connection could be made because the target machine actively refused it)
[2025-11-24 20:58:56] [INFO] HEAD https://localhost:9200/ [status:N/A duration:4.111s]
[2025-11-24 20:58:56] [WARNING] Node <Urllib3HttpNode(https://localhost:9200)> has failed for 2 times in a row, putting on 2 second timeout
[2025-11-24 20:58:56] [WARNING] Retrying request after failure (attempt 1 of 3)
Traceback (most recent call last):
  File "C:\Users\vanguard\AppData\Local\Programs\Python\Python310\lib\site-packages\elastic_transport\_transport.py", line 328, in perform_request
    meta, raw_data = node.perform_request(
  File "C:\Users\vanguard\AppData\Local\Programs\Python\Python310\lib\site-packages\elastic_transport\_node\_http_urllib3.py", line 202, in perform_request
    raise err from None
elastic_transport.ConnectionError: Connection error caused by: NewConnectionError(<elastic_transport._node._urllib3_chain_certs.HTTPSConnection object at 0x0000019363F1D1E0>: Failed to establish a new connection: [WinError 10061] No connection could be made because the target machine actively refused it)
[2025-11-24 20:58:56] [INFO] Resurrected node <Urllib3HttpNode(https://localhost:9200)> (force=False)
[2025-11-24 20:59:00] [INFO] HEAD https://localhost:9200/ [status:N/A duration:4.097s]
[2025-11-24 20:59:00] [WARNING] Node <Urllib3HttpNode(https://localhost:9200)> has failed for 3 times in a row, putting on 4 second timeout
[2025-11-24 20:59:00] [WARNING] Retrying request after failure (attempt 2 of 3)
Traceback (most recent call last):
  File "C:\Users\vanguard\AppData\Local\Programs\Python\Python310\lib\site-packages\elastic_transport\_transport.py", line 328, in perform_request
    meta, raw_data = node.perform_request(
  File "C:\Users\vanguard\AppData\Local\Programs\Python\Python310\lib\site-packages\elastic_transport\_node\_http_urllib3.py", line 202, in perform_request
    raise err from None
elastic_transport.ConnectionError: Connection error caused by: NewConnectionError(<elastic_transport._node._urllib3_chain_certs.HTTPSConnection object at 0x0000019363F1CDF0>: Failed to establish a new connection: [WinError 10061] No connection could be made because the target machine actively refused it)
[2025-11-24 20:59:00] [INFO] Resurrected node <Urllib3HttpNode(https://localhost:9200)> (force=False)
[2025-11-24 20:59:04] [INFO] HEAD https://localhost:9200/ [status:N/A duration:4.080s]
[2025-11-24 20:59:04] [WARNING] Node <Urllib3HttpNode(https://localhost:9200)> has failed for 4 times in a row, putting on 8 second timeout
[2025-11-24 20:59:04] [ERROR] [FATAL] Failed to connect to Elasticsearch: Elasticsearch not responding
[2025-11-24 21:01:08] [INFO] ======================================================================
[2025-11-24 21:01:08] [INFO] AQUAGUARD MIDDLEWARE SERVER v6.0
[2025-11-24 21:01:08] [INFO] ======================================================================
[2025-11-24 21:01:08] [INFO] [INIT] Connecting to Elasticsearch: https://localhost:9200
[2025-11-24 21:01:08] [INFO] [INIT] Using CA certificate: http_ca.crt
[2025-11-24 21:01:08] [INFO] HEAD https://localhost:9200/ [status:200 duration:0.051s]
[2025-11-24 21:01:08] [INFO] HEAD https://localhost:9200/depot_air_qc_data [status:200 duration:0.013s]
[2025-11-24 21:01:08] [INFO] POST https://localhost:9200/depot_air_qc_data/_count [status:200 duration:0.013s]
[2025-11-24 21:01:08] [INFO] [SUCCESS] Connected to Elasticsearch
[2025-11-24 21:01:08] [INFO] [INFO] Index 'depot_air_qc_data' has 809 documents
[2025-11-24 21:01:08] [INFO] [INIT] CSV Exporter enabled
[2025-11-24 21:01:08] [INFO] [INFO] Reports will be saved to: reports
[2025-11-24 21:01:08] [INFO] [INIT] Adaptive Bulk Buffer Manager started
[2025-11-24 21:01:08] [INFO] [CONFIG] Buffer range: 5-100 docs
[2025-11-24 21:01:08] [INFO] [CONFIG] Interval range: 0.5-5.0s
[2025-11-24 21:01:08] [INFO] [INIT] Telegram Anomaly Notifier initialized
[2025-11-24 21:01:09] [INFO] ======================================================================
[2025-11-24 21:01:09] [INFO] [START] Server starting on 0.0.0.0:5000
[2025-11-24 21:01:09] [INFO] ======================================================================
[2025-11-24 21:01:09] [INFO] Serving on http://0.0.0.0:5000
[2025-11-24 21:02:08] [INFO] POST https://localhost:9200/.ml-anomalies-*/_search [status:200 duration:0.053s]
[2025-11-24 21:02:08] [INFO] POST https://localhost:9200/.ml-anomalies-*/_search [status:200 duration:0.056s]
[2025-11-24 21:02:08] [INFO] [ML] Summary generated: 384 anomalies in last 24h
[2025-11-24 21:02:08] [INFO] POST https://localhost:9200/.ml-anomalies-*/_search [status:200 duration:0.054s]
[2025-11-24 21:02:08] [INFO] POST https://localhost:9200/depot_air_qc_data/_search?_source_includes=tds_ppm,kekeruhan_ntu,suhu_celsius,%40timestamp,depot_id [status:200 duration:0.046s]
[2025-11-24 21:02:18] [INFO] POST https://localhost:9200/.ml-anomalies-*/_search [status:200 duration:0.050s]
[2025-11-24 21:02:18] [INFO] POST https://localhost:9200/.ml-anomalies-*/_search [status:200 duration:0.067s]
[2025-11-24 21:02:18] [INFO] [ML] Summary generated: 384 anomalies in last 24h
[2025-11-24 21:02:18] [INFO] POST https://localhost:9200/.ml-anomalies-*/_search [status:200 duration:0.054s]
[2025-11-24 21:02:18] [INFO] POST https://localhost:9200/depot_air_qc_data/_search?_source_includes=tds_ppm,kekeruhan_ntu,suhu_celsius,%40timestamp,depot_id [status:200 duration:0.052s]
[2025-11-24 21:02:19] [INFO] POST https://localhost:9200/.ml-anomalies-*/_search [status:200 duration:0.048s]
[2025-11-24 21:02:19] [INFO] POST https://localhost:9200/.ml-anomalies-*/_search [status:200 duration:0.057s]
[2025-11-24 21:02:19] [INFO] [ML] Summary generated: 384 anomalies in last 24h
[2025-11-24 21:02:19] [INFO] POST https://localhost:9200/.ml-anomalies-*/_search [status:200 duration:0.048s]
[2025-11-24 21:02:19] [INFO] POST https://localhost:9200/depot_air_qc_data/_search?_source_includes=tds_ppm,kekeruhan_ntu,suhu_celsius,%40timestamp,depot_id [status:200 duration:0.050s]
[2025-11-24 21:02:21] [INFO] POST https://localhost:9200/.ml-anomalies-*/_search [status:200 duration:0.046s]
[2025-11-24 21:02:21] [INFO] POST https://localhost:9200/.ml-anomalies-*/_search [status:200 duration:0.054s]
[2025-11-24 21:02:21] [INFO] [ML] Summary generated: 384 anomalies in last 24h
[2025-11-24 21:02:21] [INFO] POST https://localhost:9200/.ml-anomalies-*/_search [status:200 duration:0.049s]
[2025-11-24 21:02:21] [INFO] POST https://localhost:9200/depot_air_qc_data/_search?_source_includes=tds_ppm,kekeruhan_ntu,suhu_celsius,%40timestamp,depot_id [status:200 duration:0.048s]
[2025-11-24 21:02:27] [INFO] POST https://localhost:9200/depot_air_qc_data/_search?_source_includes=tds_ppm,kekeruhan_ntu,suhu_celsius,%40timestamp [status:200 duration:0.058s]
[2025-11-24 21:02:27] [INFO] [QUERY] Historical: 50 documents
[2025-11-24 21:02:29] [INFO] POST https://localhost:9200/.ml-anomalies-*/_search [status:200 duration:0.051s]
[2025-11-24 21:02:29] [INFO] POST https://localhost:9200/.ml-anomalies-*/_search [status:200 duration:0.061s]
[2025-11-24 21:02:29] [INFO] [ML] Summary generated: 384 anomalies in last 24h
[2025-11-24 21:02:29] [INFO] POST https://localhost:9200/.ml-anomalies-*/_search [status:200 duration:0.050s]
[2025-11-24 21:02:29] [INFO] POST https://localhost:9200/depot_air_qc_data/_search?_source_includes=tds_ppm,kekeruhan_ntu,suhu_celsius,%40timestamp,depot_id [status:200 duration:0.049s]
[2025-11-24 21:02:31] [INFO] POST https://localhost:9200/.ml-anomalies-*/_search [status:200 duration:0.062s]
[2025-11-24 21:02:31] [INFO] POST https://localhost:9200/.ml-anomalies-*/_search [status:200 duration:0.086s]
[2025-11-24 21:02:31] [INFO] [ML] Summary generated: 384 anomalies in last 24h
[2025-11-24 21:02:31] [INFO] POST https://localhost:9200/depot_air_qc_data/_search?_source_includes=tds_ppm,kekeruhan_ntu,suhu_celsius,%40timestamp,depot_id [status:200 duration:0.007s]
[2025-11-24 21:02:31] [INFO] POST https://localhost:9200/.ml-anomalies-*/_search [status:200 duration:0.054s]
[2025-11-24 21:02:39] [INFO] POST https://localhost:9200/.ml-anomalies-*/_search [status:200 duration:0.056s]
[2025-11-24 21:02:39] [INFO] POST https://localhost:9200/.ml-anomalies-*/_search [status:200 duration:0.066s]
[2025-11-24 21:02:39] [INFO] [ML] Summary generated: 384 anomalies in last 24h
[2025-11-24 21:02:39] [INFO] POST https://localhost:9200/.ml-anomalies-*/_search [status:200 duration:0.050s]
[2025-11-24 21:02:39] [INFO] POST https://localhost:9200/depot_air_qc_data/_search?_source_includes=tds_ppm,kekeruhan_ntu,suhu_celsius,%40timestamp,depot_id [status:200 duration:0.049s]
[2025-11-24 21:02:40] [INFO] POST https://localhost:9200/depot_air_qc_data/_search?_source_includes=tds_ppm,kekeruhan_ntu,suhu_celsius,%40timestamp [status:200 duration:0.060s]
[2025-11-24 21:02:40] [INFO] [QUERY] Historical: 50 documents
[2025-11-24 21:02:41] [INFO] POST https://localhost:9200/.ml-anomalies-*/_search [status:200 duration:0.046s]
[2025-11-24 21:02:41] [INFO] POST https://localhost:9200/.ml-anomalies-*/_search [status:200 duration:0.052s]
[2025-11-24 21:02:41] [INFO] [ML] Summary generated: 384 anomalies in last 24h
[2025-11-24 21:02:41] [INFO] POST https://localhost:9200/.ml-anomalies-*/_search [status:200 duration:0.049s]
[2025-11-24 21:02:41] [INFO] POST https://localhost:9200/depot_air_qc_data/_search?_source_includes=tds_ppm,kekeruhan_ntu,suhu_celsius,%40timestamp,depot_id [status:200 duration:0.047s]
[2025-11-24 21:02:44] [INFO] POST https://localhost:9200/depot_air_qc_data/_search?_source_includes=tds_ppm,kekeruhan_ntu,suhu_celsius,%40timestamp [status:200 duration:0.051s]
[2025-11-24 21:02:44] [INFO] [QUERY] Historical: 50 documents
[2025-11-24 21:02:46] [INFO] POST https://localhost:9200/.ml-anomalies-*/_search [status:200 duration:0.051s]
[2025-11-24 21:02:46] [INFO] [ML] Retrieved 100 anomalies (total: 384)
[2025-11-24 21:02:48] [INFO] POST https://localhost:9200/.ml-anomalies-*/_search [status:200 duration:0.048s]
[2025-11-24 21:02:48] [INFO] [ML] Retrieved 2 anomalies (total: 2)
[2025-11-24 21:02:49] [INFO] POST https://localhost:9200/.ml-anomalies-*/_search [status:200 duration:0.053s]
[2025-11-24 21:02:49] [INFO] [ML] Summary generated: 384 anomalies in last 24h
[2025-11-24 21:02:49] [INFO] POST https://localhost:9200/.ml-anomalies-*/_search [status:200 duration:0.046s]
[2025-11-24 21:02:49] [INFO] POST https://localhost:9200/.ml-anomalies-*/_search [status:200 duration:0.051s]
[2025-11-24 21:02:49] [INFO] POST https://localhost:9200/depot_air_qc_data/_search?_source_includes=tds_ppm,kekeruhan_ntu,suhu_celsius,%40timestamp,depot_id [status:200 duration:0.049s]
[2025-11-24 21:02:51] [INFO] POST https://localhost:9200/.ml-anomalies-*/_search [status:200 duration:0.048s]
[2025-11-24 21:02:51] [INFO] POST https://localhost:9200/.ml-anomalies-*/_search [status:200 duration:0.055s]
[2025-11-24 21:02:51] [INFO] [ML] Summary generated: 384 anomalies in last 24h
[2025-11-24 21:02:51] [INFO] POST https://localhost:9200/.ml-anomalies-*/_search [status:200 duration:0.046s]
[2025-11-24 21:02:51] [INFO] POST https://localhost:9200/depot_air_qc_data/_search?_source_includes=tds_ppm,kekeruhan_ntu,suhu_celsius,%40timestamp,depot_id [status:200 duration:0.048s]
[2025-11-24 21:02:52] [INFO] POST https://localhost:9200/.ml-anomalies-*/_search [status:200 duration:0.053s]
[2025-11-24 21:02:52] [INFO] [ML] Retrieved 0 anomalies (total: 0)
[2025-11-24 21:02:54] [INFO] POST https://localhost:9200/.ml-anomalies-*/_search [status:200 duration:0.060s]
[2025-11-24 21:02:54] [INFO] [ML] Retrieved 100 anomalies (total: 384)
[2025-11-24 21:02:59] [INFO] POST https://localhost:9200/.ml-anomalies-*/_search [status:200 duration:0.046s]
[2025-11-24 21:02:59] [INFO] POST https://localhost:9200/.ml-anomalies-*/_search [status:200 duration:0.049s]
[2025-11-24 21:02:59] [INFO] [ML] Summary generated: 384 anomalies in last 24h
[2025-11-24 21:02:59] [INFO] POST https://localhost:9200/.ml-anomalies-*/_search [status:200 duration:0.048s]
[2025-11-24 21:02:59] [INFO] POST https://localhost:9200/depot_air_qc_data/_search?_source_includes=tds_ppm,kekeruhan_ntu,suhu_celsius,%40timestamp,depot_id [status:200 duration:0.047s]
[2025-11-24 21:03:01] [INFO] POST https://localhost:9200/.ml-anomalies-*/_search [status:200 duration:0.048s]
[2025-11-24 21:03:01] [INFO] POST https://localhost:9200/.ml-anomalies-*/_search [status:200 duration:0.052s]
[2025-11-24 21:03:01] [INFO] [ML] Summary generated: 384 anomalies in last 24h
[2025-11-24 21:03:01] [INFO] POST https://localhost:9200/.ml-anomalies-*/_search [status:200 duration:0.046s]
[2025-11-24 21:03:01] [INFO] POST https://localhost:9200/depot_air_qc_data/_search?_source_includes=tds_ppm,kekeruhan_ntu,suhu_celsius,%40timestamp,depot_id [status:200 duration:0.047s]
[2025-11-24 21:03:03] [INFO] POST https://localhost:9200/.ml-anomalies-*/_search [status:200 duration:0.071s]
[2025-11-24 21:03:03] [INFO] [ML] Retrieved 2 anomalies (total: 2)
[2025-11-24 21:03:05] [INFO] POST https://localhost:9200/depot_air_qc_data/_search?_source_includes=tds_ppm,kekeruhan_ntu,suhu_celsius,%40timestamp [status:200 duration:0.050s]
[2025-11-24 21:03:05] [INFO] [QUERY] Historical: 50 documents
[2025-11-24 21:03:09] [INFO] POST https://localhost:9200/.ml-anomalies-*/_search [status:200 duration:0.048s]
[2025-11-24 21:03:09] [INFO] POST https://localhost:9200/.ml-anomalies-*/_search [status:200 duration:0.054s]
[2025-11-24 21:03:09] [INFO] [ML] Summary generated: 384 anomalies in last 24h
[2025-11-24 21:03:09] [INFO] POST https://localhost:9200/.ml-anomalies-*/_search [status:200 duration:0.045s]
[2025-11-24 21:03:09] [INFO] POST https://localhost:9200/depot_air_qc_data/_search?_source_includes=tds_ppm,kekeruhan_ntu,suhu_celsius,%40timestamp,depot_id [status:200 duration:0.048s]
[2025-11-24 21:03:11] [INFO] POST https://localhost:9200/.ml-anomalies-*/_search [status:200 duration:0.047s]
[2025-11-24 21:03:11] [INFO] POST https://localhost:9200/.ml-anomalies-*/_search [status:200 duration:0.055s]
[2025-11-24 21:03:11] [INFO] [ML] Summary generated: 384 anomalies in last 24h
[2025-11-24 21:03:11] [INFO] POST https://localhost:9200/.ml-anomalies-*/_search [status:200 duration:0.047s]
[2025-11-24 21:03:11] [INFO] POST https://localhost:9200/depot_air_qc_data/_search?_source_includes=tds_ppm,kekeruhan_ntu,suhu_celsius,%40timestamp,depot_id [status:200 duration:0.050s]
[2025-11-24 21:03:19] [INFO] POST https://localhost:9200/.ml-anomalies-*/_search [status:200 duration:0.048s]
[2025-11-24 21:03:19] [INFO] POST https://localhost:9200/.ml-anomalies-*/_search [status:200 duration:0.054s]
[2025-11-24 21:03:19] [INFO] [ML] Summary generated: 384 anomalies in last 24h
[2025-11-24 21:03:19] [INFO] POST https://localhost:9200/.ml-anomalies-*/_search [status:200 duration:0.047s]
[2025-11-24 21:03:19] [INFO] POST https://localhost:9200/depot_air_qc_data/_search?_source_includes=tds_ppm,kekeruhan_ntu,suhu_celsius,%40timestamp,depot_id [status:200 duration:0.047s]
[2025-11-24 21:03:19] [INFO] POST https://localhost:9200/depot_air_qc_data/_search?_source_includes=tds_ppm,kekeruhan_ntu,suhu_celsius,%40timestamp [status:200 duration:0.052s]
[2025-11-24 21:03:19] [INFO] [QUERY] Historical: 50 documents
[2025-11-24 21:03:20] [INFO] POST https://localhost:9200/.ml-anomalies-*/_search [status:200 duration:0.068s]
[2025-11-24 21:03:20] [INFO] [ML] Summary generated: 384 anomalies in last 24h
[2025-11-24 21:03:21] [INFO] POST https://localhost:9200/.ml-anomalies-*/_search [status:200 duration:0.048s]
[2025-11-24 21:03:21] [INFO] POST https://localhost:9200/.ml-anomalies-*/_search [status:200 duration:0.051s]
[2025-11-24 21:03:21] [INFO] [ML] Summary generated: 384 anomalies in last 24h
[2025-11-24 21:03:21] [INFO] POST https://localhost:9200/.ml-anomalies-*/_search [status:200 duration:0.051s]
[2025-11-24 21:03:21] [INFO] POST https://localhost:9200/depot_air_qc_data/_search?_source_includes=tds_ppm,kekeruhan_ntu,suhu_celsius,%40timestamp,depot_id [status:200 duration:0.047s]
[2025-11-24 21:03:29] [INFO] POST https://localhost:9200/.ml-anomalies-*/_search [status:200 duration:0.056s]
[2025-11-24 21:03:29] [INFO] POST https://localhost:9200/.ml-anomalies-*/_search [status:200 duration:0.064s]
[2025-11-24 21:03:29] [INFO] [ML] Summary generated: 384 anomalies in last 24h
[2025-11-24 21:03:29] [INFO] POST https://localhost:9200/.ml-anomalies-*/_search [status:200 duration:0.050s]
[2025-11-24 21:03:29] [INFO] POST https://localhost:9200/depot_air_qc_data/_search?_source_includes=tds_ppm,kekeruhan_ntu,suhu_celsius,%40timestamp,depot_id [status:200 duration:0.044s]
[2025-11-24 21:03:32] [INFO] POST https://localhost:9200/.ml-anomalies-*/_search [status:200 duration:0.050s]
[2025-11-24 21:03:32] [INFO] POST https://localhost:9200/.ml-anomalies-*/_search [status:200 duration:0.064s]
[2025-11-24 21:03:32] [INFO] [ML] Summary generated: 384 anomalies in last 24h
[2025-11-24 21:03:32] [INFO] POST https://localhost:9200/.ml-anomalies-*/_search [status:200 duration:0.046s]
[2025-11-24 21:03:32] [INFO] POST https://localhost:9200/depot_air_qc_data/_search?_source_includes=tds_ppm,kekeruhan_ntu,suhu_celsius,%40timestamp,depot_id [status:200 duration:0.045s]
[2025-11-24 21:03:39] [INFO] POST https://localhost:9200/.ml-anomalies-*/_search [status:200 duration:0.051s]
[2025-11-24 21:03:39] [INFO] POST https://localhost:9200/.ml-anomalies-*/_search [status:200 duration:0.059s]
[2025-11-24 21:03:39] [INFO] [ML] Summary generated: 384 anomalies in last 24h
[2025-11-24 21:03:39] [INFO] POST https://localhost:9200/.ml-anomalies-*/_search [status:200 duration:0.048s]
[2025-11-24 21:03:39] [INFO] POST https://localhost:9200/depot_air_qc_data/_search?_source_includes=tds_ppm,kekeruhan_ntu,suhu_celsius,%40timestamp,depot_id [status:200 duration:0.049s]
[2025-11-24 21:03:41] [INFO] POST https://localhost:9200/.ml-anomalies-*/_search [status:200 duration:0.052s]
[2025-11-24 21:03:41] [INFO] POST https://localhost:9200/.ml-anomalies-*/_search [status:200 duration:0.061s]
[2025-11-24 21:03:41] [INFO] [ML] Summary generated: 384 anomalies in last 24h
[2025-11-24 21:03:41] [INFO] POST https://localhost:9200/.ml-anomalies-*/_search [status:200 duration:0.046s]
[2025-11-24 21:03:41] [INFO] POST https://localhost:9200/depot_air_qc_data/_search?_source_includes=tds_ppm,kekeruhan_ntu,suhu_celsius,%40timestamp,depot_id [status:200 duration:0.048s]
[2025-11-24 21:03:49] [INFO] POST https://localhost:9200/.ml-anomalies-*/_search [status:200 duration:0.051s]
[2025-11-24 21:03:49] [INFO] POST https://localhost:9200/.ml-anomalies-*/_search [status:200 duration:0.059s]
[2025-11-24 21:03:49] [INFO] [ML] Summary generated: 384 anomalies in last 24h
[2025-11-24 21:03:49] [INFO] POST https://localhost:9200/.ml-anomalies-*/_search [status:200 duration:0.045s]
[2025-11-24 21:03:49] [INFO] POST https://localhost:9200/depot_air_qc_data/_search?_source_includes=tds_ppm,kekeruhan_ntu,suhu_celsius,%40timestamp,depot_id [status:200 duration:0.045s]
[2025-11-24 21:03:51] [INFO] POST https://localhost:9200/.ml-anomalies-*/_search [status:200 duration:0.049s]
[2025-11-24 21:03:51] [INFO] POST https://localhost:9200/.ml-anomalies-*/_search [status:200 duration:0.056s]
[2025-11-24 21:03:51] [INFO] [ML] Summary generated: 384 anomalies in last 24h
[2025-11-24 21:03:51] [INFO] POST https://localhost:9200/.ml-anomalies-*/_search [status:200 duration:0.048s]
[2025-11-24 21:03:51] [INFO] POST https://localhost:9200/depot_air_qc_data/_search?_source_includes=tds_ppm,kekeruhan_ntu,suhu_celsius,%40timestamp,depot_id [status:200 duration:0.049s]
[2025-11-24 21:03:59] [INFO] POST https://localhost:9200/.ml-anomalies-*/_search [status:200 duration:0.048s]
[2025-11-24 21:03:59] [INFO] POST https://localhost:9200/.ml-anomalies-*/_search [status:200 duration:0.053s]
[2025-11-24 21:03:59] [INFO] [ML] Summary generated: 384 anomalies in last 24h
[2025-11-24 21:03:59] [INFO] POST https://localhost:9200/.ml-anomalies-*/_search [status:200 duration:0.046s]
[2025-11-24 21:03:59] [INFO] POST https://localhost:9200/depot_air_qc_data/_search?_source_includes=tds_ppm,kekeruhan_ntu,suhu_celsius,%40timestamp,depot_id [status:200 duration:0.053s]
[2025-11-24 21:04:01] [INFO] POST https://localhost:9200/.ml-anomalies-*/_search [status:200 duration:0.059s]
[2025-11-24 21:04:01] [INFO] POST https://localhost:9200/.ml-anomalies-*/_search [status:200 duration:0.061s]
[2025-11-24 21:04:01] [INFO] [ML] Summary generated: 384 anomalies in last 24h
[2025-11-24 21:04:01] [INFO] POST https://localhost:9200/.ml-anomalies-*/_search [status:200 duration:0.046s]
[2025-11-24 21:04:01] [INFO] POST https://localhost:9200/depot_air_qc_data/_search?_source_includes=tds_ppm,kekeruhan_ntu,suhu_celsius,%40timestamp,depot_id [status:200 duration:0.045s]
[2025-11-24 21:04:09] [INFO] POST https://localhost:9200/.ml-anomalies-*/_search [status:200 duration:0.047s]
[2025-11-24 21:04:09] [INFO] POST https://localhost:9200/.ml-anomalies-*/_search [status:200 duration:0.054s]
[2025-11-24 21:04:09] [INFO] [ML] Summary generated: 384 anomalies in last 24h
[2025-11-24 21:04:09] [INFO] POST https://localhost:9200/.ml-anomalies-*/_search [status:200 duration:0.047s]
[2025-11-24 21:04:09] [INFO] POST https://localhost:9200/depot_air_qc_data/_search?_source_includes=tds_ppm,kekeruhan_ntu,suhu_celsius,%40timestamp,depot_id [status:200 duration:0.048s]
[2025-11-24 21:04:11] [INFO] POST https://localhost:9200/.ml-anomalies-*/_search [status:200 duration:0.047s]
[2025-11-24 21:04:11] [INFO] POST https://localhost:9200/.ml-anomalies-*/_search [status:200 duration:0.058s]
[2025-11-24 21:04:11] [INFO] [ML] Summary generated: 384 anomalies in last 24h
[2025-11-24 21:04:11] [INFO] POST https://localhost:9200/.ml-anomalies-*/_search [status:200 duration:0.046s]
[2025-11-24 21:04:11] [INFO] POST https://localhost:9200/depot_air_qc_data/_search?_source_includes=tds_ppm,kekeruhan_ntu,suhu_celsius,%40timestamp,depot_id [status:200 duration:0.051s]
[2025-11-24 21:04:20] [INFO] POST https://localhost:9200/depot_air_qc_data/_search?_source_includes=tds_ppm,kekeruhan_ntu,suhu_celsius,%40timestamp,depot_id [status:200 duration:0.045s]
[2025-11-24 21:04:20] [INFO] POST https://localhost:9200/.ml-anomalies-*/_search [status:200 duration:0.053s]
[2025-11-24 21:04:20] [INFO] [ML] Summary generated: 384 anomalies in last 24h
[2025-11-24 21:04:20] [INFO] POST https://localhost:9200/.ml-anomalies-*/_search [status:200 duration:0.031s]
[2025-11-24 21:04:20] [INFO] POST https://localhost:9200/.ml-anomalies-*/_search [status:200 duration:0.045s]
[2025-11-24 21:04:21] [INFO] POST https://localhost:9200/.ml-anomalies-*/_search [status:200 duration:0.047s]
[2025-11-24 21:04:21] [INFO] POST https://localhost:9200/.ml-anomalies-*/_search [status:200 duration:0.053s]
[2025-11-24 21:04:21] [INFO] [ML] Summary generated: 384 anomalies in last 24h
[2025-11-24 21:04:21] [INFO] POST https://localhost:9200/.ml-anomalies-*/_search [status:200 duration:0.047s]
[2025-11-24 21:04:21] [INFO] POST https://localhost:9200/depot_air_qc_data/_search?_source_includes=tds_ppm,kekeruhan_ntu,suhu_celsius,%40timestamp,depot_id [status:200 duration:0.045s]
[2025-11-24 21:04:29] [INFO] POST https://localhost:9200/.ml-anomalies-*/_search [status:200 duration:0.051s]
[2025-11-24 21:04:29] [INFO] POST https://localhost:9200/.ml-anomalies-*/_search [status:200 duration:0.056s]
[2025-11-24 21:04:29] [INFO] [ML] Summary generated: 384 anomalies in last 24h
[2025-11-24 21:04:29] [INFO] POST https://localhost:9200/.ml-anomalies-*/_search [status:200 duration:0.048s]
[2025-11-24 21:04:29] [INFO] POST https://localhost:9200/depot_air_qc_data/_search?_source_includes=tds_ppm,kekeruhan_ntu,suhu_celsius,%40timestamp,depot_id [status:200 duration:0.046s]
[2025-11-24 21:04:31] [INFO] POST https://localhost:9200/.ml-anomalies-*/_search [status:200 duration:0.056s]
[2025-11-24 21:04:31] [INFO] POST https://localhost:9200/.ml-anomalies-*/_search [status:200 duration:0.071s]
[2025-11-24 21:04:31] [INFO] [ML] Summary generated: 384 anomalies in last 24h
[2025-11-24 21:04:31] [INFO] POST https://localhost:9200/.ml-anomalies-*/_search [status:200 duration:0.046s]
[2025-11-24 21:04:31] [INFO] POST https://localhost:9200/depot_air_qc_data/_search?_source_includes=tds_ppm,kekeruhan_ntu,suhu_celsius,%40timestamp,depot_id [status:200 duration:0.045s]
[2025-11-24 21:04:39] [INFO] POST https://localhost:9200/.ml-anomalies-*/_search [status:200 duration:0.052s]
[2025-11-24 21:04:39] [INFO] [ML] Summary generated: 384 anomalies in last 24h
[2025-11-24 21:04:39] [INFO] POST https://localhost:9200/.ml-anomalies-*/_search [status:200 duration:0.051s]
[2025-11-24 21:04:39] [INFO] POST https://localhost:9200/.ml-anomalies-*/_search [status:200 duration:0.051s]
[2025-11-24 21:04:39] [INFO] POST https://localhost:9200/depot_air_qc_data/_search?_source_includes=tds_ppm,kekeruhan_ntu,suhu_celsius,%40timestamp,depot_id [status:200 duration:0.050s]
[2025-11-24 21:04:41] [INFO] POST https://localhost:9200/.ml-anomalies-*/_search [status:200 duration:0.055s]
[2025-11-24 21:04:41] [INFO] POST https://localhost:9200/.ml-anomalies-*/_search [status:200 duration:0.071s]
[2025-11-24 21:04:41] [INFO] [ML] Summary generated: 384 anomalies in last 24h
[2025-11-24 21:04:41] [INFO] POST https://localhost:9200/.ml-anomalies-*/_search [status:200 duration:0.050s]
[2025-11-24 21:04:41] [INFO] POST https://localhost:9200/depot_air_qc_data/_search?_source_includes=tds_ppm,kekeruhan_ntu,suhu_celsius,%40timestamp,depot_id [status:200 duration:0.051s]
[2025-11-24 21:04:49] [INFO] POST https://localhost:9200/.ml-anomalies-*/_search [status:200 duration:0.050s]
[2025-11-24 21:04:49] [INFO] POST https://localhost:9200/.ml-anomalies-*/_search [status:200 duration:0.056s]
[2025-11-24 21:04:49] [INFO] [ML] Summary generated: 384 anomalies in last 24h
[2025-11-24 21:04:49] [INFO] POST https://localhost:9200/.ml-anomalies-*/_search [status:200 duration:0.047s]
[2025-11-24 21:04:49] [INFO] POST https://localhost:9200/depot_air_qc_data/_search?_source_includes=tds_ppm,kekeruhan_ntu,suhu_celsius,%40timestamp,depot_id [status:200 duration:0.048s]
[2025-11-24 21:05:18] [INFO] POST https://localhost:9200/.ml-anomalies-*/_search [status:200 duration:0.049s]
[2025-11-24 21:05:18] [INFO] POST https://localhost:9200/.ml-anomalies-*/_search [status:200 duration:0.055s]
[2025-11-24 21:05:18] [INFO] [ML] Summary generated: 384 anomalies in last 24h
[2025-11-24 21:05:18] [INFO] POST https://localhost:9200/.ml-anomalies-*/_search [status:200 duration:0.052s]
[2025-11-24 21:05:18] [INFO] POST https://localhost:9200/depot_air_qc_data/_search?_source_includes=tds_ppm,kekeruhan_ntu,suhu_celsius,%40timestamp,depot_id [status:200 duration:0.049s]
[2025-11-24 21:05:25] [INFO] POST https://localhost:9200/.ml-anomalies-*/_search [status:200 duration:0.048s]
[2025-11-24 21:05:25] [INFO] POST https://localhost:9200/.ml-anomalies-*/_search [status:200 duration:0.055s]
[2025-11-24 21:05:25] [INFO] [ML] Summary generated: 384 anomalies in last 24h
[2025-11-24 21:05:25] [INFO] POST https://localhost:9200/.ml-anomalies-*/_search [status:200 duration:0.046s]
[2025-11-24 21:05:25] [INFO] POST https://localhost:9200/depot_air_qc_data/_search?_source_includes=tds_ppm,kekeruhan_ntu,suhu_celsius,%40timestamp,depot_id [status:200 duration:0.045s]
[2025-11-24 21:05:43] [INFO] POST https://localhost:9200/.ml-anomalies-*/_search [status:200 duration:0.051s]
[2025-11-24 21:05:43] [INFO] POST https://localhost:9200/.ml-anomalies-*/_search [status:200 duration:0.057s]
[2025-11-24 21:05:43] [INFO] [ML] Summary generated: 384 anomalies in last 24h
[2025-11-24 21:05:43] [INFO] POST https://localhost:9200/.ml-anomalies-*/_search [status:200 duration:0.050s]
[2025-11-24 21:05:43] [INFO] POST https://localhost:9200/depot_air_qc_data/_search?_source_includes=tds_ppm,kekeruhan_ntu,suhu_celsius,%40timestamp,depot_id [status:200 duration:0.045s]
[2025-11-24 21:05:46] [INFO] POST https://localhost:9200/.ml-anomalies-*/_search [status:200 duration:0.050s]
[2025-11-24 21:05:46] [INFO] [ML] Retrieved 2 anomalies (total: 2)
[2025-11-24 21:05:51] [INFO] POST https://localhost:9200/.ml-anomalies-*/_search [status:200 duration:0.047s]
[2025-11-24 21:05:51] [INFO] POST https://localhost:9200/.ml-anomalies-*/_search [status:200 duration:0.050s]
[2025-11-24 21:05:51] [INFO] [ML] Summary generated: 384 anomalies in last 24h
[2025-11-24 21:05:51] [INFO] POST https://localhost:9200/.ml-anomalies-*/_search [status:200 duration:0.047s]
[2025-11-24 21:05:51] [INFO] POST https://localhost:9200/depot_air_qc_data/_search?_source_includes=tds_ppm,kekeruhan_ntu,suhu_celsius,%40timestamp,depot_id [status:200 duration:0.045s]
[2025-11-24 21:05:51] [INFO] POST https://localhost:9200/.ml-anomalies-*/_search [status:200 duration:0.049s]
[2025-11-24 21:05:51] [INFO] [ML] Retrieved 100 anomalies (total: 384)
[2025-11-24 21:05:57] [INFO] POST https://localhost:9200/.ml-anomalies-*/_search [status:200 duration:0.046s]
[2025-11-24 21:05:57] [INFO] [ML] Retrieved 92 anomalies (total: 92)
[2025-11-24 21:06:01] [INFO] POST https://localhost:9200/.ml-anomalies-*/_search [status:200 duration:0.051s]
[2025-11-24 21:06:01] [INFO] [ML] Summary generated: 384 anomalies in last 24h
[2025-11-24 21:06:01] [INFO] POST https://localhost:9200/.ml-anomalies-*/_search [status:200 duration:0.053s]
[2025-11-24 21:06:01] [INFO] POST https://localhost:9200/.ml-anomalies-*/_search [status:200 duration:0.048s]
[2025-11-24 21:06:01] [INFO] POST https://localhost:9200/depot_air_qc_data/_search?_source_includes=tds_ppm,kekeruhan_ntu,suhu_celsius,%40timestamp,depot_id [status:200 duration:0.046s]
[2025-11-24 21:06:02] [INFO] POST https://localhost:9200/.ml-anomalies-*/_search [status:200 duration:0.045s]
[2025-11-24 21:06:02] [INFO] [ML] Retrieved 2 anomalies (total: 2)
[2025-11-24 21:06:11] [INFO] POST https://localhost:9200/.ml-anomalies-*/_search [status:200 duration:0.050s]
[2025-11-24 21:06:11] [INFO] [ML] Summary generated: 384 anomalies in last 24h
[2025-11-24 21:06:11] [INFO] POST https://localhost:9200/.ml-anomalies-*/_search [status:200 duration:0.053s]
[2025-11-24 21:06:11] [INFO] POST https://localhost:9200/.ml-anomalies-*/_search [status:200 duration:0.049s]
[2025-11-24 21:06:11] [INFO] POST https://localhost:9200/depot_air_qc_data/_search?_source_includes=tds_ppm,kekeruhan_ntu,suhu_celsius,%40timestamp,depot_id [status:200 duration:0.048s]
[2025-11-24 21:06:19] [INFO] POST https://localhost:9200/.ml-anomalies-*/_search [status:200 duration:0.048s]
[2025-11-24 21:06:19] [INFO] POST https://localhost:9200/.ml-anomalies-*/_search [status:200 duration:0.052s]
[2025-11-24 21:06:19] [INFO] [ML] Summary generated: 384 anomalies in last 24h
[2025-11-24 21:06:19] [INFO] POST https://localhost:9200/.ml-anomalies-*/_search [status:200 duration:0.046s]
[2025-11-24 21:06:19] [INFO] POST https://localhost:9200/depot_air_qc_data/_search?_source_includes=tds_ppm,kekeruhan_ntu,suhu_celsius,%40timestamp,depot_id [status:200 duration:0.044s]
[2025-11-24 21:06:21] [INFO] POST https://localhost:9200/.ml-anomalies-*/_search [status:200 duration:0.063s]
[2025-11-24 21:06:21] [INFO] [ML] Summary generated: 384 anomalies in last 24h
[2025-11-24 21:06:21] [INFO] POST https://localhost:9200/.ml-anomalies-*/_search [status:200 duration:0.054s]
[2025-11-24 21:06:21] [INFO] POST https://localhost:9200/.ml-anomalies-*/_search [status:200 duration:0.047s]
[2025-11-24 21:06:21] [INFO] POST https://localhost:9200/depot_air_qc_data/_search?_source_includes=tds_ppm,kekeruhan_ntu,suhu_celsius,%40timestamp,depot_id [status:200 duration:0.049s]
[2025-11-24 21:06:31] [INFO] POST https://localhost:9200/.ml-anomalies-*/_search [status:200 duration:0.053s]
[2025-11-24 21:06:31] [INFO] POST https://localhost:9200/.ml-anomalies-*/_search [status:200 duration:0.052s]
[2025-11-24 21:06:31] [INFO] [ML] Summary generated: 384 anomalies in last 24h
[2025-11-24 21:06:31] [INFO] POST https://localhost:9200/.ml-anomalies-*/_search [status:200 duration:0.046s]
[2025-11-24 21:06:31] [INFO] POST https://localhost:9200/depot_air_qc_data/_search?_source_includes=tds_ppm,kekeruhan_ntu,suhu_celsius,%40timestamp,depot_id [status:200 duration:0.049s]
[2025-11-24 21:06:41] [INFO] POST https://localhost:9200/.ml-anomalies-*/_search [status:200 duration:0.047s]
[2025-11-24 21:06:41] [INFO] POST https://localhost:9200/.ml-anomalies-*/_search [status:200 duration:0.048s]
[2025-11-24 21:06:41] [INFO] [ML] Summary generated: 384 anomalies in last 24h
[2025-11-24 21:06:41] [INFO] POST https://localhost:9200/.ml-anomalies-*/_search [status:200 duration:0.047s]
[2025-11-24 21:06:41] [INFO] POST https://localhost:9200/depot_air_qc_data/_search?_source_includes=tds_ppm,kekeruhan_ntu,suhu_celsius,%40timestamp,depot_id [status:200 duration:0.046s]
[2025-11-24 21:06:51] [INFO] POST https://localhost:9200/.ml-anomalies-*/_search [status:200 duration:0.055s]
[2025-11-24 21:06:51] [INFO] POST https://localhost:9200/.ml-anomalies-*/_search [status:200 duration:0.059s]
[2025-11-24 21:06:51] [INFO] [ML] Summary generated: 384 anomalies in last 24h
[2025-11-24 21:06:51] [INFO] POST https://localhost:9200/.ml-anomalies-*/_search [status:200 duration:0.047s]
[2025-11-24 21:06:51] [INFO] POST https://localhost:9200/depot_air_qc_data/_search?_source_includes=tds_ppm,kekeruhan_ntu,suhu_celsius,%40timestamp,depot_id [status:200 duration:0.050s]
[2025-11-24 21:07:01] [INFO] POST https://localhost:9200/.ml-anomalies-*/_search [status:200 duration:0.050s]
[2025-11-24 21:07:01] [INFO] POST https://localhost:9200/.ml-anomalies-*/_search [status:200 duration:0.054s]
[2025-11-24 21:07:01] [INFO] [ML] Summary generated: 384 anomalies in last 24h
[2025-11-24 21:07:01] [INFO] POST https://localhost:9200/.ml-anomalies-*/_search [status:200 duration:0.045s]
[2025-11-24 21:07:01] [INFO] POST https://localhost:9200/depot_air_qc_data/_search?_source_includes=tds_ppm,kekeruhan_ntu,suhu_celsius,%40timestamp,depot_id [status:200 duration:0.056s]
[2025-11-24 21:07:11] [INFO] POST https://localhost:9200/.ml-anomalies-*/_search [status:200 duration:0.046s]
[2025-11-24 21:07:11] [INFO] [ML] Summary generated: 384 anomalies in last 24h
[2025-11-24 21:07:11] [INFO] POST https://localhost:9200/.ml-anomalies-*/_search [status:200 duration:0.051s]
[2025-11-24 21:07:11] [INFO] POST https://localhost:9200/.ml-anomalies-*/_search [status:200 duration:0.047s]
[2025-11-24 21:07:11] [INFO] POST https://localhost:9200/depot_air_qc_data/_search?_source_includes=tds_ppm,kekeruhan_ntu,suhu_celsius,%40timestamp,depot_id [status:200 duration:0.053s]
[2025-11-24 21:07:18] [INFO] POST https://localhost:9200/.ml-anomalies-*/_search [status:200 duration:0.050s]
[2025-11-24 21:07:18] [INFO] POST https://localhost:9200/.ml-anomalies-*/_search [status:200 duration:0.048s]
[2025-11-24 21:07:18] [INFO] [ML] Summary generated: 384 anomalies in last 24h
[2025-11-24 21:07:18] [INFO] POST https://localhost:9200/.ml-anomalies-*/_search [status:200 duration:0.051s]
[2025-11-24 21:07:18] [INFO] POST https://localhost:9200/depot_air_qc_data/_search?_source_includes=tds_ppm,kekeruhan_ntu,suhu_celsius,%40timestamp,depot_id [status:200 duration:0.047s]
[2025-11-24 21:07:21] [INFO] POST https://localhost:9200/.ml-anomalies-*/_search [status:200 duration:0.056s]
[2025-11-24 21:07:21] [INFO] POST https://localhost:9200/.ml-anomalies-*/_search [status:200 duration:0.059s]
[2025-11-24 21:07:21] [INFO] [ML] Summary generated: 384 anomalies in last 24h
[2025-11-24 21:07:21] [INFO] POST https://localhost:9200/.ml-anomalies-*/_search [status:200 duration:0.051s]
[2025-11-24 21:07:21] [INFO] POST https://localhost:9200/depot_air_qc_data/_search?_source_includes=tds_ppm,kekeruhan_ntu,suhu_celsius,%40timestamp,depot_id [status:200 duration:0.049s]
[2025-11-24 21:07:31] [INFO] POST https://localhost:9200/.ml-anomalies-*/_search [status:200 duration:0.050s]
[2025-11-24 21:07:31] [INFO] POST https://localhost:9200/.ml-anomalies-*/_search [status:200 duration:0.053s]
[2025-11-24 21:07:31] [INFO] [ML] Summary generated: 384 anomalies in last 24h
[2025-11-24 21:07:31] [INFO] POST https://localhost:9200/.ml-anomalies-*/_search [status:200 duration:0.051s]
[2025-11-24 21:07:31] [INFO] POST https://localhost:9200/depot_air_qc_data/_search?_source_includes=tds_ppm,kekeruhan_ntu,suhu_celsius,%40timestamp,depot_id [status:200 duration:0.047s]
[2025-11-24 21:07:42] [INFO] POST https://localhost:9200/.ml-anomalies-*/_search [status:200 duration:0.048s]
[2025-11-24 21:07:42] [INFO] POST https://localhost:9200/.ml-anomalies-*/_search [status:200 duration:0.053s]
[2025-11-24 21:07:42] [INFO] [ML] Summary generated: 384 anomalies in last 24h
[2025-11-24 21:07:42] [INFO] POST https://localhost:9200/.ml-anomalies-*/_search [status:200 duration:0.046s]
[2025-11-24 21:07:42] [INFO] POST https://localhost:9200/depot_air_qc_data/_search?_source_includes=tds_ppm,kekeruhan_ntu,suhu_celsius,%40timestamp,depot_id [status:200 duration:0.048s]
[2025-11-24 21:07:51] [INFO] POST https://localhost:9200/.ml-anomalies-*/_search [status:200 duration:0.048s]
[2025-11-24 21:07:51] [INFO] POST https://localhost:9200/.ml-anomalies-*/_search [status:200 duration:0.051s]
[2025-11-24 21:07:51] [INFO] [ML] Summary generated: 384 anomalies in last 24h
[2025-11-24 21:07:51] [INFO] POST https://localhost:9200/.ml-anomalies-*/_search [status:200 duration:0.045s]
[2025-11-24 21:07:51] [INFO] POST https://localhost:9200/depot_air_qc_data/_search?_source_includes=tds_ppm,kekeruhan_ntu,suhu_celsius,%40timestamp,depot_id [status:200 duration:0.053s]
[2025-11-24 21:08:01] [INFO] POST https://localhost:9200/.ml-anomalies-*/_search [status:200 duration:0.053s]
[2025-11-24 21:08:01] [INFO] POST https://localhost:9200/.ml-anomalies-*/_search [status:200 duration:0.059s]
[2025-11-24 21:08:01] [INFO] [ML] Summary generated: 384 anomalies in last 24h
[2025-11-24 21:08:01] [INFO] POST https://localhost:9200/.ml-anomalies-*/_search [status:200 duration:0.052s]
[2025-11-24 21:08:01] [INFO] POST https://localhost:9200/depot_air_qc_data/_search?_source_includes=tds_ppm,kekeruhan_ntu,suhu_celsius,%40timestamp,depot_id [status:200 duration:0.047s]
[2025-11-24 21:08:11] [INFO] POST https://localhost:9200/.ml-anomalies-*/_search [status:200 duration:0.046s]
[2025-11-24 21:08:11] [INFO] POST https://localhost:9200/.ml-anomalies-*/_search [status:200 duration:0.052s]
[2025-11-24 21:08:11] [INFO] [ML] Summary generated: 384 anomalies in last 24h
[2025-11-24 21:08:11] [INFO] POST https://localhost:9200/.ml-anomalies-*/_search [status:200 duration:0.048s]
[2025-11-24 21:08:11] [INFO] POST https://localhost:9200/depot_air_qc_data/_search?_source_includes=tds_ppm,kekeruhan_ntu,suhu_celsius,%40timestamp,depot_id [status:200 duration:0.052s]
[2025-11-24 21:08:18] [INFO] POST https://localhost:9200/.ml-anomalies-*/_search [status:200 duration:0.050s]
[2025-11-24 21:08:18] [INFO] POST https://localhost:9200/.ml-anomalies-*/_search [status:200 duration:0.051s]
[2025-11-24 21:08:18] [INFO] [ML] Summary generated: 384 anomalies in last 24h
[2025-11-24 21:08:18] [INFO] POST https://localhost:9200/.ml-anomalies-*/_search [status:200 duration:0.047s]
[2025-11-24 21:08:18] [INFO] POST https://localhost:9200/depot_air_qc_data/_search?_source_includes=tds_ppm,kekeruhan_ntu,suhu_celsius,%40timestamp,depot_id [status:200 duration:0.052s]
[2025-11-24 21:08:21] [INFO] POST https://localhost:9200/.ml-anomalies-*/_search [status:200 duration:0.049s]
[2025-11-24 21:08:21] [INFO] POST https://localhost:9200/.ml-anomalies-*/_search [status:200 duration:0.054s]
[2025-11-24 21:08:21] [INFO] [ML] Summary generated: 384 anomalies in last 24h
[2025-11-24 21:08:21] [INFO] POST https://localhost:9200/.ml-anomalies-*/_search [status:200 duration:0.045s]
[2025-11-24 21:08:21] [INFO] POST https://localhost:9200/depot_air_qc_data/_search?_source_includes=tds_ppm,kekeruhan_ntu,suhu_celsius,%40timestamp,depot_id [status:200 duration:0.047s]
[2025-11-24 21:08:33] [INFO] POST https://localhost:9200/.ml-anomalies-*/_search [status:200 duration:0.045s]
[2025-11-24 21:08:33] [INFO] POST https://localhost:9200/.ml-anomalies-*/_search [status:200 duration:0.049s]
[2025-11-24 21:08:33] [INFO] [ML] Summary generated: 384 anomalies in last 24h
[2025-11-24 21:08:33] [INFO] POST https://localhost:9200/.ml-anomalies-*/_search [status:200 duration:0.048s]
[2025-11-24 21:08:33] [INFO] POST https://localhost:9200/depot_air_qc_data/_search?_source_includes=tds_ppm,kekeruhan_ntu,suhu_celsius,%40timestamp,depot_id [status:200 duration:0.047s]
[2025-11-24 21:08:41] [INFO] POST https://localhost:9200/.ml-anomalies-*/_search [status:200 duration:0.048s]
[2025-11-24 21:08:41] [INFO] POST https://localhost:9200/.ml-anomalies-*/_search [status:200 duration:0.051s]
[2025-11-24 21:08:41] [INFO] [ML] Summary generated: 384 anomalies in last 24h
[2025-11-24 21:08:41] [INFO] POST https://localhost:9200/.ml-anomalies-*/_search [status:200 duration:0.047s]
[2025-11-24 21:08:41] [INFO] POST https://localhost:9200/depot_air_qc_data/_search?_source_includes=tds_ppm,kekeruhan_ntu,suhu_celsius,%40timestamp,depot_id [status:200 duration:0.048s]
[2025-11-24 21:08:51] [INFO] POST https://localhost:9200/.ml-anomalies-*/_search [status:200 duration:0.047s]
[2025-11-24 21:08:51] [INFO] [ML] Summary generated: 392 anomalies in last 24h
[2025-11-24 21:08:51] [INFO] POST https://localhost:9200/.ml-anomalies-*/_search [status:200 duration:0.047s]
[2025-11-24 21:08:51] [INFO] POST https://localhost:9200/.ml-anomalies-*/_search [status:200 duration:0.049s]
[2025-11-24 21:08:51] [INFO] POST https://localhost:9200/depot_air_qc_data/_search?_source_includes=tds_ppm,kekeruhan_ntu,suhu_celsius,%40timestamp,depot_id [status:200 duration:0.050s]
[2025-11-24 21:09:01] [INFO] POST https://localhost:9200/.ml-anomalies-*/_search [status:200 duration:0.053s]
[2025-11-24 21:09:01] [INFO] POST https://localhost:9200/.ml-anomalies-*/_search [status:200 duration:0.048s]
[2025-11-24 21:09:01] [INFO] [ML] Summary generated: 392 anomalies in last 24h
[2025-11-24 21:09:01] [INFO] POST https://localhost:9200/.ml-anomalies-*/_search [status:200 duration:0.047s]
[2025-11-24 21:09:01] [INFO] POST https://localhost:9200/depot_air_qc_data/_search?_source_includes=tds_ppm,kekeruhan_ntu,suhu_celsius,%40timestamp,depot_id [status:200 duration:0.046s]
[2025-11-24 21:09:11] [INFO] POST https://localhost:9200/.ml-anomalies-*/_search [status:200 duration:0.046s]
[2025-11-24 21:09:11] [INFO] POST https://localhost:9200/.ml-anomalies-*/_search [status:200 duration:0.049s]
[2025-11-24 21:09:11] [INFO] [ML] Summary generated: 392 anomalies in last 24h
[2025-11-24 21:09:11] [INFO] POST https://localhost:9200/.ml-anomalies-*/_search [status:200 duration:0.048s]
[2025-11-24 21:09:11] [INFO] POST https://localhost:9200/depot_air_qc_data/_search?_source_includes=tds_ppm,kekeruhan_ntu,suhu_celsius,%40timestamp,depot_id [status:200 duration:0.045s]
[2025-11-24 21:09:18] [INFO] POST https://localhost:9200/.ml-anomalies-*/_search [status:200 duration:0.045s]
[2025-11-24 21:09:18] [INFO] POST https://localhost:9200/.ml-anomalies-*/_search [status:200 duration:0.054s]
[2025-11-24 21:09:18] [INFO] [ML] Summary generated: 392 anomalies in last 24h
[2025-11-24 21:09:18] [INFO] POST https://localhost:9200/.ml-anomalies-*/_search [status:200 duration:0.049s]
[2025-11-24 21:09:18] [INFO] POST https://localhost:9200/depot_air_qc_data/_search?_source_includes=tds_ppm,kekeruhan_ntu,suhu_celsius,%40timestamp,depot_id [status:200 duration:0.043s]
[2025-11-24 21:09:21] [INFO] POST https://localhost:9200/.ml-anomalies-*/_search [status:200 duration:0.046s]
[2025-11-24 21:09:21] [INFO] POST https://localhost:9200/.ml-anomalies-*/_search [status:200 duration:0.051s]
[2025-11-24 21:09:21] [INFO] [ML] Summary generated: 400 anomalies in last 24h
[2025-11-24 21:09:21] [INFO] POST https://localhost:9200/.ml-anomalies-*/_search [status:200 duration:0.047s]
[2025-11-24 21:09:21] [INFO] POST https://localhost:9200/depot_air_qc_data/_search?_source_includes=tds_ppm,kekeruhan_ntu,suhu_celsius,%40timestamp,depot_id [status:200 duration:0.046s]
[2025-11-24 21:09:25] [INFO] POST https://localhost:9200/.ml-anomalies-*/_search [status:200 duration:0.052s]
[2025-11-24 21:09:25] [INFO] [ML] Retrieved 16 anomalies (total: 16)
[2025-11-24 21:09:31] [INFO] POST https://localhost:9200/.ml-anomalies-*/_search [status:200 duration:0.049s]
[2025-11-24 21:09:31] [INFO] POST https://localhost:9200/.ml-anomalies-*/_search [status:200 duration:0.053s]
[2025-11-24 21:09:31] [INFO] [ML] Summary generated: 400 anomalies in last 24h
[2025-11-24 21:09:31] [INFO] POST https://localhost:9200/.ml-anomalies-*/_search [status:200 duration:0.048s]
[2025-11-24 21:09:31] [INFO] POST https://localhost:9200/depot_air_qc_data/_search?_source_includes=tds_ppm,kekeruhan_ntu,suhu_celsius,%40timestamp,depot_id [status:200 duration:0.049s]
[2025-11-24 21:09:36] [INFO] POST https://localhost:9200/.ml-anomalies-*/_search [status:200 duration:0.052s]
[2025-11-24 21:09:36] [INFO] [ML] Retrieved 0 anomalies (total: 0)
[2025-11-24 21:09:41] [INFO] POST https://localhost:9200/.ml-anomalies-*/_search [status:200 duration:0.047s]
[2025-11-24 21:09:41] [INFO] POST https://localhost:9200/.ml-anomalies-*/_search [status:200 duration:0.049s]
[2025-11-24 21:09:41] [INFO] [ML] Summary generated: 400 anomalies in last 24h
[2025-11-24 21:09:41] [INFO] POST https://localhost:9200/.ml-anomalies-*/_search [status:200 duration:0.045s]
[2025-11-24 21:09:41] [INFO] POST https://localhost:9200/depot_air_qc_data/_search?_source_includes=tds_ppm,kekeruhan_ntu,suhu_celsius,%40timestamp,depot_id [status:200 duration:0.043s]
[2025-11-24 21:09:41] [INFO] POST https://localhost:9200/.ml-anomalies-*/_search [status:200 duration:0.047s]
[2025-11-24 21:09:41] [INFO] [ML] Retrieved 0 anomalies (total: 0)
[2025-11-24 21:09:44] [INFO] POST https://localhost:9200/.ml-anomalies-*/_search [status:200 duration:0.053s]
[2025-11-24 21:09:44] [INFO] [ML] Retrieved 0 anomalies (total: 0)
[2025-11-24 21:09:51] [INFO] POST https://localhost:9200/.ml-anomalies-*/_search [status:200 duration:0.050s]
[2025-11-24 21:09:51] [INFO] POST https://localhost:9200/.ml-anomalies-*/_search [status:200 duration:0.065s]
[2025-11-24 21:09:51] [INFO] [ML] Summary generated: 400 anomalies in last 24h
[2025-11-24 21:09:51] [INFO] POST https://localhost:9200/.ml-anomalies-*/_search [status:200 duration:0.049s]
[2025-11-24 21:09:51] [INFO] POST https://localhost:9200/depot_air_qc_data/_search?_source_includes=tds_ppm,kekeruhan_ntu,suhu_celsius,%40timestamp,depot_id [status:200 duration:0.049s]
[2025-11-24 21:10:01] [INFO] POST https://localhost:9200/.ml-anomalies-*/_search [status:200 duration:0.057s]
[2025-11-24 21:10:01] [INFO] POST https://localhost:9200/.ml-anomalies-*/_search [status:200 duration:0.069s]
[2025-11-24 21:10:01] [INFO] [ML] Summary generated: 400 anomalies in last 24h
[2025-11-24 21:10:01] [INFO] POST https://localhost:9200/.ml-anomalies-*/_search [status:200 duration:0.048s]
[2025-11-24 21:10:01] [INFO] POST https://localhost:9200/depot_air_qc_data/_search?_source_includes=tds_ppm,kekeruhan_ntu,suhu_celsius,%40timestamp,depot_id [status:200 duration:0.048s]
[2025-11-24 21:10:05] [INFO] POST https://localhost:9200/depot_air_qc_data/_search?_source_includes=tds_ppm,kekeruhan_ntu,suhu_celsius,%40timestamp [status:200 duration:0.051s]
[2025-11-24 21:10:05] [INFO] [QUERY] Historical: 50 documents
[2025-11-24 21:10:09] [INFO] POST https://localhost:9200/depot_air_qc_data/_search?_source_includes=tds_ppm,kekeruhan_ntu,suhu_celsius,%40timestamp [status:200 duration:0.057s]
[2025-11-24 21:10:09] [INFO] [QUERY] Historical: 50 documents
[2025-11-24 21:10:11] [INFO] POST https://localhost:9200/.ml-anomalies-*/_search [status:200 duration:0.050s]
[2025-11-24 21:10:11] [INFO] POST https://localhost:9200/.ml-anomalies-*/_search [status:200 duration:0.058s]
[2025-11-24 21:10:11] [INFO] [ML] Summary generated: 400 anomalies in last 24h
[2025-11-24 21:10:11] [INFO] POST https://localhost:9200/.ml-anomalies-*/_search [status:200 duration:0.047s]
[2025-11-24 21:10:11] [INFO] POST https://localhost:9200/depot_air_qc_data/_search?_source_includes=tds_ppm,kekeruhan_ntu,suhu_celsius,%40timestamp,depot_id [status:200 duration:0.044s]
[2025-11-24 21:10:11] [INFO] POST https://localhost:9200/.ml-anomalies-*/_search [status:200 duration:0.048s]
[2025-11-24 21:10:11] [INFO] [ML] Retrieved 0 anomalies (total: 0)
[2025-11-24 21:10:15] [INFO] POST https://localhost:9200/.ml-anomalies-*/_search [status:200 duration:0.060s]
[2025-11-24 21:10:15] [INFO] [ML] Retrieved 0 anomalies (total: 0)
[2025-11-24 21:10:18] [INFO] POST https://localhost:9200/.ml-anomalies-*/_search [status:200 duration:0.064s]
[2025-11-24 21:10:18] [INFO] POST https://localhost:9200/.ml-anomalies-*/_search [status:200 duration:0.096s]
[2025-11-24 21:10:18] [INFO] [ML] Summary generated: 400 anomalies in last 24h
[2025-11-24 21:10:18] [INFO] POST https://localhost:9200/depot_air_qc_data/_search?_source_includes=tds_ppm,kekeruhan_ntu,suhu_celsius,%40timestamp,depot_id [status:200 duration:0.006s]
[2025-11-24 21:10:18] [INFO] POST https://localhost:9200/.ml-anomalies-*/_search [status:200 duration:0.049s]
[2025-11-24 21:10:19] [INFO] POST https://localhost:9200/.ml-anomalies-*/_search [status:200 duration:0.065s]
[2025-11-24 21:10:19] [INFO] [ML] Retrieved 2 anomalies (total: 2)
[2025-11-24 21:10:21] [INFO] POST https://localhost:9200/.ml-anomalies-*/_search [status:200 duration:0.050s]
[2025-11-24 21:10:21] [INFO] POST https://localhost:9200/.ml-anomalies-*/_search [status:200 duration:0.059s]
[2025-11-24 21:10:21] [INFO] [ML] Summary generated: 400 anomalies in last 24h
[2025-11-24 21:10:21] [INFO] POST https://localhost:9200/.ml-anomalies-*/_search [status:200 duration:0.050s]
[2025-11-24 21:10:21] [INFO] POST https://localhost:9200/depot_air_qc_data/_search?_source_includes=tds_ppm,kekeruhan_ntu,suhu_celsius,%40timestamp,depot_id [status:200 duration:0.048s]
[2025-11-24 21:10:31] [INFO] POST https://localhost:9200/.ml-anomalies-*/_search [status:200 duration:0.047s]
[2025-11-24 21:10:31] [INFO] POST https://localhost:9200/.ml-anomalies-*/_search [status:200 duration:0.057s]
[2025-11-24 21:10:31] [INFO] [ML] Summary generated: 400 anomalies in last 24h
[2025-11-24 21:10:31] [INFO] POST https://localhost:9200/.ml-anomalies-*/_search [status:200 duration:0.046s]
[2025-11-24 21:10:31] [INFO] POST https://localhost:9200/depot_air_qc_data/_search?_source_includes=tds_ppm,kekeruhan_ntu,suhu_celsius,%40timestamp,depot_id [status:200 duration:0.045s]
[2025-11-24 21:10:41] [INFO] POST https://localhost:9200/.ml-anomalies-*/_search [status:200 duration:0.046s]
[2025-11-24 21:10:41] [INFO] POST https://localhost:9200/.ml-anomalies-*/_search [status:200 duration:0.063s]
[2025-11-24 21:10:41] [INFO] [ML] Summary generated: 400 anomalies in last 24h
[2025-11-24 21:10:41] [INFO] POST https://localhost:9200/.ml-anomalies-*/_search [status:200 duration:0.047s]
[2025-11-24 21:10:41] [INFO] POST https://localhost:9200/depot_air_qc_data/_search?_source_includes=tds_ppm,kekeruhan_ntu,suhu_celsius,%40timestamp,depot_id [status:200 duration:0.045s]
[2025-11-24 21:10:51] [INFO] POST https://localhost:9200/.ml-anomalies-*/_search [status:200 duration:0.057s]
[2025-11-24 21:10:51] [INFO] POST https://localhost:9200/.ml-anomalies-*/_search [status:200 duration:0.070s]
[2025-11-24 21:10:51] [INFO] [ML] Summary generated: 400 anomalies in last 24h
[2025-11-24 21:10:51] [INFO] POST https://localhost:9200/.ml-anomalies-*/_search [status:200 duration:0.046s]
[2025-11-24 21:10:51] [INFO] POST https://localhost:9200/depot_air_qc_data/_search?_source_includes=tds_ppm,kekeruhan_ntu,suhu_celsius,%40timestamp,depot_id [status:200 duration:0.045s]
[2025-11-24 21:11:01] [INFO] POST https://localhost:9200/.ml-anomalies-*/_search [status:200 duration:0.049s]
[2025-11-24 21:11:01] [INFO] POST https://localhost:9200/.ml-anomalies-*/_search [status:200 duration:0.059s]
[2025-11-24 21:11:01] [INFO] [ML] Summary generated: 400 anomalies in last 24h
[2025-11-24 21:11:01] [INFO] POST https://localhost:9200/.ml-anomalies-*/_search [status:200 duration:0.048s]
[2025-11-24 21:11:01] [INFO] POST https://localhost:9200/depot_air_qc_data/_search?_source_includes=tds_ppm,kekeruhan_ntu,suhu_celsius,%40timestamp,depot_id [status:200 duration:0.048s]
[2025-11-24 21:11:11] [INFO] POST https://localhost:9200/.ml-anomalies-*/_search [status:200 duration:0.055s]
[2025-11-24 21:11:11] [INFO] POST https://localhost:9200/.ml-anomalies-*/_search [status:200 duration:0.068s]
[2025-11-24 21:11:11] [INFO] [ML] Summary generated: 400 anomalies in last 24h
[2025-11-24 21:11:11] [INFO] POST https://localhost:9200/.ml-anomalies-*/_search [status:200 duration:0.048s]
[2025-11-24 21:11:11] [INFO] POST https://localhost:9200/depot_air_qc_data/_search?_source_includes=tds_ppm,kekeruhan_ntu,suhu_celsius,%40timestamp,depot_id [status:200 duration:0.047s]
[2025-11-24 21:11:18] [INFO] POST https://localhost:9200/.ml-anomalies-*/_search [status:200 duration:0.045s]
[2025-11-24 21:11:18] [INFO] POST https://localhost:9200/.ml-anomalies-*/_search [status:200 duration:0.053s]
[2025-11-24 21:11:18] [INFO] [ML] Summary generated: 400 anomalies in last 24h
[2025-11-24 21:11:18] [INFO] POST https://localhost:9200/.ml-anomalies-*/_search [status:200 duration:0.048s]
[2025-11-24 21:11:18] [INFO] POST https://localhost:9200/depot_air_qc_data/_search?_source_includes=tds_ppm,kekeruhan_ntu,suhu_celsius,%40timestamp,depot_id [status:200 duration:0.045s]
[2025-11-24 21:11:22] [INFO] POST https://localhost:9200/.ml-anomalies-*/_search [status:200 duration:0.071s]
[2025-11-24 21:11:22] [INFO] [ML] Summary generated: 400 anomalies in last 24h
[2025-11-24 21:11:22] [INFO] POST https://localhost:9200/.ml-anomalies-*/_search [status:200 duration:0.051s]
[2025-11-24 21:11:22] [INFO] POST https://localhost:9200/.ml-anomalies-*/_search [status:200 duration:0.048s]
[2025-11-24 21:11:22] [INFO] POST https://localhost:9200/depot_air_qc_data/_search?_source_includes=tds_ppm,kekeruhan_ntu,suhu_celsius,%40timestamp,depot_id [status:200 duration:0.048s]
[2025-11-24 21:11:31] [INFO] POST https://localhost:9200/.ml-anomalies-*/_search [status:200 duration:0.045s]
[2025-11-24 21:11:31] [INFO] POST https://localhost:9200/.ml-anomalies-*/_search [status:200 duration:0.054s]
[2025-11-24 21:11:31] [INFO] [ML] Summary generated: 400 anomalies in last 24h
[2025-11-24 21:11:31] [INFO] POST https://localhost:9200/.ml-anomalies-*/_search [status:200 duration:0.048s]
[2025-11-24 21:11:31] [INFO] POST https://localhost:9200/depot_air_qc_data/_search?_source_includes=tds_ppm,kekeruhan_ntu,suhu_celsius,%40timestamp,depot_id [status:200 duration:0.046s]
[2025-11-24 21:11:41] [INFO] POST https://localhost:9200/.ml-anomalies-*/_search [status:200 duration:0.049s]
[2025-11-24 21:11:41] [INFO] POST https://localhost:9200/.ml-anomalies-*/_search [status:200 duration:0.059s]
[2025-11-24 21:11:41] [INFO] [ML] Summary generated: 400 anomalies in last 24h
[2025-11-24 21:11:41] [INFO] POST https://localhost:9200/.ml-anomalies-*/_search [status:200 duration:0.045s]
[2025-11-24 21:11:41] [INFO] POST https://localhost:9200/depot_air_qc_data/_search?_source_includes=tds_ppm,kekeruhan_ntu,suhu_celsius,%40timestamp,depot_id [status:200 duration:0.044s]
[2025-11-24 21:11:43] [INFO] POST https://localhost:9200/.ml-anomalies-*/_search [status:200 duration:0.047s]
[2025-11-24 21:11:43] [INFO] [ML] Retrieved 0 anomalies (total: 0)
[2025-11-24 21:11:51] [INFO] POST https://localhost:9200/.ml-anomalies-*/_search [status:200 duration:0.053s]
[2025-11-24 21:11:51] [INFO] POST https://localhost:9200/.ml-anomalies-*/_search [status:200 duration:0.064s]
[2025-11-24 21:11:51] [INFO] [ML] Summary generated: 400 anomalies in last 24h
[2025-11-24 21:11:51] [INFO] POST https://localhost:9200/.ml-anomalies-*/_search [status:200 duration:0.048s]
[2025-11-24 21:11:51] [INFO] POST https://localhost:9200/depot_air_qc_data/_search?_source_includes=tds_ppm,kekeruhan_ntu,suhu_celsius,%40timestamp,depot_id [status:200 duration:0.047s]
[2025-11-24 21:12:01] [INFO] POST https://localhost:9200/.ml-anomalies-*/_search [status:200 duration:0.053s]
[2025-11-24 21:12:01] [INFO] POST https://localhost:9200/.ml-anomalies-*/_search [status:200 duration:0.067s]
[2025-11-24 21:12:01] [INFO] [ML] Summary generated: 400 anomalies in last 24h
[2025-11-24 21:12:01] [INFO] POST https://localhost:9200/.ml-anomalies-*/_search [status:200 duration:0.047s]
[2025-11-24 21:12:01] [INFO] POST https://localhost:9200/depot_air_qc_data/_search?_source_includes=tds_ppm,kekeruhan_ntu,suhu_celsius,%40timestamp,depot_id [status:200 duration:0.048s]
[2025-11-24 21:12:11] [INFO] POST https://localhost:9200/.ml-anomalies-*/_search [status:200 duration:0.048s]
[2025-11-24 21:12:11] [INFO] POST https://localhost:9200/.ml-anomalies-*/_search [status:200 duration:0.058s]
[2025-11-24 21:12:11] [INFO] [ML] Summary generated: 400 anomalies in last 24h
[2025-11-24 21:12:11] [INFO] POST https://localhost:9200/.ml-anomalies-*/_search [status:200 duration:0.052s]
[2025-11-24 21:12:11] [INFO] POST https://localhost:9200/depot_air_qc_data/_search?_source_includes=tds_ppm,kekeruhan_ntu,suhu_celsius,%40timestamp,depot_id [status:200 duration:0.045s]
[2025-11-24 21:12:18] [INFO] POST https://localhost:9200/.ml-anomalies-*/_search [status:200 duration:0.048s]
[2025-11-24 21:12:18] [INFO] [ML] Retrieved 16 anomalies (total: 16)
[2025-11-24 21:12:21] [INFO] POST https://localhost:9200/.ml-anomalies-*/_search [status:200 duration:0.060s]
[2025-11-24 21:12:21] [INFO] [ML] Retrieved 100 anomalies (total: 2756)
[2025-11-24 21:12:22] [INFO] POST https://localhost:9200/.ml-anomalies-*/_search [status:200 duration:0.054s]
[2025-11-24 21:12:22] [INFO] POST https://localhost:9200/.ml-anomalies-*/_search [status:200 duration:0.071s]
[2025-11-24 21:12:22] [INFO] [ML] Summary generated: 400 anomalies in last 24h
[2025-11-24 21:12:22] [INFO] POST https://localhost:9200/.ml-anomalies-*/_search [status:200 duration:0.048s]
[2025-11-24 21:12:22] [INFO] POST https://localhost:9200/depot_air_qc_data/_search?_source_includes=tds_ppm,kekeruhan_ntu,suhu_celsius,%40timestamp,depot_id [status:200 duration:0.046s]
[2025-11-24 21:12:24] [INFO] POST https://localhost:9200/.ml-anomalies-*/_search [status:200 duration:0.049s]
[2025-11-24 21:12:24] [INFO] POST https://localhost:9200/.ml-anomalies-*/_search [status:200 duration:0.049s]
[2025-11-24 21:12:24] [INFO] POST https://localhost:9200/.ml-anomalies-*/_search [status:200 duration:0.061s]
[2025-11-24 21:12:24] [INFO] [ML] Summary generated: 400 anomalies in last 24h
[2025-11-24 21:12:24] [INFO] POST https://localhost:9200/depot_air_qc_data/_search?_source_includes=tds_ppm,kekeruhan_ntu,suhu_celsius,%40timestamp,depot_id [status:200 duration:0.049s]
[2025-11-24 21:12:32] [INFO] POST https://localhost:9200/.ml-anomalies-*/_search [status:200 duration:0.061s]
[2025-11-24 21:12:32] [INFO] POST https://localhost:9200/.ml-anomalies-*/_search [status:200 duration:0.073s]
[2025-11-24 21:12:32] [INFO] [ML] Summary generated: 400 anomalies in last 24h
[2025-11-24 21:12:32] [INFO] POST https://localhost:9200/.ml-anomalies-*/_search [status:200 duration:0.051s]
[2025-11-24 21:12:32] [INFO] POST https://localhost:9200/depot_air_qc_data/_search?_source_includes=tds_ppm,kekeruhan_ntu,suhu_celsius,%40timestamp,depot_id [status:200 duration:0.048s]
[2025-11-24 21:12:42] [INFO] POST https://localhost:9200/.ml-anomalies-*/_search [status:200 duration:0.053s]
[2025-11-24 21:12:42] [INFO] POST https://localhost:9200/.ml-anomalies-*/_search [status:200 duration:0.047s]
[2025-11-24 21:12:43] [INFO] POST https://localhost:9200/depot_air_qc_data/_search?_source_includes=tds_ppm,kekeruhan_ntu,suhu_celsius,%40timestamp,depot_id [status:200 duration:0.048s]
[2025-11-24 21:12:43] [INFO] POST https://localhost:9200/.ml-anomalies-*/_search [status:200 duration:0.063s]
[2025-11-24 21:12:43] [INFO] [ML] Summary generated: 400 anomalies in last 24h
[2025-11-24 21:12:59] [INFO] POST https://localhost:9200/.ml-anomalies-*/_search [status:200 duration:0.050s]
[2025-11-24 21:12:59] [INFO] POST https://localhost:9200/.ml-anomalies-*/_search [status:200 duration:0.056s]
[2025-11-24 21:12:59] [INFO] [ML] Summary generated: 400 anomalies in last 24h
[2025-11-24 21:13:00] [INFO] POST https://localhost:9200/.ml-anomalies-*/_search [status:200 duration:0.047s]
[2025-11-24 21:13:00] [INFO] POST https://localhost:9200/depot_air_qc_data/_search?_source_includes=tds_ppm,kekeruhan_ntu,suhu_celsius,%40timestamp,depot_id [status:200 duration:0.048s]
[2025-11-24 21:13:01] [INFO] POST https://localhost:9200/.ml-anomalies-*/_search [status:200 duration:0.049s]
[2025-11-24 21:13:01] [INFO] POST https://localhost:9200/.ml-anomalies-*/_search [status:200 duration:0.048s]
[2025-11-24 21:13:03] [INFO] POST https://localhost:9200/.ml-anomalies-*/_search [status:200 duration:0.061s]
[2025-11-24 21:13:03] [INFO] [ML] Summary generated: 400 anomalies in last 24h
[2025-11-24 21:13:03] [INFO] POST https://localhost:9200/depot_air_qc_data/_search?_source_includes=tds_ppm,kekeruhan_ntu,suhu_celsius,%40timestamp,depot_id [status:200 duration:0.048s]
[2025-11-24 21:13:12] [INFO] POST https://localhost:9200/.ml-anomalies-*/_search [status:200 duration:0.050s]
[2025-11-24 21:13:12] [INFO] POST https://localhost:9200/.ml-anomalies-*/_search [status:200 duration:0.060s]
[2025-11-24 21:13:12] [INFO] [ML] Summary generated: 400 anomalies in last 24h
[2025-11-24 21:13:12] [INFO] POST https://localhost:9200/.ml-anomalies-*/_search [status:200 duration:0.051s]
[2025-11-24 21:13:12] [INFO] POST https://localhost:9200/depot_air_qc_data/_search?_source_includes=tds_ppm,kekeruhan_ntu,suhu_celsius,%40timestamp,depot_id [status:200 duration:0.046s]
[2025-11-24 21:13:21] [INFO] POST https://localhost:9200/.ml-anomalies-*/_search [status:200 duration:0.048s]
[2025-11-24 21:13:21] [INFO] POST https://localhost:9200/.ml-anomalies-*/_search [status:200 duration:0.054s]
[2025-11-24 21:13:21] [INFO] [ML] Summary generated: 400 anomalies in last 24h
[2025-11-24 21:13:21] [INFO] POST https://localhost:9200/.ml-anomalies-*/_search [status:200 duration:0.047s]
[2025-11-24 21:13:21] [INFO] POST https://localhost:9200/depot_air_qc_data/_search?_source_includes=tds_ppm,kekeruhan_ntu,suhu_celsius,%40timestamp,depot_id [status:200 duration:0.046s]
[2025-11-24 21:13:22] [INFO] POST https://localhost:9200/.ml-anomalies-*/_search [status:200 duration:0.047s]
[2025-11-24 21:13:22] [INFO] POST https://localhost:9200/.ml-anomalies-*/_search [status:200 duration:0.054s]
[2025-11-24 21:13:22] [INFO] [ML] Summary generated: 400 anomalies in last 24h
[2025-11-24 21:13:22] [INFO] POST https://localhost:9200/.ml-anomalies-*/_search [status:200 duration:0.050s]
[2025-11-24 21:13:22] [INFO] POST https://localhost:9200/depot_air_qc_data/_search?_source_includes=tds_ppm,kekeruhan_ntu,suhu_celsius,%40timestamp,depot_id [status:200 duration:0.045s]
[2025-11-24 21:13:32] [INFO] POST https://localhost:9200/.ml-anomalies-*/_search [status:200 duration:0.049s]
[2025-11-24 21:13:32] [INFO] POST https://localhost:9200/.ml-anomalies-*/_search [status:200 duration:0.057s]
[2025-11-24 21:13:32] [INFO] [ML] Summary generated: 400 anomalies in last 24h
[2025-11-24 21:13:32] [INFO] POST https://localhost:9200/.ml-anomalies-*/_search [status:200 duration:0.052s]
[2025-11-24 21:13:32] [INFO] POST https://localhost:9200/depot_air_qc_data/_search?_source_includes=tds_ppm,kekeruhan_ntu,suhu_celsius,%40timestamp,depot_id [status:200 duration:0.045s]
[2025-11-24 21:13:41] [INFO] POST https://localhost:9200/.ml-anomalies-*/_search [status:200 duration:0.049s]
[2025-11-24 21:13:41] [INFO] POST https://localhost:9200/.ml-anomalies-*/_search [status:200 duration:0.053s]
[2025-11-24 21:13:41] [INFO] [ML] Summary generated: 400 anomalies in last 24h
[2025-11-24 21:13:41] [INFO] POST https://localhost:9200/.ml-anomalies-*/_search [status:200 duration:0.047s]
[2025-11-24 21:13:41] [INFO] POST https://localhost:9200/depot_air_qc_data/_search?_source_includes=tds_ppm,kekeruhan_ntu,suhu_celsius,%40timestamp,depot_id [status:200 duration:0.047s]
[2025-11-24 21:13:47] [INFO] POST https://localhost:9200/depot_air_qc_data/_search?_source_includes=tds_ppm,kekeruhan_ntu,suhu_celsius,%40timestamp [status:200 duration:0.057s]
[2025-11-24 21:13:47] [INFO] [QUERY] Historical: 50 documents
[2025-11-24 21:13:51] [INFO] POST https://localhost:9200/.ml-anomalies-*/_search [status:200 duration:0.050s]
[2025-11-24 21:13:51] [INFO] POST https://localhost:9200/.ml-anomalies-*/_search [status:200 duration:0.056s]
[2025-11-24 21:13:51] [INFO] [ML] Summary generated: 400 anomalies in last 24h
[2025-11-24 21:13:51] [INFO] POST https://localhost:9200/.ml-anomalies-*/_search [status:200 duration:0.045s]
[2025-11-24 21:13:51] [INFO] POST https://localhost:9200/depot_air_qc_data/_search?_source_includes=tds_ppm,kekeruhan_ntu,suhu_celsius,%40timestamp,depot_id [status:200 duration:0.047s]
[2025-11-24 21:14:01] [INFO] POST https://localhost:9200/.ml-anomalies-*/_search [status:200 duration:0.051s]
[2025-11-24 21:14:01] [INFO] POST https://localhost:9200/.ml-anomalies-*/_search [status:200 duration:0.052s]
[2025-11-24 21:14:01] [INFO] [ML] Summary generated: 400 anomalies in last 24h
[2025-11-24 21:14:01] [INFO] POST https://localhost:9200/.ml-anomalies-*/_search [status:200 duration:0.045s]
[2025-11-24 21:14:01] [INFO] POST https://localhost:9200/depot_air_qc_data/_search?_source_includes=tds_ppm,kekeruhan_ntu,suhu_celsius,%40timestamp,depot_id [status:200 duration:0.050s]
[2025-11-24 21:14:11] [INFO] POST https://localhost:9200/.ml-anomalies-*/_search [status:200 duration:0.048s]
[2025-11-24 21:14:11] [INFO] POST https://localhost:9200/.ml-anomalies-*/_search [status:200 duration:0.055s]
[2025-11-24 21:14:11] [INFO] [ML] Summary generated: 400 anomalies in last 24h
[2025-11-24 21:14:11] [INFO] POST https://localhost:9200/.ml-anomalies-*/_search [status:200 duration:0.048s]
[2025-11-24 21:14:11] [INFO] POST https://localhost:9200/depot_air_qc_data/_search?_source_includes=tds_ppm,kekeruhan_ntu,suhu_celsius,%40timestamp,depot_id [status:200 duration:0.058s]
[2025-11-24 21:14:19] [INFO] POST https://localhost:9200/.ml-anomalies-*/_search [status:200 duration:0.057s]
[2025-11-24 21:14:19] [INFO] POST https://localhost:9200/.ml-anomalies-*/_search [status:200 duration:0.072s]
[2025-11-24 21:14:19] [INFO] [ML] Summary generated: 400 anomalies in last 24h
[2025-11-24 21:14:19] [INFO] POST https://localhost:9200/.ml-anomalies-*/_search [status:200 duration:0.049s]
[2025-11-24 21:14:19] [INFO] POST https://localhost:9200/depot_air_qc_data/_search?_source_includes=tds_ppm,kekeruhan_ntu,suhu_celsius,%40timestamp,depot_id [status:200 duration:0.045s]
[2025-11-24 21:14:21] [INFO] POST https://localhost:9200/.ml-anomalies-*/_search [status:200 duration:0.054s]
[2025-11-24 21:14:21] [INFO] [ML] Summary generated: 400 anomalies in last 24h
[2025-11-24 21:14:21] [INFO] POST https://localhost:9200/.ml-anomalies-*/_search [status:200 duration:0.054s]
[2025-11-24 21:14:21] [INFO] POST https://localhost:9200/.ml-anomalies-*/_search [status:200 duration:0.057s]
[2025-11-24 21:14:21] [INFO] POST https://localhost:9200/depot_air_qc_data/_search?_source_includes=tds_ppm,kekeruhan_ntu,suhu_celsius,%40timestamp,depot_id [status:200 duration:0.054s]
[2025-11-24 21:14:31] [INFO] POST https://localhost:9200/.ml-anomalies-*/_search [status:200 duration:0.046s]
[2025-11-24 21:14:31] [INFO] POST https://localhost:9200/.ml-anomalies-*/_search [status:200 duration:0.050s]
[2025-11-24 21:14:31] [INFO] [ML] Summary generated: 400 anomalies in last 24h
[2025-11-24 21:14:31] [INFO] POST https://localhost:9200/.ml-anomalies-*/_search [status:200 duration:0.048s]
[2025-11-24 21:14:31] [INFO] POST https://localhost:9200/depot_air_qc_data/_search?_source_includes=tds_ppm,kekeruhan_ntu,suhu_celsius,%40timestamp,depot_id [status:200 duration:0.050s]
[2025-11-24 21:14:41] [INFO] POST https://localhost:9200/.ml-anomalies-*/_search [status:200 duration:0.044s]
[2025-11-24 21:14:41] [INFO] POST https://localhost:9200/.ml-anomalies-*/_search [status:200 duration:0.047s]
[2025-11-24 21:14:41] [INFO] [ML] Summary generated: 400 anomalies in last 24h
[2025-11-24 21:14:41] [INFO] POST https://localhost:9200/.ml-anomalies-*/_search [status:200 duration:0.048s]
[2025-11-24 21:14:41] [INFO] POST https://localhost:9200/depot_air_qc_data/_search?_source_includes=tds_ppm,kekeruhan_ntu,suhu_celsius,%40timestamp,depot_id [status:200 duration:0.045s]
[2025-11-24 21:14:51] [INFO] POST https://localhost:9200/.ml-anomalies-*/_search [status:200 duration:0.046s]
[2025-11-24 21:14:51] [INFO] POST https://localhost:9200/.ml-anomalies-*/_search [status:200 duration:0.054s]
[2025-11-24 21:14:51] [INFO] [ML] Summary generated: 400 anomalies in last 24h
[2025-11-24 21:14:51] [INFO] POST https://localhost:9200/.ml-anomalies-*/_search [status:200 duration:0.047s]
[2025-11-24 21:14:51] [INFO] POST https://localhost:9200/depot_air_qc_data/_search?_source_includes=tds_ppm,kekeruhan_ntu,suhu_celsius,%40timestamp,depot_id [status:200 duration:0.054s]
[2025-11-24 21:15:01] [INFO] POST https://localhost:9200/.ml-anomalies-*/_search [status:200 duration:0.049s]
[2025-11-24 21:15:01] [INFO] POST https://localhost:9200/.ml-anomalies-*/_search [status:200 duration:0.053s]
[2025-11-24 21:15:01] [INFO] [ML] Summary generated: 396 anomalies in last 24h
[2025-11-24 21:15:01] [INFO] POST https://localhost:9200/.ml-anomalies-*/_search [status:200 duration:0.046s]
[2025-11-24 21:15:01] [INFO] POST https://localhost:9200/depot_air_qc_data/_search?_source_includes=tds_ppm,kekeruhan_ntu,suhu_celsius,%40timestamp,depot_id [status:200 duration:0.046s]
[2025-11-24 21:15:11] [INFO] POST https://localhost:9200/.ml-anomalies-*/_search [status:200 duration:0.058s]
[2025-11-24 21:15:11] [INFO] POST https://localhost:9200/.ml-anomalies-*/_search [status:200 duration:0.057s]
[2025-11-24 21:15:11] [INFO] [ML] Summary generated: 396 anomalies in last 24h
[2025-11-24 21:15:11] [INFO] POST https://localhost:9200/.ml-anomalies-*/_search [status:200 duration:0.049s]
[2025-11-24 21:15:11] [INFO] POST https://localhost:9200/depot_air_qc_data/_search?_source_includes=tds_ppm,kekeruhan_ntu,suhu_celsius,%40timestamp,depot_id [status:200 duration:0.050s]
[2025-11-24 21:15:18] [INFO] POST https://localhost:9200/.ml-anomalies-*/_search [status:200 duration:0.052s]
[2025-11-24 21:15:18] [INFO] [ML] Summary generated: 396 anomalies in last 24h
[2025-11-24 21:15:18] [INFO] POST https://localhost:9200/.ml-anomalies-*/_search [status:200 duration:0.047s]
[2025-11-24 21:15:18] [INFO] POST https://localhost:9200/.ml-anomalies-*/_search [status:200 duration:0.046s]
[2025-11-24 21:15:18] [INFO] POST https://localhost:9200/depot_air_qc_data/_search?_source_includes=tds_ppm,kekeruhan_ntu,suhu_celsius,%40timestamp,depot_id [status:200 duration:0.049s]
[2025-11-24 21:15:21] [INFO] POST https://localhost:9200/.ml-anomalies-*/_search [status:200 duration:0.052s]
[2025-11-24 21:15:21] [INFO] POST https://localhost:9200/.ml-anomalies-*/_search [status:200 duration:0.060s]
[2025-11-24 21:15:21] [INFO] [ML] Summary generated: 396 anomalies in last 24h
[2025-11-24 21:15:21] [INFO] POST https://localhost:9200/.ml-anomalies-*/_search [status:200 duration:0.047s]
[2025-11-24 21:15:21] [INFO] POST https://localhost:9200/depot_air_qc_data/_search?_source_includes=tds_ppm,kekeruhan_ntu,suhu_celsius,%40timestamp,depot_id [status:200 duration:0.045s]
[2025-11-24 21:15:31] [INFO] POST https://localhost:9200/.ml-anomalies-*/_search [status:200 duration:0.052s]
[2025-11-24 21:15:31] [INFO] POST https://localhost:9200/.ml-anomalies-*/_search [status:200 duration:0.048s]
[2025-11-24 21:15:31] [INFO] POST https://localhost:9200/.ml-anomalies-*/_search [status:200 duration:0.050s]
[2025-11-24 21:15:31] [INFO] [ML] Summary generated: 396 anomalies in last 24h
[2025-11-24 21:15:31] [INFO] POST https://localhost:9200/depot_air_qc_data/_search?_source_includes=tds_ppm,kekeruhan_ntu,suhu_celsius,%40timestamp,depot_id [status:200 duration:0.049s]
[2025-11-24 21:15:41] [INFO] POST https://localhost:9200/.ml-anomalies-*/_search [status:200 duration:0.049s]
[2025-11-24 21:15:41] [INFO] POST https://localhost:9200/.ml-anomalies-*/_search [status:200 duration:0.053s]
[2025-11-24 21:15:41] [INFO] [ML] Summary generated: 396 anomalies in last 24h
[2025-11-24 21:15:41] [INFO] POST https://localhost:9200/.ml-anomalies-*/_search [status:200 duration:0.049s]
[2025-11-24 21:15:41] [INFO] POST https://localhost:9200/depot_air_qc_data/_search?_source_includes=tds_ppm,kekeruhan_ntu,suhu_celsius,%40timestamp,depot_id [status:200 duration:0.046s]
[2025-11-24 21:15:51] [INFO] POST https://localhost:9200/.ml-anomalies-*/_search [status:200 duration:0.054s]
[2025-11-24 21:15:51] [INFO] [ML] Summary generated: 396 anomalies in last 24h
[2025-11-24 21:15:51] [INFO] POST https://localhost:9200/.ml-anomalies-*/_search [status:200 duration:0.048s]
[2025-11-24 21:15:51] [INFO] POST https://localhost:9200/.ml-anomalies-*/_search [status:200 duration:0.047s]
[2025-11-24 21:15:51] [INFO] POST https://localhost:9200/depot_air_qc_data/_search?_source_includes=tds_ppm,kekeruhan_ntu,suhu_celsius,%40timestamp,depot_id [status:200 duration:0.052s]
[2025-11-24 21:16:01] [INFO] POST https://localhost:9200/.ml-anomalies-*/_search [status:200 duration:0.046s]
[2025-11-24 21:16:01] [INFO] POST https://localhost:9200/.ml-anomalies-*/_search [status:200 duration:0.050s]
[2025-11-24 21:16:01] [INFO] [ML] Summary generated: 396 anomalies in last 24h
[2025-11-24 21:16:01] [INFO] POST https://localhost:9200/.ml-anomalies-*/_search [status:200 duration:0.046s]
[2025-11-24 21:16:01] [INFO] POST https://localhost:9200/depot_air_qc_data/_search?_source_includes=tds_ppm,kekeruhan_ntu,suhu_celsius,%40timestamp,depot_id [status:200 duration:0.056s]
[2025-11-24 21:16:11] [INFO] POST https://localhost:9200/.ml-anomalies-*/_search [status:200 duration:0.047s]
[2025-11-24 21:16:11] [INFO] POST https://localhost:9200/.ml-anomalies-*/_search [status:200 duration:0.058s]
[2025-11-24 21:16:11] [INFO] [ML] Summary generated: 396 anomalies in last 24h
[2025-11-24 21:16:11] [INFO] POST https://localhost:9200/.ml-anomalies-*/_search [status:200 duration:0.046s]
[2025-11-24 21:16:11] [INFO] POST https://localhost:9200/depot_air_qc_data/_search?_source_includes=tds_ppm,kekeruhan_ntu,suhu_celsius,%40timestamp,depot_id [status:200 duration:0.053s]
[2025-11-24 21:16:18] [INFO] POST https://localhost:9200/.ml-anomalies-*/_search [status:200 duration:0.053s]
[2025-11-24 21:16:18] [INFO] POST https://localhost:9200/.ml-anomalies-*/_search [status:200 duration:0.059s]
[2025-11-24 21:16:18] [INFO] [ML] Summary generated: 396 anomalies in last 24h
[2025-11-24 21:16:18] [INFO] POST https://localhost:9200/.ml-anomalies-*/_search [status:200 duration:0.049s]
[2025-11-24 21:16:18] [INFO] POST https://localhost:9200/depot_air_qc_data/_search?_source_includes=tds_ppm,kekeruhan_ntu,suhu_celsius,%40timestamp,depot_id [status:200 duration:0.050s]
[2025-11-24 21:16:21] [INFO] POST https://localhost:9200/.ml-anomalies-*/_search [status:200 duration:0.047s]
[2025-11-24 21:16:21] [INFO] POST https://localhost:9200/.ml-anomalies-*/_search [status:200 duration:0.047s]
[2025-11-24 21:16:21] [INFO] [ML] Summary generated: 396 anomalies in last 24h
[2025-11-24 21:16:21] [INFO] POST https://localhost:9200/.ml-anomalies-*/_search [status:200 duration:0.049s]
[2025-11-24 21:16:21] [INFO] POST https://localhost:9200/depot_air_qc_data/_search?_source_includes=tds_ppm,kekeruhan_ntu,suhu_celsius,%40timestamp,depot_id [status:200 duration:0.051s]
[2025-11-24 21:16:31] [INFO] POST https://localhost:9200/.ml-anomalies-*/_search [status:200 duration:0.049s]
[2025-11-24 21:16:31] [INFO] POST https://localhost:9200/.ml-anomalies-*/_search [status:200 duration:0.051s]
[2025-11-24 21:16:31] [INFO] [ML] Summary generated: 398 anomalies in last 24h
[2025-11-24 21:16:31] [INFO] POST https://localhost:9200/.ml-anomalies-*/_search [status:200 duration:0.049s]
[2025-11-24 21:16:31] [INFO] POST https://localhost:9200/depot_air_qc_data/_search?_source_includes=tds_ppm,kekeruhan_ntu,suhu_celsius,%40timestamp,depot_id [status:200 duration:0.047s]
[2025-11-24 21:16:41] [INFO] POST https://localhost:9200/.ml-anomalies-*/_search [status:200 duration:0.048s]
[2025-11-24 21:16:41] [INFO] POST https://localhost:9200/.ml-anomalies-*/_search [status:200 duration:0.050s]
[2025-11-24 21:16:41] [INFO] [ML] Summary generated: 398 anomalies in last 24h
[2025-11-24 21:16:41] [INFO] POST https://localhost:9200/.ml-anomalies-*/_search [status:200 duration:0.046s]
[2025-11-24 21:16:41] [INFO] POST https://localhost:9200/depot_air_qc_data/_search?_source_includes=tds_ppm,kekeruhan_ntu,suhu_celsius,%40timestamp,depot_id [status:200 duration:0.052s]
[2025-11-24 21:16:51] [INFO] POST https://localhost:9200/.ml-anomalies-*/_search [status:200 duration:0.046s]
[2025-11-24 21:16:51] [INFO] POST https://localhost:9200/.ml-anomalies-*/_search [status:200 duration:0.053s]
[2025-11-24 21:16:51] [INFO] [ML] Summary generated: 400 anomalies in last 24h
[2025-11-24 21:16:51] [INFO] POST https://localhost:9200/.ml-anomalies-*/_search [status:200 duration:0.046s]
[2025-11-24 21:16:51] [INFO] POST https://localhost:9200/depot_air_qc_data/_search?_source_includes=tds_ppm,kekeruhan_ntu,suhu_celsius,%40timestamp,depot_id [status:200 duration:0.050s]
[2025-11-24 21:17:01] [INFO] POST https://localhost:9200/.ml-anomalies-*/_search [status:200 duration:0.046s]
[2025-11-24 21:17:01] [INFO] POST https://localhost:9200/.ml-anomalies-*/_search [status:200 duration:0.051s]
[2025-11-24 21:17:01] [INFO] [ML] Summary generated: 400 anomalies in last 24h
[2025-11-24 21:17:01] [INFO] POST https://localhost:9200/.ml-anomalies-*/_search [status:200 duration:0.046s]
[2025-11-24 21:17:01] [INFO] POST https://localhost:9200/depot_air_qc_data/_search?_source_includes=tds_ppm,kekeruhan_ntu,suhu_celsius,%40timestamp,depot_id [status:200 duration:0.047s]
[2025-11-24 21:17:11] [INFO] POST https://localhost:9200/.ml-anomalies-*/_search [status:200 duration:0.045s]
[2025-11-24 21:17:11] [INFO] POST https://localhost:9200/.ml-anomalies-*/_search [status:200 duration:0.049s]
[2025-11-24 21:17:11] [INFO] [ML] Summary generated: 400 anomalies in last 24h
[2025-11-24 21:17:11] [INFO] POST https://localhost:9200/.ml-anomalies-*/_search [status:200 duration:0.052s]
[2025-11-24 21:17:11] [INFO] POST https://localhost:9200/depot_air_qc_data/_search?_source_includes=tds_ppm,kekeruhan_ntu,suhu_celsius,%40timestamp,depot_id [status:200 duration:0.050s]
[2025-11-24 21:17:18] [INFO] POST https://localhost:9200/.ml-anomalies-*/_search [status:200 duration:0.051s]
[2025-11-24 21:17:18] [INFO] POST https://localhost:9200/.ml-anomalies-*/_search [status:200 duration:0.065s]
[2025-11-24 21:17:18] [INFO] [ML] Summary generated: 400 anomalies in last 24h
[2025-11-24 21:17:18] [INFO] POST https://localhost:9200/.ml-anomalies-*/_search [status:200 duration:0.051s]
[2025-11-24 21:17:19] [INFO] POST https://localhost:9200/depot_air_qc_data/_search?_source_includes=tds_ppm,kekeruhan_ntu,suhu_celsius,%40timestamp,depot_id [status:200 duration:0.046s]
[2025-11-24 21:17:21] [INFO] POST https://localhost:9200/.ml-anomalies-*/_search [status:200 duration:0.051s]
[2025-11-24 21:17:21] [INFO] POST https://localhost:9200/.ml-anomalies-*/_search [status:200 duration:0.058s]
[2025-11-24 21:17:21] [INFO] [ML] Summary generated: 400 anomalies in last 24h
[2025-11-24 21:17:21] [INFO] POST https://localhost:9200/.ml-anomalies-*/_search [status:200 duration:0.046s]
[2025-11-24 21:17:21] [INFO] POST https://localhost:9200/depot_air_qc_data/_search?_source_includes=tds_ppm,kekeruhan_ntu,suhu_celsius,%40timestamp,depot_id [status:200 duration:0.046s]
[2025-11-24 21:17:32] [INFO] POST https://localhost:9200/.ml-anomalies-*/_search [status:200 duration:0.055s]
[2025-11-24 21:17:32] [INFO] POST https://localhost:9200/.ml-anomalies-*/_search [status:200 duration:0.062s]
[2025-11-24 21:17:32] [INFO] [ML] Summary generated: 400 anomalies in last 24h
[2025-11-24 21:17:32] [INFO] POST https://localhost:9200/.ml-anomalies-*/_search [status:200 duration:0.048s]
[2025-11-24 21:17:32] [INFO] POST https://localhost:9200/depot_air_qc_data/_search?_source_includes=tds_ppm,kekeruhan_ntu,suhu_celsius,%40timestamp,depot_id [status:200 duration:0.049s]
[2025-11-24 21:17:41] [INFO] POST https://localhost:9200/.ml-anomalies-*/_search [status:200 duration:0.049s]
[2025-11-24 21:17:41] [INFO] POST https://localhost:9200/.ml-anomalies-*/_search [status:200 duration:0.059s]
[2025-11-24 21:17:41] [INFO] [ML] Summary generated: 400 anomalies in last 24h
[2025-11-24 21:17:41] [INFO] POST https://localhost:9200/.ml-anomalies-*/_search [status:200 duration:0.051s]
[2025-11-24 21:17:41] [INFO] POST https://localhost:9200/depot_air_qc_data/_search?_source_includes=tds_ppm,kekeruhan_ntu,suhu_celsius,%40timestamp,depot_id [status:200 duration:0.046s]
[2025-11-24 21:17:51] [INFO] POST https://localhost:9200/.ml-anomalies-*/_search [status:200 duration:0.048s]
[2025-11-24 21:17:51] [INFO] POST https://localhost:9200/.ml-anomalies-*/_search [status:200 duration:0.055s]
[2025-11-24 21:17:51] [INFO] [ML] Summary generated: 400 anomalies in last 24h
[2025-11-24 21:17:51] [INFO] POST https://localhost:9200/.ml-anomalies-*/_search [status:200 duration:0.047s]
[2025-11-24 21:17:51] [INFO] POST https://localhost:9200/depot_air_qc_data/_search?_source_includes=tds_ppm,kekeruhan_ntu,suhu_celsius,%40timestamp,depot_id [status:200 duration:0.053s]
[2025-11-24 21:18:01] [INFO] POST https://localhost:9200/.ml-anomalies-*/_search [status:200 duration:0.045s]
[2025-11-24 21:18:01] [INFO] POST https://localhost:9200/.ml-anomalies-*/_search [status:200 duration:0.048s]
[2025-11-24 21:18:01] [INFO] [ML] Summary generated: 400 anomalies in last 24h
[2025-11-24 21:18:01] [INFO] POST https://localhost:9200/.ml-anomalies-*/_search [status:200 duration:0.047s]
[2025-11-24 21:18:01] [INFO] POST https://localhost:9200/depot_air_qc_data/_search?_source_includes=tds_ppm,kekeruhan_ntu,suhu_celsius,%40timestamp,depot_id [status:200 duration:0.048s]
[2025-11-24 21:18:21] [INFO] POST https://localhost:9200/.ml-anomalies-*/_search [status:200 duration:0.063s]
[2025-11-24 21:18:21] [INFO] [ML] Summary generated: 400 anomalies in last 24h
[2025-11-24 21:18:21] [INFO] POST https://localhost:9200/.ml-anomalies-*/_search [status:200 duration:0.050s]
[2025-11-24 21:18:21] [INFO] POST https://localhost:9200/.ml-anomalies-*/_search [status:200 duration:0.049s]
[2025-11-24 21:18:21] [INFO] POST https://localhost:9200/depot_air_qc_data/_search?_source_includes=tds_ppm,kekeruhan_ntu,suhu_celsius,%40timestamp,depot_id [status:200 duration:0.046s]
[2025-11-24 21:18:30] [INFO] POST https://localhost:9200/.ml-anomalies-*/_search [status:200 duration:0.051s]
[2025-11-24 21:18:30] [INFO] POST https://localhost:9200/.ml-anomalies-*/_search [status:200 duration:0.050s]
[2025-11-24 21:18:30] [INFO] [ML] Summary generated: 400 anomalies in last 24h
[2025-11-24 21:18:30] [INFO] POST https://localhost:9200/.ml-anomalies-*/_search [status:200 duration:0.047s]
[2025-11-24 21:18:30] [INFO] POST https://localhost:9200/depot_air_qc_data/_search?_source_includes=tds_ppm,kekeruhan_ntu,suhu_celsius,%40timestamp,depot_id [status:200 duration:0.045s]
[2025-11-24 21:18:45] [INFO] POST https://localhost:9200/.ml-anomalies-*/_search [status:200 duration:0.055s]
[2025-11-24 21:18:45] [INFO] POST https://localhost:9200/.ml-anomalies-*/_search [status:200 duration:0.057s]
[2025-11-24 21:18:45] [INFO] [ML] Summary generated: 400 anomalies in last 24h
[2025-11-24 21:18:45] [INFO] POST https://localhost:9200/.ml-anomalies-*/_search [status:200 duration:0.048s]
[2025-11-24 21:18:45] [INFO] POST https://localhost:9200/depot_air_qc_data/_search?_source_includes=tds_ppm,kekeruhan_ntu,suhu_celsius,%40timestamp,depot_id [status:200 duration:0.048s]
[2025-11-24 21:18:51] [INFO] POST https://localhost:9200/.ml-anomalies-*/_search [status:200 duration:0.054s]
[2025-11-24 21:18:51] [INFO] POST https://localhost:9200/.ml-anomalies-*/_search [status:200 duration:0.061s]
[2025-11-24 21:18:51] [INFO] [ML] Summary generated: 400 anomalies in last 24h
[2025-11-24 21:18:51] [INFO] POST https://localhost:9200/.ml-anomalies-*/_search [status:200 duration:0.048s]
[2025-11-24 21:18:51] [INFO] POST https://localhost:9200/depot_air_qc_data/_search?_source_includes=tds_ppm,kekeruhan_ntu,suhu_celsius,%40timestamp,depot_id [status:200 duration:0.046s]
[2025-11-24 21:18:57] [INFO] POST https://localhost:9200/.ml-anomalies-*/_search [status:200 duration:0.055s]
[2025-11-24 21:18:57] [INFO] [ML] Summary generated: 400 anomalies in last 24h
[2025-11-24 21:19:01] [INFO] POST https://localhost:9200/.ml-anomalies-*/_search [status:200 duration:0.053s]
[2025-11-24 21:19:01] [INFO] POST https://localhost:9200/.ml-anomalies-*/_search [status:200 duration:0.058s]
[2025-11-24 21:19:01] [INFO] [ML] Summary generated: 400 anomalies in last 24h
[2025-11-24 21:19:01] [INFO] POST https://localhost:9200/.ml-anomalies-*/_search [status:200 duration:0.047s]
[2025-11-24 21:19:01] [INFO] POST https://localhost:9200/depot_air_qc_data/_search?_source_includes=tds_ppm,kekeruhan_ntu,suhu_celsius,%40timestamp,depot_id [status:200 duration:0.048s]
[2025-11-24 21:19:11] [INFO] POST https://localhost:9200/.ml-anomalies-*/_search [status:200 duration:0.046s]
[2025-11-24 21:19:11] [INFO] POST https://localhost:9200/.ml-anomalies-*/_search [status:200 duration:0.050s]
[2025-11-24 21:19:11] [INFO] [ML] Summary generated: 400 anomalies in last 24h
[2025-11-24 21:19:11] [INFO] POST https://localhost:9200/.ml-anomalies-*/_search [status:200 duration:0.044s]
[2025-11-24 21:19:11] [INFO] POST https://localhost:9200/depot_air_qc_data/_search?_source_includes=tds_ppm,kekeruhan_ntu,suhu_celsius,%40timestamp,depot_id [status:200 duration:0.045s]
[2025-11-24 21:19:18] [INFO] POST https://localhost:9200/.ml-anomalies-*/_search [status:200 duration:0.050s]
[2025-11-24 21:19:18] [INFO] POST https://localhost:9200/.ml-anomalies-*/_search [status:200 duration:0.052s]
[2025-11-24 21:19:18] [INFO] [ML] Summary generated: 400 anomalies in last 24h
[2025-11-24 21:19:18] [INFO] POST https://localhost:9200/.ml-anomalies-*/_search [status:200 duration:0.056s]
[2025-11-24 21:19:18] [INFO] POST https://localhost:9200/depot_air_qc_data/_search?_source_includes=tds_ppm,kekeruhan_ntu,suhu_celsius,%40timestamp,depot_id [status:200 duration:0.046s]
[2025-11-24 21:19:21] [INFO] POST https://localhost:9200/.ml-anomalies-*/_search [status:200 duration:0.049s]
[2025-11-24 21:19:21] [INFO] POST https://localhost:9200/.ml-anomalies-*/_search [status:200 duration:0.050s]
[2025-11-24 21:19:21] [INFO] [ML] Summary generated: 400 anomalies in last 24h
[2025-11-24 21:19:21] [INFO] POST https://localhost:9200/.ml-anomalies-*/_search [status:200 duration:0.051s]
[2025-11-24 21:19:21] [INFO] POST https://localhost:9200/depot_air_qc_data/_search?_source_includes=tds_ppm,kekeruhan_ntu,suhu_celsius,%40timestamp,depot_id [status:200 duration:0.051s]
[2025-11-24 21:19:31] [INFO] POST https://localhost:9200/.ml-anomalies-*/_search [status:200 duration:0.047s]
[2025-11-24 21:19:31] [INFO] POST https://localhost:9200/.ml-anomalies-*/_search [status:200 duration:0.053s]
[2025-11-24 21:19:31] [INFO] [ML] Summary generated: 400 anomalies in last 24h
[2025-11-24 21:19:31] [INFO] POST https://localhost:9200/.ml-anomalies-*/_search [status:200 duration:0.046s]
[2025-11-24 21:19:31] [INFO] POST https://localhost:9200/depot_air_qc_data/_search?_source_includes=tds_ppm,kekeruhan_ntu,suhu_celsius,%40timestamp,depot_id [status:200 duration:0.047s]
[2025-11-24 21:19:41] [INFO] POST https://localhost:9200/.ml-anomalies-*/_search [status:200 duration:0.051s]
[2025-11-24 21:19:41] [INFO] POST https://localhost:9200/.ml-anomalies-*/_search [status:200 duration:0.055s]
[2025-11-24 21:19:41] [INFO] [ML] Summary generated: 400 anomalies in last 24h
[2025-11-24 21:19:41] [INFO] POST https://localhost:9200/.ml-anomalies-*/_search [status:200 duration:0.051s]
[2025-11-24 21:19:41] [INFO] POST https://localhost:9200/depot_air_qc_data/_search?_source_includes=tds_ppm,kekeruhan_ntu,suhu_celsius,%40timestamp,depot_id [status:200 duration:0.050s]
[2025-11-24 21:19:51] [INFO] POST https://localhost:9200/.ml-anomalies-*/_search [status:200 duration:0.054s]
[2025-11-24 21:19:51] [INFO] [ML] Summary generated: 400 anomalies in last 24h
[2025-11-24 21:19:52] [INFO] POST https://localhost:9200/depot_air_qc_data/_search?_source_includes=tds_ppm,kekeruhan_ntu,suhu_celsius,%40timestamp,depot_id [status:200 duration:0.048s]
[2025-11-24 21:19:52] [INFO] POST https://localhost:9200/.ml-anomalies-*/_search [status:200 duration:0.047s]
[2025-11-24 21:19:52] [INFO] POST https://localhost:9200/.ml-anomalies-*/_search [status:200 duration:0.048s]
[2025-11-24 21:20:01] [INFO] POST https://localhost:9200/.ml-anomalies-*/_search [status:200 duration:0.049s]
[2025-11-24 21:20:01] [INFO] POST https://localhost:9200/.ml-anomalies-*/_search [status:200 duration:0.053s]
[2025-11-24 21:20:01] [INFO] [ML] Summary generated: 400 anomalies in last 24h
[2025-11-24 21:20:02] [INFO] POST https://localhost:9200/.ml-anomalies-*/_search [status:200 duration:0.046s]
[2025-11-24 21:20:02] [INFO] POST https://localhost:9200/depot_air_qc_data/_search?_source_includes=tds_ppm,kekeruhan_ntu,suhu_celsius,%40timestamp,depot_id [status:200 duration:0.047s]
[2025-11-24 21:20:12] [INFO] POST https://localhost:9200/depot_air_qc_data/_search?_source_includes=tds_ppm,kekeruhan_ntu,suhu_celsius,%40timestamp,depot_id [status:200 duration:0.049s]
[2025-11-24 21:20:13] [INFO] POST https://localhost:9200/.ml-anomalies-*/_search [status:200 duration:0.049s]
[2025-11-24 21:20:13] [INFO] POST https://localhost:9200/.ml-anomalies-*/_search [status:200 duration:0.054s]
[2025-11-24 21:20:13] [INFO] [ML] Summary generated: 400 anomalies in last 24h
[2025-11-24 21:20:13] [INFO] POST https://localhost:9200/.ml-anomalies-*/_search [status:200 duration:0.048s]
[2025-11-24 21:20:19] [INFO] POST https://localhost:9200/.ml-anomalies-*/_search [status:200 duration:0.046s]
[2025-11-24 21:20:19] [INFO] [ML] Summary generated: 400 anomalies in last 24h
[2025-11-24 21:20:19] [INFO] POST https://localhost:9200/.ml-anomalies-*/_search [status:200 duration:0.047s]
[2025-11-24 21:20:19] [INFO] POST https://localhost:9200/.ml-anomalies-*/_search [status:200 duration:0.044s]
[2025-11-24 21:20:19] [INFO] POST https://localhost:9200/depot_air_qc_data/_search?_source_includes=tds_ppm,kekeruhan_ntu,suhu_celsius,%40timestamp,depot_id [status:200 duration:0.048s]
[2025-11-24 21:20:21] [INFO] POST https://localhost:9200/.ml-anomalies-*/_search [status:200 duration:0.047s]
[2025-11-24 21:20:21] [INFO] POST https://localhost:9200/.ml-anomalies-*/_search [status:200 duration:0.053s]
[2025-11-24 21:20:21] [INFO] [ML] Summary generated: 400 anomalies in last 24h
[2025-11-24 21:20:21] [INFO] POST https://localhost:9200/.ml-anomalies-*/_search [status:200 duration:0.047s]
[2025-11-24 21:20:21] [INFO] POST https://localhost:9200/depot_air_qc_data/_search?_source_includes=tds_ppm,kekeruhan_ntu,suhu_celsius,%40timestamp,depot_id [status:200 duration:0.047s]
[2025-11-24 21:20:25] [INFO] POST https://localhost:9200/.ml-anomalies-*/_search [status:200 duration:0.053s]
[2025-11-24 21:20:25] [INFO] [ML] Retrieved 100 anomalies (total: 400)
[2025-11-24 21:20:29] [INFO] POST https://localhost:9200/depot_air_qc_data/_search?_source_includes=tds_ppm,kekeruhan_ntu,suhu_celsius,%40timestamp [status:200 duration:0.048s]
[2025-11-24 21:20:29] [INFO] [QUERY] Historical: 50 documents
[2025-11-24 21:20:31] [INFO] POST https://localhost:9200/.ml-anomalies-*/_search [status:200 duration:0.049s]
[2025-11-24 21:20:31] [INFO] POST https://localhost:9200/.ml-anomalies-*/_search [status:200 duration:0.051s]
[2025-11-24 21:20:31] [INFO] [ML] Summary generated: 400 anomalies in last 24h
[2025-11-24 21:20:31] [INFO] POST https://localhost:9200/.ml-anomalies-*/_search [status:200 duration:0.045s]
[2025-11-24 21:20:31] [INFO] POST https://localhost:9200/depot_air_qc_data/_search?_source_includes=tds_ppm,kekeruhan_ntu,suhu_celsius,%40timestamp,depot_id [status:200 duration:0.046s]
[2025-11-24 21:20:41] [INFO] POST https://localhost:9200/.ml-anomalies-*/_search [status:200 duration:0.048s]
[2025-11-24 21:20:41] [INFO] POST https://localhost:9200/.ml-anomalies-*/_search [status:200 duration:0.055s]
[2025-11-24 21:20:41] [INFO] [ML] Summary generated: 400 anomalies in last 24h
[2025-11-24 21:20:41] [INFO] POST https://localhost:9200/.ml-anomalies-*/_search [status:200 duration:0.052s]
[2025-11-24 21:20:41] [INFO] POST https://localhost:9200/depot_air_qc_data/_search?_source_includes=tds_ppm,kekeruhan_ntu,suhu_celsius,%40timestamp,depot_id [status:200 duration:0.046s]
[2025-11-24 21:20:52] [INFO] POST https://localhost:9200/.ml-anomalies-*/_search [status:200 duration:0.050s]
[2025-11-24 21:20:52] [INFO] POST https://localhost:9200/.ml-anomalies-*/_search [status:200 duration:0.056s]
[2025-11-24 21:20:52] [INFO] [ML] Summary generated: 400 anomalies in last 24h
[2025-11-24 21:20:52] [INFO] POST https://localhost:9200/.ml-anomalies-*/_search [status:200 duration:0.052s]
[2025-11-24 21:20:52] [INFO] POST https://localhost:9200/depot_air_qc_data/_search?_source_includes=tds_ppm,kekeruhan_ntu,suhu_celsius,%40timestamp,depot_id [status:200 duration:0.051s]
[2025-11-24 21:21:02] [INFO] POST https://localhost:9200/.ml-anomalies-*/_search [status:200 duration:0.048s]
[2025-11-24 21:21:02] [INFO] POST https://localhost:9200/.ml-anomalies-*/_search [status:200 duration:0.057s]
[2025-11-24 21:21:02] [INFO] [ML] Summary generated: 400 anomalies in last 24h
[2025-11-24 21:21:02] [INFO] POST https://localhost:9200/.ml-anomalies-*/_search [status:200 duration:0.048s]
[2025-11-24 21:21:02] [INFO] POST https://localhost:9200/depot_air_qc_data/_search?_source_includes=tds_ppm,kekeruhan_ntu,suhu_celsius,%40timestamp,depot_id [status:200 duration:0.052s]
[2025-11-24 21:21:12] [INFO] POST https://localhost:9200/.ml-anomalies-*/_search [status:200 duration:0.046s]
[2025-11-24 21:21:12] [INFO] POST https://localhost:9200/.ml-anomalies-*/_search [status:200 duration:0.051s]
[2025-11-24 21:21:12] [INFO] [ML] Summary generated: 400 anomalies in last 24h
[2025-11-24 21:21:12] [INFO] POST https://localhost:9200/.ml-anomalies-*/_search [status:200 duration:0.047s]
[2025-11-24 21:21:12] [INFO] POST https://localhost:9200/depot_air_qc_data/_search?_source_includes=tds_ppm,kekeruhan_ntu,suhu_celsius,%40timestamp,depot_id [status:200 duration:0.047s]
[2025-11-24 21:21:17] [INFO] POST https://localhost:9200/.ml-anomalies-*/_search [status:200 duration:0.048s]
[2025-11-24 21:21:17] [INFO] [ML] Retrieved 100 anomalies (total: 400)
[2025-11-24 21:21:18] [INFO] POST https://localhost:9200/.ml-anomalies-*/_search [status:200 duration:0.050s]
[2025-11-24 21:21:18] [INFO] [ML] Summary generated: 400 anomalies in last 24h
[2025-11-24 21:21:18] [INFO] POST https://localhost:9200/.ml-anomalies-*/_search [status:200 duration:0.055s]
[2025-11-24 21:21:18] [INFO] POST https://localhost:9200/.ml-anomalies-*/_search [status:200 duration:0.064s]
[2025-11-24 21:21:18] [INFO] [ML] Summary generated: 400 anomalies in last 24h
[2025-11-24 21:21:18] [INFO] POST https://localhost:9200/.ml-anomalies-*/_search [status:200 duration:0.052s]
[2025-11-24 21:21:18] [INFO] POST https://localhost:9200/depot_air_qc_data/_search?_source_includes=tds_ppm,kekeruhan_ntu,suhu_celsius,%40timestamp,depot_id [status:200 duration:0.047s]
[2025-11-24 21:21:21] [INFO] POST https://localhost:9200/.ml-anomalies-*/_search [status:200 duration:0.046s]
[2025-11-24 21:21:21] [INFO] POST https://localhost:9200/.ml-anomalies-*/_search [status:200 duration:0.052s]
[2025-11-24 21:21:21] [INFO] POST https://localhost:9200/.ml-anomalies-*/_search [status:200 duration:0.053s]
[2025-11-24 21:21:21] [INFO] [ML] Summary generated: 400 anomalies in last 24h
[2025-11-24 21:21:21] [INFO] POST https://localhost:9200/depot_air_qc_data/_search?_source_includes=tds_ppm,kekeruhan_ntu,suhu_celsius,%40timestamp,depot_id [status:200 duration:0.045s]
[2025-11-24 21:21:32] [INFO] POST https://localhost:9200/.ml-anomalies-*/_search [status:200 duration:0.046s]
[2025-11-24 21:21:32] [INFO] POST https://localhost:9200/.ml-anomalies-*/_search [status:200 duration:0.049s]
[2025-11-24 21:21:32] [INFO] [ML] Summary generated: 400 anomalies in last 24h
[2025-11-24 21:21:32] [INFO] POST https://localhost:9200/.ml-anomalies-*/_search [status:200 duration:0.047s]
[2025-11-24 21:21:32] [INFO] POST https://localhost:9200/depot_air_qc_data/_search?_source_includes=tds_ppm,kekeruhan_ntu,suhu_celsius,%40timestamp,depot_id [status:200 duration:0.047s]
[2025-11-24 21:21:42] [INFO] POST https://localhost:9200/.ml-anomalies-*/_search [status:200 duration:0.046s]
[2025-11-24 21:21:42] [INFO] POST https://localhost:9200/.ml-anomalies-*/_search [status:200 duration:0.052s]
[2025-11-24 21:21:42] [INFO] POST https://localhost:9200/.ml-anomalies-*/_search [status:200 duration:0.052s]
[2025-11-24 21:21:42] [INFO] [ML] Summary generated: 400 anomalies in last 24h
[2025-11-24 21:21:42] [INFO] POST https://localhost:9200/depot_air_qc_data/_search?_source_includes=tds_ppm,kekeruhan_ntu,suhu_celsius,%40timestamp,depot_id [status:200 duration:0.046s]
[2025-11-24 21:21:52] [INFO] POST https://localhost:9200/.ml-anomalies-*/_search [status:200 duration:0.053s]
[2025-11-24 21:21:52] [INFO] POST https://localhost:9200/.ml-anomalies-*/_search [status:200 duration:0.056s]
[2025-11-24 21:21:52] [INFO] [ML] Summary generated: 400 anomalies in last 24h
[2025-11-24 21:21:52] [INFO] POST https://localhost:9200/.ml-anomalies-*/_search [status:200 duration:0.048s]
[2025-11-24 21:21:52] [INFO] POST https://localhost:9200/depot_air_qc_data/_search?_source_includes=tds_ppm,kekeruhan_ntu,suhu_celsius,%40timestamp,depot_id [status:200 duration:0.053s]
[2025-11-24 21:22:02] [INFO] POST https://localhost:9200/.ml-anomalies-*/_search [status:200 duration:0.050s]
[2025-11-24 21:22:02] [INFO] POST https://localhost:9200/.ml-anomalies-*/_search [status:200 duration:0.057s]
[2025-11-24 21:22:02] [INFO] [ML] Summary generated: 400 anomalies in last 24h
[2025-11-24 21:22:02] [INFO] POST https://localhost:9200/.ml-anomalies-*/_search [status:200 duration:0.047s]
[2025-11-24 21:22:02] [INFO] POST https://localhost:9200/depot_air_qc_data/_search?_source_includes=tds_ppm,kekeruhan_ntu,suhu_celsius,%40timestamp,depot_id [status:200 duration:0.047s]
[2025-11-24 21:22:12] [INFO] POST https://localhost:9200/.ml-anomalies-*/_search [status:200 duration:0.052s]
[2025-11-24 21:22:12] [INFO] POST https://localhost:9200/.ml-anomalies-*/_search [status:200 duration:0.058s]
[2025-11-24 21:22:12] [INFO] [ML] Summary generated: 400 anomalies in last 24h
[2025-11-24 21:22:12] [INFO] POST https://localhost:9200/.ml-anomalies-*/_search [status:200 duration:0.048s]
[2025-11-24 21:22:12] [INFO] POST https://localhost:9200/depot_air_qc_data/_search?_source_includes=tds_ppm,kekeruhan_ntu,suhu_celsius,%40timestamp,depot_id [status:200 duration:0.048s]
[2025-11-24 21:22:18] [INFO] POST https://localhost:9200/.ml-anomalies-*/_search [status:200 duration:0.051s]
[2025-11-24 21:22:18] [INFO] POST https://localhost:9200/.ml-anomalies-*/_search [status:200 duration:0.055s]
[2025-11-24 21:22:18] [INFO] [ML] Summary generated: 400 anomalies in last 24h
[2025-11-24 21:22:18] [INFO] POST https://localhost:9200/.ml-anomalies-*/_search [status:200 duration:0.046s]
[2025-11-24 21:22:18] [INFO] POST https://localhost:9200/depot_air_qc_data/_search?_source_includes=tds_ppm,kekeruhan_ntu,suhu_celsius,%40timestamp,depot_id [status:200 duration:0.047s]
[2025-11-24 21:22:22] [INFO] POST https://localhost:9200/.ml-anomalies-*/_search [status:200 duration:0.051s]
[2025-11-24 21:22:22] [INFO] POST https://localhost:9200/.ml-anomalies-*/_search [status:200 duration:0.054s]
[2025-11-24 21:22:22] [INFO] [ML] Summary generated: 400 anomalies in last 24h
[2025-11-24 21:22:22] [INFO] POST https://localhost:9200/.ml-anomalies-*/_search [status:200 duration:0.053s]
[2025-11-24 21:22:22] [INFO] POST https://localhost:9200/depot_air_qc_data/_search?_source_includes=tds_ppm,kekeruhan_ntu,suhu_celsius,%40timestamp,depot_id [status:200 duration:0.048s]
[2025-11-24 21:22:32] [INFO] POST https://localhost:9200/.ml-anomalies-*/_search [status:200 duration:0.047s]
[2025-11-24 21:22:32] [INFO] POST https://localhost:9200/.ml-anomalies-*/_search [status:200 duration:0.051s]
[2025-11-24 21:22:32] [INFO] [ML] Summary generated: 400 anomalies in last 24h
[2025-11-24 21:22:32] [INFO] POST https://localhost:9200/.ml-anomalies-*/_search [status:200 duration:0.047s]
[2025-11-24 21:22:32] [INFO] POST https://localhost:9200/depot_air_qc_data/_search?_source_includes=tds_ppm,kekeruhan_ntu,suhu_celsius,%40timestamp,depot_id [status:200 duration:0.048s]
[2025-11-24 21:22:42] [INFO] POST https://localhost:9200/.ml-anomalies-*/_search [status:200 duration:0.045s]
[2025-11-24 21:22:42] [INFO] POST https://localhost:9200/.ml-anomalies-*/_search [status:200 duration:0.050s]
[2025-11-24 21:22:42] [INFO] [ML] Summary generated: 400 anomalies in last 24h
[2025-11-24 21:22:42] [INFO] POST https://localhost:9200/.ml-anomalies-*/_search [status:200 duration:0.048s]
[2025-11-24 21:22:42] [INFO] POST https://localhost:9200/depot_air_qc_data/_search?_source_includes=tds_ppm,kekeruhan_ntu,suhu_celsius,%40timestamp,depot_id [status:200 duration:0.054s]
[2025-11-24 21:22:52] [INFO] POST https://localhost:9200/.ml-anomalies-*/_search [status:200 duration:0.053s]
[2025-11-24 21:22:52] [INFO] POST https://localhost:9200/.ml-anomalies-*/_search [status:200 duration:0.062s]
[2025-11-24 21:22:52] [INFO] [ML] Summary generated: 400 anomalies in last 24h
[2025-11-24 21:22:52] [INFO] POST https://localhost:9200/.ml-anomalies-*/_search [status:200 duration:0.047s]
[2025-11-24 21:22:52] [INFO] POST https://localhost:9200/depot_air_qc_data/_search?_source_includes=tds_ppm,kekeruhan_ntu,suhu_celsius,%40timestamp,depot_id [status:200 duration:0.047s]
[2025-11-24 21:23:18] [INFO] POST https://localhost:9200/.ml-anomalies-*/_search [status:200 duration:0.055s]
[2025-11-24 21:23:18] [INFO] [ML] Summary generated: 400 anomalies in last 24h
[2025-11-24 21:23:18] [INFO] POST https://localhost:9200/.ml-anomalies-*/_search [status:200 duration:0.044s]
[2025-11-24 21:23:18] [INFO] POST https://localhost:9200/.ml-anomalies-*/_search [status:200 duration:0.044s]
[2025-11-24 21:23:18] [INFO] POST https://localhost:9200/depot_air_qc_data/_search?_source_includes=tds_ppm,kekeruhan_ntu,suhu_celsius,%40timestamp,depot_id [status:200 duration:0.045s]
[2025-11-24 21:23:25] [INFO] POST https://localhost:9200/.ml-anomalies-*/_search [status:200 duration:0.050s]
[2025-11-24 21:23:25] [INFO] [ML] Summary generated: 400 anomalies in last 24h
[2025-11-24 21:23:25] [INFO] POST https://localhost:9200/depot_air_qc_data/_search?_source_includes=tds_ppm,kekeruhan_ntu,suhu_celsius,%40timestamp,depot_id [status:200 duration:0.046s]
[2025-11-24 21:23:25] [INFO] POST https://localhost:9200/.ml-anomalies-*/_search [status:200 duration:0.055s]
[2025-11-24 21:23:25] [INFO] POST https://localhost:9200/.ml-anomalies-*/_search [status:200 duration:0.048s]
[2025-11-24 21:24:20] [INFO] POST https://localhost:9200/.ml-anomalies-*/_search [status:200 duration:0.050s]
[2025-11-24 21:24:20] [INFO] POST https://localhost:9200/.ml-anomalies-*/_search [status:200 duration:0.048s]
[2025-11-24 21:24:20] [INFO] POST https://localhost:9200/.ml-anomalies-*/_search [status:200 duration:0.065s]
[2025-11-24 21:24:20] [INFO] [ML] Summary generated: 400 anomalies in last 24h
[2025-11-24 21:24:20] [INFO] POST https://localhost:9200/depot_air_qc_data/_search?_source_includes=tds_ppm,kekeruhan_ntu,suhu_celsius,%40timestamp,depot_id [status:200 duration:0.047s]
[2025-11-24 21:24:26] [INFO] POST https://localhost:9200/.ml-anomalies-*/_search [status:200 duration:0.056s]
[2025-11-24 21:24:26] [INFO] [ML] Summary generated: 400 anomalies in last 24h
[2025-11-24 21:24:26] [INFO] POST https://localhost:9200/depot_air_qc_data/_search?_source_includes=tds_ppm,kekeruhan_ntu,suhu_celsius,%40timestamp,depot_id [status:200 duration:0.046s]
[2025-11-24 21:24:30] [INFO] POST https://localhost:9200/.ml-anomalies-*/_search [status:200 duration:0.049s]
[2025-11-24 21:24:30] [INFO] POST https://localhost:9200/.ml-anomalies-*/_search [status:200 duration:0.051s]
[2025-11-24 21:25:18] [INFO] POST https://localhost:9200/.ml-anomalies-*/_search [status:200 duration:0.047s]
[2025-11-24 21:25:18] [INFO] POST https://localhost:9200/.ml-anomalies-*/_search [status:200 duration:0.051s]
[2025-11-24 21:25:18] [INFO] [ML] Summary generated: 400 anomalies in last 24h
[2025-11-24 21:25:18] [INFO] POST https://localhost:9200/.ml-anomalies-*/_search [status:200 duration:0.044s]
[2025-11-24 21:25:18] [INFO] POST https://localhost:9200/depot_air_qc_data/_search?_source_includes=tds_ppm,kekeruhan_ntu,suhu_celsius,%40timestamp,depot_id [status:200 duration:0.047s]
[2025-11-24 21:25:25] [INFO] POST https://localhost:9200/.ml-anomalies-*/_search [status:200 duration:0.044s]
[2025-11-24 21:25:25] [INFO] POST https://localhost:9200/.ml-anomalies-*/_search [status:200 duration:0.054s]
[2025-11-24 21:25:25] [INFO] [ML] Summary generated: 400 anomalies in last 24h
[2025-11-24 21:25:25] [INFO] POST https://localhost:9200/.ml-anomalies-*/_search [status:200 duration:0.052s]
[2025-11-24 21:25:25] [INFO] POST https://localhost:9200/depot_air_qc_data/_search?_source_includes=tds_ppm,kekeruhan_ntu,suhu_celsius,%40timestamp,depot_id [status:200 duration:0.044s]
[2025-11-24 21:26:18] [INFO] POST https://localhost:9200/.ml-anomalies-*/_search [status:200 duration:0.053s]
[2025-11-24 21:26:18] [INFO] POST https://localhost:9200/.ml-anomalies-*/_search [status:200 duration:0.049s]
[2025-11-24 21:26:18] [INFO] [ML] Summary generated: 400 anomalies in last 24h
[2025-11-24 21:26:19] [INFO] POST https://localhost:9200/.ml-anomalies-*/_search [status:200 duration:0.049s]
[2025-11-24 21:26:19] [INFO] POST https://localhost:9200/depot_air_qc_data/_search?_source_includes=tds_ppm,kekeruhan_ntu,suhu_celsius,%40timestamp,depot_id [status:200 duration:0.045s]
[2025-11-24 21:26:25] [INFO] POST https://localhost:9200/.ml-anomalies-*/_search [status:200 duration:0.050s]
[2025-11-24 21:26:25] [INFO] POST https://localhost:9200/.ml-anomalies-*/_search [status:200 duration:0.058s]
[2025-11-24 21:26:25] [INFO] [ML] Summary generated: 400 anomalies in last 24h
[2025-11-24 21:26:25] [INFO] POST https://localhost:9200/.ml-anomalies-*/_search [status:200 duration:0.048s]
[2025-11-24 21:26:25] [INFO] POST https://localhost:9200/depot_air_qc_data/_search?_source_includes=tds_ppm,kekeruhan_ntu,suhu_celsius,%40timestamp,depot_id [status:200 duration:0.050s]
[2025-11-24 21:27:18] [INFO] POST https://localhost:9200/.ml-anomalies-*/_search [status:200 duration:0.045s]
[2025-11-24 21:27:18] [INFO] POST https://localhost:9200/.ml-anomalies-*/_search [status:200 duration:0.052s]
[2025-11-24 21:27:18] [INFO] [ML] Summary generated: 400 anomalies in last 24h
[2025-11-24 21:27:18] [INFO] POST https://localhost:9200/.ml-anomalies-*/_search [status:200 duration:0.058s]
[2025-11-24 21:27:18] [INFO] POST https://localhost:9200/depot_air_qc_data/_search?_source_includes=tds_ppm,kekeruhan_ntu,suhu_celsius,%40timestamp,depot_id [status:200 duration:0.059s]
[2025-11-24 21:27:25] [INFO] POST https://localhost:9200/.ml-anomalies-*/_search [status:200 duration:0.049s]
[2025-11-24 21:27:25] [INFO] POST https://localhost:9200/.ml-anomalies-*/_search [status:200 duration:0.060s]
[2025-11-24 21:27:25] [INFO] [ML] Summary generated: 400 anomalies in last 24h
[2025-11-24 21:27:25] [INFO] POST https://localhost:9200/.ml-anomalies-*/_search [status:200 duration:0.048s]
[2025-11-24 21:27:25] [INFO] POST https://localhost:9200/depot_air_qc_data/_search?_source_includes=tds_ppm,kekeruhan_ntu,suhu_celsius,%40timestamp,depot_id [status:200 duration:0.054s]
[2025-11-24 21:28:18] [INFO] POST https://localhost:9200/.ml-anomalies-*/_search [status:200 duration:0.049s]
[2025-11-24 21:28:18] [INFO] POST https://localhost:9200/.ml-anomalies-*/_search [status:200 duration:0.052s]
[2025-11-24 21:28:18] [INFO] [ML] Summary generated: 400 anomalies in last 24h
[2025-11-24 21:28:18] [INFO] POST https://localhost:9200/.ml-anomalies-*/_search [status:200 duration:0.050s]
[2025-11-24 21:28:18] [INFO] POST https://localhost:9200/depot_air_qc_data/_search?_source_includes=tds_ppm,kekeruhan_ntu,suhu_celsius,%40timestamp,depot_id [status:200 duration:0.047s]
[2025-11-24 21:28:25] [INFO] POST https://localhost:9200/.ml-anomalies-*/_search [status:200 duration:0.049s]
[2025-11-24 21:28:25] [INFO] POST https://localhost:9200/.ml-anomalies-*/_search [status:200 duration:0.058s]
[2025-11-24 21:28:25] [INFO] [ML] Summary generated: 400 anomalies in last 24h
[2025-11-24 21:28:25] [INFO] POST https://localhost:9200/.ml-anomalies-*/_search [status:200 duration:0.047s]
[2025-11-24 21:28:25] [INFO] POST https://localhost:9200/depot_air_qc_data/_search?_source_includes=tds_ppm,kekeruhan_ntu,suhu_celsius,%40timestamp,depot_id [status:200 duration:0.047s]
[2025-11-24 21:29:18] [INFO] POST https://localhost:9200/.ml-anomalies-*/_search [status:200 duration:0.047s]
[2025-11-24 21:29:18] [INFO] POST https://localhost:9200/.ml-anomalies-*/_search [status:200 duration:0.054s]
[2025-11-24 21:29:18] [INFO] [ML] Summary generated: 400 anomalies in last 24h
[2025-11-24 21:29:18] [INFO] POST https://localhost:9200/.ml-anomalies-*/_search [status:200 duration:0.047s]
[2025-11-24 21:29:18] [INFO] POST https://localhost:9200/depot_air_qc_data/_search?_source_includes=tds_ppm,kekeruhan_ntu,suhu_celsius,%40timestamp,depot_id [status:200 duration:0.051s]
[2025-11-24 21:29:25] [INFO] POST https://localhost:9200/.ml-anomalies-*/_search [status:200 duration:0.048s]
[2025-11-24 21:29:25] [INFO] POST https://localhost:9200/.ml-anomalies-*/_search [status:200 duration:0.055s]
[2025-11-24 21:29:25] [INFO] [ML] Summary generated: 400 anomalies in last 24h
[2025-11-24 21:29:25] [INFO] POST https://localhost:9200/.ml-anomalies-*/_search [status:200 duration:0.045s]
[2025-11-24 21:29:25] [INFO] POST https://localhost:9200/depot_air_qc_data/_search?_source_includes=tds_ppm,kekeruhan_ntu,suhu_celsius,%40timestamp,depot_id [status:200 duration:0.045s]
[2025-11-24 21:30:20] [INFO] POST https://localhost:9200/.ml-anomalies-*/_search [status:200 duration:0.054s]
[2025-11-24 21:30:20] [INFO] POST https://localhost:9200/.ml-anomalies-*/_search [status:200 duration:0.048s]
[2025-11-24 21:30:20] [INFO] POST https://localhost:9200/.ml-anomalies-*/_search [status:200 duration:0.048s]
[2025-11-24 21:30:20] [INFO] [ML] Summary generated: 396 anomalies in last 24h
[2025-11-24 21:30:20] [INFO] POST https://localhost:9200/depot_air_qc_data/_search?_source_includes=tds_ppm,kekeruhan_ntu,suhu_celsius,%40timestamp,depot_id [status:200 duration:0.047s]
[2025-11-24 21:30:25] [INFO] POST https://localhost:9200/.ml-anomalies-*/_search [status:200 duration:0.064s]
[2025-11-24 21:30:25] [INFO] [ML] Summary generated: 396 anomalies in last 24h
[2025-11-24 21:30:25] [INFO] POST https://localhost:9200/depot_air_qc_data/_search?_source_includes=tds_ppm,kekeruhan_ntu,suhu_celsius,%40timestamp,depot_id [status:200 duration:0.048s]
[2025-11-24 21:30:25] [INFO] POST https://localhost:9200/.ml-anomalies-*/_search [status:200 duration:0.050s]
[2025-11-24 21:30:25] [INFO] POST https://localhost:9200/.ml-anomalies-*/_search [status:200 duration:0.055s]
[2025-11-24 21:30:33] [INFO] POST https://localhost:9200/.ml-anomalies-*/_search [status:200 duration:0.048s]
[2025-11-24 21:30:33] [INFO] POST https://localhost:9200/.ml-anomalies-*/_search [status:200 duration:0.059s]
[2025-11-24 21:30:33] [INFO] [ML] Summary generated: 396 anomalies in last 24h
[2025-11-24 21:30:33] [INFO] POST https://localhost:9200/.ml-anomalies-*/_search [status:200 duration:0.045s]
[2025-11-24 21:30:33] [INFO] POST https://localhost:9200/depot_air_qc_data/_search?_source_includes=tds_ppm,kekeruhan_ntu,suhu_celsius,%40timestamp,depot_id [status:200 duration:0.049s]
[2025-11-24 21:30:42] [INFO] POST https://localhost:9200/.ml-anomalies-*/_search [status:200 duration:0.052s]
[2025-11-24 21:30:42] [INFO] [ML] Summary generated: 396 anomalies in last 24h
[2025-11-24 21:30:42] [INFO] POST https://localhost:9200/.ml-anomalies-*/_search [status:200 duration:0.052s]
[2025-11-24 21:30:42] [INFO] POST https://localhost:9200/.ml-anomalies-*/_search [status:200 duration:0.048s]
[2025-11-24 21:30:42] [INFO] POST https://localhost:9200/depot_air_qc_data/_search?_source_includes=tds_ppm,kekeruhan_ntu,suhu_celsius,%40timestamp,depot_id [status:200 duration:0.050s]
[2025-11-24 21:30:52] [INFO] POST https://localhost:9200/.ml-anomalies-*/_search [status:200 duration:0.048s]
[2025-11-24 21:30:52] [INFO] POST https://localhost:9200/.ml-anomalies-*/_search [status:200 duration:0.050s]
[2025-11-24 21:30:52] [INFO] [ML] Summary generated: 396 anomalies in last 24h
[2025-11-24 21:30:52] [INFO] POST https://localhost:9200/.ml-anomalies-*/_search [status:200 duration:0.049s]
[2025-11-24 21:30:52] [INFO] POST https://localhost:9200/depot_air_qc_data/_search?_source_includes=tds_ppm,kekeruhan_ntu,suhu_celsius,%40timestamp,depot_id [status:200 duration:0.051s]
[2025-11-24 21:31:02] [INFO] POST https://localhost:9200/.ml-anomalies-*/_search [status:200 duration:0.052s]
[2025-11-24 21:31:02] [INFO] POST https://localhost:9200/.ml-anomalies-*/_search [status:200 duration:0.063s]
[2025-11-24 21:31:02] [INFO] [ML] Summary generated: 396 anomalies in last 24h
[2025-11-24 21:31:02] [INFO] POST https://localhost:9200/.ml-anomalies-*/_search [status:200 duration:0.050s]
[2025-11-24 21:31:02] [INFO] POST https://localhost:9200/depot_air_qc_data/_search?_source_includes=tds_ppm,kekeruhan_ntu,suhu_celsius,%40timestamp,depot_id [status:200 duration:0.047s]
[2025-11-24 21:31:12] [INFO] POST https://localhost:9200/.ml-anomalies-*/_search [status:200 duration:0.049s]
[2025-11-24 21:31:12] [INFO] POST https://localhost:9200/.ml-anomalies-*/_search [status:200 duration:0.056s]
[2025-11-24 21:31:12] [INFO] [ML] Summary generated: 396 anomalies in last 24h
[2025-11-24 21:31:12] [INFO] POST https://localhost:9200/.ml-anomalies-*/_search [status:200 duration:0.049s]
[2025-11-24 21:31:12] [INFO] POST https://localhost:9200/depot_air_qc_data/_search?_source_includes=tds_ppm,kekeruhan_ntu,suhu_celsius,%40timestamp,depot_id [status:200 duration:0.052s]
[2025-11-24 21:31:18] [INFO] POST https://localhost:9200/.ml-anomalies-*/_search [status:200 duration:0.047s]
[2025-11-24 21:31:18] [INFO] POST https://localhost:9200/.ml-anomalies-*/_search [status:200 duration:0.052s]
[2025-11-24 21:31:18] [INFO] [ML] Summary generated: 396 anomalies in last 24h
[2025-11-24 21:31:18] [INFO] POST https://localhost:9200/.ml-anomalies-*/_search [status:200 duration:0.053s]
[2025-11-24 21:31:18] [INFO] POST https://localhost:9200/depot_air_qc_data/_search?_source_includes=tds_ppm,kekeruhan_ntu,suhu_celsius,%40timestamp,depot_id [status:200 duration:0.051s]
[2025-11-24 21:31:22] [INFO] POST https://localhost:9200/.ml-anomalies-*/_search [status:200 duration:0.051s]
[2025-11-24 21:31:22] [INFO] POST https://localhost:9200/.ml-anomalies-*/_search [status:200 duration:0.059s]
[2025-11-24 21:31:22] [INFO] [ML] Summary generated: 398 anomalies in last 24h
[2025-11-24 21:31:22] [INFO] POST https://localhost:9200/.ml-anomalies-*/_search [status:200 duration:0.049s]
[2025-11-24 21:31:22] [INFO] POST https://localhost:9200/depot_air_qc_data/_search?_source_includes=tds_ppm,kekeruhan_ntu,suhu_celsius,%40timestamp,depot_id [status:200 duration:0.047s]
[2025-11-24 21:31:32] [INFO] POST https://localhost:9200/.ml-anomalies-*/_search [status:200 duration:0.059s]
[2025-11-24 21:31:32] [INFO] [ML] Summary generated: 398 anomalies in last 24h
[2025-11-24 21:31:32] [INFO] POST https://localhost:9200/.ml-anomalies-*/_search [status:200 duration:0.047s]
[2025-11-24 21:31:32] [INFO] POST https://localhost:9200/.ml-anomalies-*/_search [status:200 duration:0.047s]
[2025-11-24 21:31:32] [INFO] POST https://localhost:9200/depot_air_qc_data/_search?_source_includes=tds_ppm,kekeruhan_ntu,suhu_celsius,%40timestamp,depot_id [status:200 duration:0.047s]
[2025-11-24 21:31:42] [INFO] POST https://localhost:9200/.ml-anomalies-*/_search [status:200 duration:0.049s]
[2025-11-24 21:31:42] [INFO] POST https://localhost:9200/.ml-anomalies-*/_search [status:200 duration:0.054s]
[2025-11-24 21:31:42] [INFO] [ML] Summary generated: 398 anomalies in last 24h
[2025-11-24 21:31:42] [INFO] POST https://localhost:9200/.ml-anomalies-*/_search [status:200 duration:0.048s]
[2025-11-24 21:31:42] [INFO] POST https://localhost:9200/depot_air_qc_data/_search?_source_includes=tds_ppm,kekeruhan_ntu,suhu_celsius,%40timestamp,depot_id [status:200 duration:0.047s]
[2025-11-24 21:31:51] [INFO] POST https://localhost:9200/.ml-anomalies-*/_search [status:200 duration:0.050s]
[2025-11-24 21:31:51] [INFO] POST https://localhost:9200/.ml-anomalies-*/_search [status:200 duration:0.051s]
[2025-11-24 21:31:51] [INFO] [ML] Summary generated: 400 anomalies in last 24h
[2025-11-24 21:31:51] [INFO] POST https://localhost:9200/.ml-anomalies-*/_search [status:200 duration:0.044s]
[2025-11-24 21:31:51] [INFO] POST https://localhost:9200/depot_air_qc_data/_search?_source_includes=tds_ppm,kekeruhan_ntu,suhu_celsius,%40timestamp,depot_id [status:200 duration:0.044s]
[2025-11-24 21:32:02] [INFO] POST https://localhost:9200/.ml-anomalies-*/_search [status:200 duration:0.050s]
[2025-11-24 21:32:02] [INFO] POST https://localhost:9200/.ml-anomalies-*/_search [status:200 duration:0.051s]
[2025-11-24 21:32:02] [INFO] POST https://localhost:9200/.ml-anomalies-*/_search [status:200 duration:0.062s]
[2025-11-24 21:32:02] [INFO] [ML] Summary generated: 400 anomalies in last 24h
[2025-11-24 21:32:02] [INFO] POST https://localhost:9200/depot_air_qc_data/_search?_source_includes=tds_ppm,kekeruhan_ntu,suhu_celsius,%40timestamp,depot_id [status:200 duration:0.052s]
[2025-11-24 21:32:12] [INFO] POST https://localhost:9200/.ml-anomalies-*/_search [status:200 duration:0.053s]
[2025-11-24 21:32:12] [INFO] POST https://localhost:9200/.ml-anomalies-*/_search [status:200 duration:0.058s]
[2025-11-24 21:32:12] [INFO] [ML] Summary generated: 400 anomalies in last 24h
[2025-11-24 21:32:12] [INFO] POST https://localhost:9200/.ml-anomalies-*/_search [status:200 duration:0.047s]
[2025-11-24 21:32:12] [INFO] POST https://localhost:9200/depot_air_qc_data/_search?_source_includes=tds_ppm,kekeruhan_ntu,suhu_celsius,%40timestamp,depot_id [status:200 duration:0.045s]
[2025-11-24 21:32:19] [INFO] POST https://localhost:9200/.ml-anomalies-*/_search [status:200 duration:0.056s]
[2025-11-24 21:32:19] [INFO] POST https://localhost:9200/.ml-anomalies-*/_search [status:200 duration:0.069s]
[2025-11-24 21:32:19] [INFO] [ML] Summary generated: 400 anomalies in last 24h
[2025-11-24 21:32:19] [INFO] POST https://localhost:9200/depot_air_qc_data/_search?_source_includes=tds_ppm,kekeruhan_ntu,suhu_celsius,%40timestamp,depot_id [status:200 duration:0.056s]
[2025-11-24 21:32:19] [INFO] POST https://localhost:9200/.ml-anomalies-*/_search [status:200 duration:0.051s]
[2025-11-24 21:32:22] [INFO] POST https://localhost:9200/.ml-anomalies-*/_search [status:200 duration:0.048s]
[2025-11-24 21:32:22] [INFO] POST https://localhost:9200/.ml-anomalies-*/_search [status:200 duration:0.054s]
[2025-11-24 21:32:22] [INFO] [ML] Summary generated: 400 anomalies in last 24h
[2025-11-24 21:32:22] [INFO] POST https://localhost:9200/.ml-anomalies-*/_search [status:200 duration:0.056s]
[2025-11-24 21:32:22] [INFO] POST https://localhost:9200/depot_air_qc_data/_search?_source_includes=tds_ppm,kekeruhan_ntu,suhu_celsius,%40timestamp,depot_id [status:200 duration:0.048s]
[2025-11-24 21:32:32] [INFO] POST https://localhost:9200/.ml-anomalies-*/_search [status:200 duration:0.046s]
[2025-11-24 21:32:32] [INFO] POST https://localhost:9200/.ml-anomalies-*/_search [status:200 duration:0.053s]
[2025-11-24 21:32:32] [INFO] [ML] Summary generated: 400 anomalies in last 24h
[2025-11-24 21:32:32] [INFO] POST https://localhost:9200/.ml-anomalies-*/_search [status:200 duration:0.051s]
[2025-11-24 21:32:32] [INFO] POST https://localhost:9200/depot_air_qc_data/_search?_source_includes=tds_ppm,kekeruhan_ntu,suhu_celsius,%40timestamp,depot_id [status:200 duration:0.048s]
[2025-11-24 21:32:42] [INFO] POST https://localhost:9200/.ml-anomalies-*/_search [status:200 duration:0.051s]
[2025-11-24 21:32:42] [INFO] POST https://localhost:9200/.ml-anomalies-*/_search [status:200 duration:0.058s]
[2025-11-24 21:32:42] [INFO] [ML] Summary generated: 400 anomalies in last 24h
[2025-11-24 21:32:42] [INFO] POST https://localhost:9200/.ml-anomalies-*/_search [status:200 duration:0.049s]
[2025-11-24 21:32:42] [INFO] POST https://localhost:9200/depot_air_qc_data/_search?_source_includes=tds_ppm,kekeruhan_ntu,suhu_celsius,%40timestamp,depot_id [status:200 duration:0.047s]
[2025-11-24 21:32:52] [INFO] POST https://localhost:9200/.ml-anomalies-*/_search [status:200 duration:0.045s]
[2025-11-24 21:32:52] [INFO] POST https://localhost:9200/.ml-anomalies-*/_search [status:200 duration:0.048s]
[2025-11-24 21:32:52] [INFO] [ML] Summary generated: 400 anomalies in last 24h
[2025-11-24 21:32:52] [INFO] POST https://localhost:9200/.ml-anomalies-*/_search [status:200 duration:0.049s]
[2025-11-24 21:32:52] [INFO] POST https://localhost:9200/depot_air_qc_data/_search?_source_includes=tds_ppm,kekeruhan_ntu,suhu_celsius,%40timestamp,depot_id [status:200 duration:0.049s]
[2025-11-24 21:33:02] [INFO] POST https://localhost:9200/.ml-anomalies-*/_search [status:200 duration:0.051s]
[2025-11-24 21:33:02] [INFO] POST https://localhost:9200/.ml-anomalies-*/_search [status:200 duration:0.058s]
[2025-11-24 21:33:02] [INFO] [ML] Summary generated: 400 anomalies in last 24h
[2025-11-24 21:33:02] [INFO] POST https://localhost:9200/.ml-anomalies-*/_search [status:200 duration:0.048s]
[2025-11-24 21:33:02] [INFO] POST https://localhost:9200/depot_air_qc_data/_search?_source_includes=tds_ppm,kekeruhan_ntu,suhu_celsius,%40timestamp,depot_id [status:200 duration:0.045s]
[2025-11-24 21:33:12] [INFO] POST https://localhost:9200/.ml-anomalies-*/_search [status:200 duration:0.049s]
[2025-11-24 21:33:12] [INFO] POST https://localhost:9200/.ml-anomalies-*/_search [status:200 duration:0.056s]
[2025-11-24 21:33:12] [INFO] [ML] Summary generated: 400 anomalies in last 24h
[2025-11-24 21:33:12] [INFO] POST https://localhost:9200/.ml-anomalies-*/_search [status:200 duration:0.048s]
[2025-11-24 21:33:12] [INFO] POST https://localhost:9200/depot_air_qc_data/_search?_source_includes=tds_ppm,kekeruhan_ntu,suhu_celsius,%40timestamp,depot_id [status:200 duration:0.043s]
[2025-11-24 21:33:18] [INFO] POST https://localhost:9200/.ml-anomalies-*/_search [status:200 duration:0.045s]
[2025-11-24 21:33:18] [INFO] POST https://localhost:9200/.ml-anomalies-*/_search [status:200 duration:0.052s]
[2025-11-24 21:33:18] [INFO] [ML] Summary generated: 400 anomalies in last 24h
[2025-11-24 21:33:18] [INFO] POST https://localhost:9200/.ml-anomalies-*/_search [status:200 duration:0.047s]
[2025-11-24 21:33:18] [INFO] POST https://localhost:9200/depot_air_qc_data/_search?_source_includes=tds_ppm,kekeruhan_ntu,suhu_celsius,%40timestamp,depot_id [status:200 duration:0.047s]
[2025-11-24 21:33:22] [INFO] POST https://localhost:9200/.ml-anomalies-*/_search [status:200 duration:0.046s]
[2025-11-24 21:33:22] [INFO] POST https://localhost:9200/.ml-anomalies-*/_search [status:200 duration:0.049s]
[2025-11-24 21:33:22] [INFO] [ML] Summary generated: 400 anomalies in last 24h
[2025-11-24 21:33:22] [INFO] POST https://localhost:9200/.ml-anomalies-*/_search [status:200 duration:0.048s]
[2025-11-24 21:33:22] [INFO] POST https://localhost:9200/depot_air_qc_data/_search?_source_includes=tds_ppm,kekeruhan_ntu,suhu_celsius,%40timestamp,depot_id [status:200 duration:0.044s]
[2025-11-24 21:33:56] [INFO] POST https://localhost:9200/.ml-anomalies-*/_search [status:200 duration:0.051s]
[2025-11-24 21:33:56] [INFO] POST https://localhost:9200/.ml-anomalies-*/_search [status:200 duration:0.046s]
[2025-11-24 21:33:56] [INFO] [ML] Summary generated: 400 anomalies in last 24h
[2025-11-24 21:33:56] [INFO] POST https://localhost:9200/.ml-anomalies-*/_search [status:200 duration:0.052s]
[2025-11-24 21:33:56] [INFO] POST https://localhost:9200/depot_air_qc_data/_search?_source_includes=tds_ppm,kekeruhan_ntu,suhu_celsius,%40timestamp,depot_id [status:200 duration:0.047s]
[2025-11-24 21:34:02] [INFO] POST https://localhost:9200/.ml-anomalies-*/_search [status:200 duration:0.047s]
[2025-11-24 21:34:02] [INFO] POST https://localhost:9200/.ml-anomalies-*/_search [status:200 duration:0.049s]
[2025-11-24 21:34:02] [INFO] [ML] Summary generated: 400 anomalies in last 24h
[2025-11-24 21:34:02] [INFO] POST https://localhost:9200/.ml-anomalies-*/_search [status:200 duration:0.047s]
[2025-11-24 21:34:02] [INFO] POST https://localhost:9200/depot_air_qc_data/_search?_source_includes=tds_ppm,kekeruhan_ntu,suhu_celsius,%40timestamp,depot_id [status:200 duration:0.048s]
[2025-11-24 21:34:12] [INFO] POST https://localhost:9200/.ml-anomalies-*/_search [status:200 duration:0.052s]
[2025-11-24 21:34:12] [INFO] POST https://localhost:9200/.ml-anomalies-*/_search [status:200 duration:0.059s]
[2025-11-24 21:34:12] [INFO] [ML] Summary generated: 400 anomalies in last 24h
[2025-11-24 21:34:12] [INFO] POST https://localhost:9200/.ml-anomalies-*/_search [status:200 duration:0.045s]
[2025-11-24 21:34:12] [INFO] POST https://localhost:9200/depot_air_qc_data/_search?_source_includes=tds_ppm,kekeruhan_ntu,suhu_celsius,%40timestamp,depot_id [status:200 duration:0.045s]
[2025-11-24 21:34:19] [INFO] POST https://localhost:9200/.ml-anomalies-*/_search [status:200 duration:0.057s]
[2025-11-24 21:34:19] [INFO] POST https://localhost:9200/.ml-anomalies-*/_search [status:200 duration:0.065s]
[2025-11-24 21:34:19] [INFO] [ML] Summary generated: 400 anomalies in last 24h
[2025-11-24 21:34:19] [INFO] POST https://localhost:9200/.ml-anomalies-*/_search [status:200 duration:0.056s]
[2025-11-24 21:34:19] [INFO] POST https://localhost:9200/depot_air_qc_data/_search?_source_includes=tds_ppm,kekeruhan_ntu,suhu_celsius,%40timestamp,depot_id [status:200 duration:0.053s]
[2025-11-24 21:34:22] [INFO] POST https://localhost:9200/.ml-anomalies-*/_search [status:200 duration:0.050s]
[2025-11-24 21:34:22] [INFO] POST https://localhost:9200/.ml-anomalies-*/_search [status:200 duration:0.054s]
[2025-11-24 21:34:22] [INFO] [ML] Summary generated: 400 anomalies in last 24h
[2025-11-24 21:34:22] [INFO] POST https://localhost:9200/.ml-anomalies-*/_search [status:200 duration:0.046s]
[2025-11-24 21:34:22] [INFO] POST https://localhost:9200/depot_air_qc_data/_search?_source_includes=tds_ppm,kekeruhan_ntu,suhu_celsius,%40timestamp,depot_id [status:200 duration:0.043s]
[2025-11-24 21:34:32] [INFO] POST https://localhost:9200/.ml-anomalies-*/_search [status:200 duration:0.046s]
[2025-11-24 21:34:32] [INFO] POST https://localhost:9200/.ml-anomalies-*/_search [status:200 duration:0.053s]
[2025-11-24 21:34:32] [INFO] [ML] Summary generated: 400 anomalies in last 24h
[2025-11-24 21:34:32] [INFO] POST https://localhost:9200/.ml-anomalies-*/_search [status:200 duration:0.048s]
[2025-11-24 21:34:32] [INFO] POST https://localhost:9200/depot_air_qc_data/_search?_source_includes=tds_ppm,kekeruhan_ntu,suhu_celsius,%40timestamp,depot_id [status:200 duration:0.047s]
[2025-11-24 21:34:42] [INFO] POST https://localhost:9200/.ml-anomalies-*/_search [status:200 duration:0.054s]
[2025-11-24 21:34:42] [INFO] POST https://localhost:9200/.ml-anomalies-*/_search [status:200 duration:0.050s]
[2025-11-24 21:34:42] [INFO] POST https://localhost:9200/.ml-anomalies-*/_search [status:200 duration:0.059s]
[2025-11-24 21:34:42] [INFO] [ML] Summary generated: 400 anomalies in last 24h
[2025-11-24 21:34:42] [INFO] POST https://localhost:9200/depot_air_qc_data/_search?_source_includes=tds_ppm,kekeruhan_ntu,suhu_celsius,%40timestamp,depot_id [status:200 duration:0.049s]
[2025-11-24 21:34:52] [INFO] POST https://localhost:9200/.ml-anomalies-*/_search [status:200 duration:0.051s]
[2025-11-24 21:34:52] [INFO] POST https://localhost:9200/.ml-anomalies-*/_search [status:200 duration:0.048s]
[2025-11-24 21:34:54] [INFO] POST https://localhost:9200/.ml-anomalies-*/_search [status:200 duration:0.047s]
[2025-11-24 21:34:54] [INFO] [ML] Summary generated: 400 anomalies in last 24h
[2025-11-24 21:34:55] [INFO] POST https://localhost:9200/depot_air_qc_data/_search?_source_includes=tds_ppm,kekeruhan_ntu,suhu_celsius,%40timestamp,depot_id [status:200 duration:0.048s]
[2025-11-24 21:35:02] [INFO] POST https://localhost:9200/.ml-anomalies-*/_search [status:200 duration:0.050s]
[2025-11-24 21:35:02] [INFO] [ML] Summary generated: 400 anomalies in last 24h
[2025-11-24 21:35:02] [INFO] POST https://localhost:9200/.ml-anomalies-*/_search [status:200 duration:0.048s]
[2025-11-24 21:35:02] [INFO] POST https://localhost:9200/.ml-anomalies-*/_search [status:200 duration:0.054s]
[2025-11-24 21:35:02] [INFO] POST https://localhost:9200/depot_air_qc_data/_search?_source_includes=tds_ppm,kekeruhan_ntu,suhu_celsius,%40timestamp,depot_id [status:200 duration:0.048s]
[2025-11-24 21:35:12] [INFO] POST https://localhost:9200/.ml-anomalies-*/_search [status:200 duration:0.047s]
[2025-11-24 21:35:12] [INFO] POST https://localhost:9200/.ml-anomalies-*/_search [status:200 duration:0.049s]
[2025-11-24 21:35:12] [INFO] POST https://localhost:9200/depot_air_qc_data/_search?_source_includes=tds_ppm,kekeruhan_ntu,suhu_celsius,%40timestamp,depot_id [status:200 duration:0.050s]
[2025-11-24 21:35:16] [INFO] POST https://localhost:9200/.ml-anomalies-*/_search [status:200 duration:0.050s]
[2025-11-24 21:35:16] [INFO] [ML] Summary generated: 400 anomalies in last 24h
[2025-11-24 21:35:18] [INFO] POST https://localhost:9200/.ml-anomalies-*/_search [status:200 duration:0.045s]
[2025-11-24 21:35:18] [INFO] POST https://localhost:9200/.ml-anomalies-*/_search [status:200 duration:0.047s]
[2025-11-24 21:35:18] [INFO] [ML] Summary generated: 400 anomalies in last 24h
[2025-11-24 21:35:18] [INFO] POST https://localhost:9200/.ml-anomalies-*/_search [status:200 duration:0.057s]
[2025-11-24 21:35:18] [INFO] POST https://localhost:9200/depot_air_qc_data/_search?_source_includes=tds_ppm,kekeruhan_ntu,suhu_celsius,%40timestamp,depot_id [status:200 duration:0.048s]
[2025-11-24 21:35:22] [INFO] POST https://localhost:9200/.ml-anomalies-*/_search [status:200 duration:0.054s]
[2025-11-24 21:35:22] [INFO] POST https://localhost:9200/.ml-anomalies-*/_search [status:200 duration:0.062s]
[2025-11-24 21:35:22] [INFO] [ML] Summary generated: 400 anomalies in last 24h
[2025-11-24 21:35:22] [INFO] POST https://localhost:9200/.ml-anomalies-*/_search [status:200 duration:0.049s]
[2025-11-24 21:35:22] [INFO] POST https://localhost:9200/depot_air_qc_data/_search?_source_includes=tds_ppm,kekeruhan_ntu,suhu_celsius,%40timestamp,depot_id [status:200 duration:0.047s]
[2025-11-24 21:36:18] [INFO] POST https://localhost:9200/.ml-anomalies-*/_search [status:200 duration:0.051s]
[2025-11-24 21:36:18] [INFO] POST https://localhost:9200/.ml-anomalies-*/_search [status:200 duration:0.065s]
[2025-11-24 21:36:18] [INFO] [ML] Summary generated: 400 anomalies in last 24h
[2025-11-24 21:36:18] [INFO] POST https://localhost:9200/.ml-anomalies-*/_search [status:200 duration:0.050s]
[2025-11-24 21:36:18] [INFO] POST https://localhost:9200/depot_air_qc_data/_search?_source_includes=tds_ppm,kekeruhan_ntu,suhu_celsius,%40timestamp,depot_id [status:200 duration:0.050s]
[2025-11-24 21:36:23] [INFO] POST https://localhost:9200/.ml-anomalies-*/_search [status:200 duration:0.053s]
[2025-11-24 21:36:23] [INFO] [ML] Summary generated: 400 anomalies in last 24h
[2025-11-24 21:36:23] [INFO] POST https://localhost:9200/.ml-anomalies-*/_search [status:200 duration:0.047s]
[2025-11-24 21:36:23] [INFO] POST https://localhost:9200/.ml-anomalies-*/_search [status:200 duration:0.047s]
[2025-11-24 21:36:23] [INFO] POST https://localhost:9200/depot_air_qc_data/_search?_source_includes=tds_ppm,kekeruhan_ntu,suhu_celsius,%40timestamp,depot_id [status:200 duration:0.046s]
[2025-11-24 21:37:18] [INFO] POST https://localhost:9200/.ml-anomalies-*/_search [status:200 duration:0.054s]
[2025-11-24 21:37:18] [INFO] POST https://localhost:9200/.ml-anomalies-*/_search [status:200 duration:0.067s]
[2025-11-24 21:37:18] [INFO] [ML] Summary generated: 400 anomalies in last 24h
[2025-11-24 21:37:18] [INFO] POST https://localhost:9200/.ml-anomalies-*/_search [status:200 duration:0.053s]
[2025-11-24 21:37:18] [INFO] POST https://localhost:9200/depot_air_qc_data/_search?_source_includes=tds_ppm,kekeruhan_ntu,suhu_celsius,%40timestamp,depot_id [status:200 duration:0.043s]
[2025-11-24 21:37:25] [INFO] POST https://localhost:9200/.ml-anomalies-*/_search [status:200 duration:0.052s]
[2025-11-24 21:37:25] [INFO] POST https://localhost:9200/.ml-anomalies-*/_search [status:200 duration:0.062s]
[2025-11-24 21:37:25] [INFO] [ML] Summary generated: 400 anomalies in last 24h
[2025-11-24 21:37:25] [INFO] POST https://localhost:9200/.ml-anomalies-*/_search [status:200 duration:0.049s]
[2025-11-24 21:37:25] [INFO] POST https://localhost:9200/depot_air_qc_data/_search?_source_includes=tds_ppm,kekeruhan_ntu,suhu_celsius,%40timestamp,depot_id [status:200 duration:0.047s]
[2025-11-24 21:38:19] [INFO] POST https://localhost:9200/.ml-anomalies-*/_search [status:200 duration:0.046s]
[2025-11-24 21:38:19] [INFO] POST https://localhost:9200/.ml-anomalies-*/_search [status:200 duration:0.050s]
[2025-11-24 21:38:19] [INFO] [ML] Summary generated: 400 anomalies in last 24h
[2025-11-24 21:38:19] [INFO] POST https://localhost:9200/.ml-anomalies-*/_search [status:200 duration:0.051s]
[2025-11-24 21:38:19] [INFO] POST https://localhost:9200/depot_air_qc_data/_search?_source_includes=tds_ppm,kekeruhan_ntu,suhu_celsius,%40timestamp,depot_id [status:200 duration:0.044s]
[2025-11-24 21:38:25] [INFO] POST https://localhost:9200/.ml-anomalies-*/_search [status:200 duration:0.052s]
[2025-11-24 21:38:25] [INFO] [ML] Summary generated: 400 anomalies in last 24h
[2025-11-24 21:38:25] [INFO] POST https://localhost:9200/.ml-anomalies-*/_search [status:200 duration:0.053s]
[2025-11-24 21:38:25] [INFO] POST https://localhost:9200/.ml-anomalies-*/_search [status:200 duration:0.054s]
[2025-11-24 21:38:25] [INFO] POST https://localhost:9200/depot_air_qc_data/_search?_source_includes=tds_ppm,kekeruhan_ntu,suhu_celsius,%40timestamp,depot_id [status:200 duration:0.046s]
[2025-11-24 21:39:18] [INFO] POST https://localhost:9200/.ml-anomalies-*/_search [status:200 duration:0.044s]
[2025-11-24 21:39:18] [INFO] POST https://localhost:9200/.ml-anomalies-*/_search [status:200 duration:0.062s]
[2025-11-24 21:39:18] [INFO] [ML] Summary generated: 400 anomalies in last 24h
[2025-11-24 21:39:18] [INFO] POST https://localhost:9200/.ml-anomalies-*/_search [status:200 duration:0.050s]
[2025-11-24 21:39:18] [INFO] POST https://localhost:9200/depot_air_qc_data/_search?_source_includes=tds_ppm,kekeruhan_ntu,suhu_celsius,%40timestamp,depot_id [status:200 duration:0.054s]
[2025-11-24 21:39:25] [INFO] POST https://localhost:9200/.ml-anomalies-*/_search [status:200 duration:0.052s]
[2025-11-24 21:39:25] [INFO] POST https://localhost:9200/.ml-anomalies-*/_search [status:200 duration:0.055s]
[2025-11-24 21:39:25] [INFO] [ML] Summary generated: 400 anomalies in last 24h
[2025-11-24 21:39:25] [INFO] POST https://localhost:9200/.ml-anomalies-*/_search [status:200 duration:0.046s]
[2025-11-24 21:39:25] [INFO] POST https://localhost:9200/depot_air_qc_data/_search?_source_includes=tds_ppm,kekeruhan_ntu,suhu_celsius,%40timestamp,depot_id [status:200 duration:0.047s]
[2025-11-24 21:40:18] [INFO] POST https://localhost:9200/.ml-anomalies-*/_search [status:200 duration:0.044s]
[2025-11-24 21:40:18] [INFO] POST https://localhost:9200/.ml-anomalies-*/_search [status:200 duration:0.049s]
[2025-11-24 21:40:18] [INFO] [ML] Summary generated: 400 anomalies in last 24h
[2025-11-24 21:40:18] [INFO] POST https://localhost:9200/.ml-anomalies-*/_search [status:200 duration:0.043s]
[2025-11-24 21:40:18] [INFO] POST https://localhost:9200/depot_air_qc_data/_search?_source_includes=tds_ppm,kekeruhan_ntu,suhu_celsius,%40timestamp,depot_id [status:200 duration:0.045s]
[2025-11-24 21:40:25] [INFO] POST https://localhost:9200/.ml-anomalies-*/_search [status:200 duration:0.052s]
[2025-11-24 21:40:25] [INFO] POST https://localhost:9200/.ml-anomalies-*/_search [status:200 duration:0.066s]
[2025-11-24 21:40:25] [INFO] [ML] Summary generated: 400 anomalies in last 24h
[2025-11-24 21:40:25] [INFO] POST https://localhost:9200/.ml-anomalies-*/_search [status:200 duration:0.051s]
[2025-11-24 21:40:25] [INFO] POST https://localhost:9200/depot_air_qc_data/_search?_source_includes=tds_ppm,kekeruhan_ntu,suhu_celsius,%40timestamp,depot_id [status:200 duration:0.056s]
[2025-11-24 21:41:18] [INFO] POST https://localhost:9200/.ml-anomalies-*/_search [status:200 duration:0.046s]
[2025-11-24 21:41:18] [INFO] POST https://localhost:9200/.ml-anomalies-*/_search [status:200 duration:0.050s]
[2025-11-24 21:41:18] [INFO] [ML] Summary generated: 400 anomalies in last 24h
[2025-11-24 21:41:18] [INFO] POST https://localhost:9200/.ml-anomalies-*/_search [status:200 duration:0.048s]
[2025-11-24 21:41:18] [INFO] POST https://localhost:9200/depot_air_qc_data/_search?_source_includes=tds_ppm,kekeruhan_ntu,suhu_celsius,%40timestamp,depot_id [status:200 duration:0.045s]
[2025-11-24 21:41:25] [INFO] POST https://localhost:9200/.ml-anomalies-*/_search [status:200 duration:0.046s]
[2025-11-24 21:41:25] [INFO] POST https://localhost:9200/.ml-anomalies-*/_search [status:200 duration:0.049s]
[2025-11-24 21:41:25] [INFO] [ML] Summary generated: 400 anomalies in last 24h
[2025-11-24 21:41:25] [INFO] POST https://localhost:9200/.ml-anomalies-*/_search [status:200 duration:0.044s]
[2025-11-24 21:41:25] [INFO] POST https://localhost:9200/depot_air_qc_data/_search?_source_includes=tds_ppm,kekeruhan_ntu,suhu_celsius,%40timestamp,depot_id [status:200 duration:0.048s]
[2025-11-24 21:42:18] [INFO] POST https://localhost:9200/.ml-anomalies-*/_search [status:200 duration:0.044s]
[2025-11-24 21:42:18] [INFO] POST https://localhost:9200/.ml-anomalies-*/_search [status:200 duration:0.050s]
[2025-11-24 21:42:18] [INFO] [ML] Summary generated: 400 anomalies in last 24h
[2025-11-24 21:42:18] [INFO] POST https://localhost:9200/.ml-anomalies-*/_search [status:200 duration:0.048s]
[2025-11-24 21:42:18] [INFO] POST https://localhost:9200/depot_air_qc_data/_search?_source_includes=tds_ppm,kekeruhan_ntu,suhu_celsius,%40timestamp,depot_id [status:200 duration:0.047s]
[2025-11-24 21:42:25] [INFO] POST https://localhost:9200/.ml-anomalies-*/_search [status:200 duration:0.054s]
[2025-11-24 21:42:25] [INFO] POST https://localhost:9200/.ml-anomalies-*/_search [status:200 duration:0.064s]
[2025-11-24 21:42:25] [INFO] [ML] Summary generated: 400 anomalies in last 24h
[2025-11-24 21:42:25] [INFO] POST https://localhost:9200/.ml-anomalies-*/_search [status:200 duration:0.054s]
[2025-11-24 21:42:25] [INFO] POST https://localhost:9200/depot_air_qc_data/_search?_source_includes=tds_ppm,kekeruhan_ntu,suhu_celsius,%40timestamp,depot_id [status:200 duration:0.056s]
[2025-11-24 22:48:19] [INFO] POST https://localhost:9200/.ml-anomalies-*/_search [status:200 duration:0.046s]
[2025-11-24 22:48:19] [INFO] POST https://localhost:9200/.ml-anomalies-*/_search [status:200 duration:0.052s]
[2025-11-24 22:48:19] [INFO] [ML] Summary generated: 380 anomalies in last 24h
[2025-11-24 22:48:19] [INFO] POST https://localhost:9200/.ml-anomalies-*/_search [status:200 duration:0.047s]
[2025-11-24 22:48:19] [INFO] POST https://localhost:9200/depot_air_qc_data/_search?_source_includes=tds_ppm,kekeruhan_ntu,suhu_celsius,%40timestamp,depot_id [status:200 duration:0.047s]
[2025-11-24 22:49:18] [INFO] POST https://localhost:9200/.ml-anomalies-*/_search [status:200 duration:0.046s]
[2025-11-24 22:49:18] [INFO] POST https://localhost:9200/.ml-anomalies-*/_search [status:200 duration:0.050s]
[2025-11-24 22:49:18] [INFO] [ML] Summary generated: 380 anomalies in last 24h
[2025-11-24 22:49:18] [INFO] POST https://localhost:9200/.ml-anomalies-*/_search [status:200 duration:0.043s]
[2025-11-24 22:49:18] [INFO] POST https://localhost:9200/depot_air_qc_data/_search?_source_includes=tds_ppm,kekeruhan_ntu,suhu_celsius,%40timestamp,depot_id [status:200 duration:0.048s]
[2025-11-24 22:50:18] [INFO] POST https://localhost:9200/.ml-anomalies-*/_search [status:200 duration:0.048s]
[2025-11-24 22:50:18] [INFO] POST https://localhost:9200/.ml-anomalies-*/_search [status:200 duration:0.052s]
[2025-11-24 22:50:18] [INFO] [ML] Summary generated: 380 anomalies in last 24h
[2025-11-24 22:50:18] [INFO] POST https://localhost:9200/.ml-anomalies-*/_search [status:200 duration:0.047s]
[2025-11-24 22:50:18] [INFO] POST https://localhost:9200/depot_air_qc_data/_search?_source_includes=tds_ppm,kekeruhan_ntu,suhu_celsius,%40timestamp,depot_id [status:200 duration:0.047s]
[2025-11-24 22:51:18] [INFO] POST https://localhost:9200/.ml-anomalies-*/_search [status:200 duration:0.052s]
[2025-11-24 22:51:18] [INFO] POST https://localhost:9200/.ml-anomalies-*/_search [status:200 duration:0.060s]
[2025-11-24 22:51:18] [INFO] [ML] Summary generated: 380 anomalies in last 24h
[2025-11-24 22:51:18] [INFO] POST https://localhost:9200/.ml-anomalies-*/_search [status:200 duration:0.044s]
[2025-11-24 22:51:18] [INFO] POST https://localhost:9200/depot_air_qc_data/_search?_source_includes=tds_ppm,kekeruhan_ntu,suhu_celsius,%40timestamp,depot_id [status:200 duration:0.045s]
[2025-11-24 22:52:18] [INFO] POST https://localhost:9200/.ml-anomalies-*/_search [status:200 duration:0.048s]
[2025-11-24 22:52:18] [INFO] [ML] Summary generated: 400 anomalies in last 24h
[2025-11-24 22:52:18] [INFO] POST https://localhost:9200/.ml-anomalies-*/_search [status:200 duration:0.054s]
[2025-11-24 22:52:18] [INFO] POST https://localhost:9200/.ml-anomalies-*/_search [status:200 duration:0.046s]
[2025-11-24 22:52:18] [INFO] POST https://localhost:9200/depot_air_qc_data/_search?_source_includes=tds_ppm,kekeruhan_ntu,suhu_celsius,%40timestamp,depot_id [status:200 duration:0.046s]
[2025-11-24 22:53:19] [INFO] POST https://localhost:9200/.ml-anomalies-*/_search [status:200 duration:0.045s]
[2025-11-24 22:53:19] [INFO] [ML] Summary generated: 400 anomalies in last 24h
[2025-11-24 22:53:19] [INFO] POST https://localhost:9200/.ml-anomalies-*/_search [status:200 duration:0.049s]
[2025-11-24 22:53:19] [INFO] POST https://localhost:9200/.ml-anomalies-*/_search [status:200 duration:0.044s]
[2025-11-24 22:53:19] [INFO] POST https://localhost:9200/depot_air_qc_data/_search?_source_includes=tds_ppm,kekeruhan_ntu,suhu_celsius,%40timestamp,depot_id [status:200 duration:0.046s]
[2025-11-24 22:54:18] [INFO] POST https://localhost:9200/.ml-anomalies-*/_search [status:200 duration:0.049s]
[2025-11-24 22:54:18] [INFO] [ML] Summary generated: 400 anomalies in last 24h
[2025-11-24 22:54:18] [INFO] POST https://localhost:9200/depot_air_qc_data/_search?_source_includes=tds_ppm,kekeruhan_ntu,suhu_celsius,%40timestamp,depot_id [status:200 duration:0.052s]
[2025-11-24 22:54:19] [INFO] POST https://localhost:9200/.ml-anomalies-*/_search [status:200 duration:0.046s]
[2025-11-24 22:54:19] [INFO] POST https://localhost:9200/.ml-anomalies-*/_search [status:200 duration:0.046s]
[2025-11-24 22:55:18] [INFO] POST https://localhost:9200/.ml-anomalies-*/_search [status:200 duration:0.064s]
[2025-11-24 22:55:18] [INFO] [ML] Summary generated: 400 anomalies in last 24h
[2025-11-24 22:55:18] [INFO] POST https://localhost:9200/.ml-anomalies-*/_search [status:200 duration:0.055s]
[2025-11-24 22:55:18] [INFO] POST https://localhost:9200/.ml-anomalies-*/_search [status:200 duration:0.047s]
[2025-11-24 22:55:18] [INFO] POST https://localhost:9200/depot_air_qc_data/_search?_source_includes=tds_ppm,kekeruhan_ntu,suhu_celsius,%40timestamp,depot_id [status:200 duration:0.046s]
