[2025-11-24 23:31:38] [INFO] ======================================================================
[2025-11-24 23:31:38] [INFO] AQUAGUARD MIDDLEWARE SERVER v6.0
[2025-11-24 23:31:38] [INFO] ======================================================================
[2025-11-24 23:34:15] [INFO] ======================================================================
[2025-11-24 23:34:15] [INFO] AQUAGUARD MIDDLEWARE SERVER v6.0
[2025-11-24 23:34:15] [INFO] ======================================================================
[2025-11-24 23:34:15] [INFO] [ES] Initializing client for: https://localhost:9200
[2025-11-24 23:34:34] [INFO] ======================================================================
[2025-11-24 23:34:34] [INFO] AQUAGUARD MIDDLEWARE SERVER v6.0
[2025-11-24 23:34:34] [INFO] ======================================================================
[2025-11-24 23:34:47] [INFO] ======================================================================
[2025-11-24 23:34:47] [INFO] AQUAGUARD MIDDLEWARE SERVER v6.0
[2025-11-24 23:34:47] [INFO] ======================================================================
[2025-11-24 23:34:47] [INFO] [ES] Initializing client for: https://localhost:9200
[2025-11-24 23:35:59] [INFO] ======================================================================
[2025-11-24 23:35:59] [INFO] AQUAGUARD MIDDLEWARE SERVER v6.0
[2025-11-24 23:35:59] [INFO] ======================================================================
[2025-11-24 23:35:59] [INFO] [ES] Initializing client for: https://localhost:9200
[2025-11-24 23:35:59] [INFO] [ES] Connecting to https://localhost:9200
[2025-11-24 23:35:59] [INFO] [ES] Using CA cert: http_ca.crt
[2025-11-24 23:35:59] [INFO] HEAD https://localhost:9200/ [status:200 duration:0.046s]
[2025-11-24 23:35:59] [INFO] HEAD https://localhost:9200/depot_air_qc_data [status:200 duration:0.007s]
[2025-11-24 23:35:59] [INFO] POST https://localhost:9200/depot_air_qc_data/_count [status:200 duration:0.004s]
[2025-11-24 23:35:59] [INFO] [ES] Connected — Index 'depot_air_qc_data' contains 809 docs
[2025-11-24 23:35:59] [INFO] [INIT] CSV Exporter enabled
[2025-11-24 23:35:59] [INFO] [INFO] Reports will be saved to: reports
[2025-11-24 23:35:59] [INFO] ======================================================================
[2025-11-24 23:35:59] [INFO] ADAPTIVE BUFFERING SERVICE INITIALIZED
[2025-11-24 23:35:59] [INFO] ======================================================================
[2025-11-24 23:35:59] [INFO] Buffer range: 5-100 docs
[2025-11-24 23:35:59] [INFO] Interval range: 0.5-5.0s
[2025-11-24 23:35:59] [INFO] CSV Export: Enabled
[2025-11-24 23:35:59] [INFO] ======================================================================
[2025-11-24 23:35:59] [WARNING] [WARNING] Telegram notifier disabled: type object 'Config' has no attribute 'get_alert_config'
[2025-11-24 23:36:57] [INFO] ======================================================================
[2025-11-24 23:36:57] [INFO] AQUAGUARD MIDDLEWARE SERVER v6.0
[2025-11-24 23:36:57] [INFO] ======================================================================
[2025-11-24 23:36:57] [INFO] [ES] Initializing client for: https://localhost:9200
[2025-11-24 23:36:57] [INFO] [ES] Connecting to https://localhost:9200
[2025-11-24 23:36:57] [INFO] [ES] Using CA cert: http_ca.crt
[2025-11-24 23:36:57] [INFO] HEAD https://localhost:9200/ [status:200 duration:0.011s]
[2025-11-24 23:36:57] [INFO] HEAD https://localhost:9200/depot_air_qc_data [status:200 duration:0.003s]
[2025-11-24 23:36:57] [INFO] POST https://localhost:9200/depot_air_qc_data/_count [status:200 duration:0.003s]
[2025-11-24 23:36:57] [INFO] [ES] Connected — Index 'depot_air_qc_data' contains 809 docs
[2025-11-24 23:36:57] [INFO] [INIT] CSV Exporter enabled
[2025-11-24 23:36:57] [INFO] [INFO] Reports will be saved to: reports
[2025-11-24 23:36:57] [INFO] ======================================================================
[2025-11-24 23:36:57] [INFO] ADAPTIVE BUFFERING SERVICE INITIALIZED
[2025-11-24 23:36:57] [INFO] ======================================================================
[2025-11-24 23:36:57] [INFO] Buffer range: 5-100 docs
[2025-11-24 23:36:57] [INFO] Interval range: 0.5-5.0s
[2025-11-24 23:36:57] [INFO] CSV Export: Enabled
[2025-11-24 23:36:57] [INFO] ======================================================================
[2025-11-24 23:36:57] [WARNING] [WARNING] Telegram notifier disabled: type object 'Config' has no attribute 'get_alert_config'
[2025-11-24 23:36:57] [INFO] ======================================================================
[2025-11-24 23:36:57] [INFO] [START] Server starting on 0.0.0.0:5000
[2025-11-24 23:36:57] [INFO] ======================================================================
[2025-11-24 23:36:57] [INFO] Serving on http://0.0.0.0:5000
[2025-11-24 23:37:24] [INFO] [SHUTDOWN] Graceful shutdown initiated...
[2025-11-24 23:37:24] [INFO] [SHUTDOWN] Complete
[2025-11-24 23:38:29] [INFO] ======================================================================
[2025-11-24 23:38:29] [INFO] AQUAGUARD MIDDLEWARE SERVER v6.0
[2025-11-24 23:38:29] [INFO] ======================================================================
[2025-11-24 23:38:29] [INFO] [ES] Initializing client for: https://localhost:9200
[2025-11-24 23:38:29] [INFO] [ES] Connecting to https://localhost:9200
[2025-11-24 23:38:29] [INFO] [ES] Using CA cert: http_ca.crt
[2025-11-24 23:38:29] [INFO] HEAD https://localhost:9200/ [status:200 duration:0.014s]
[2025-11-24 23:38:29] [INFO] HEAD https://localhost:9200/depot_air_qc_data [status:200 duration:0.002s]
[2025-11-24 23:38:29] [INFO] POST https://localhost:9200/depot_air_qc_data/_count [status:200 duration:0.002s]
[2025-11-24 23:38:29] [INFO] [ES] Connected — Index 'depot_air_qc_data' contains 809 docs
[2025-11-24 23:38:29] [INFO] [INIT] CSV Exporter enabled
[2025-11-24 23:38:29] [INFO] [INFO] Reports will be saved to: reports
[2025-11-24 23:38:29] [INFO] ======================================================================
[2025-11-24 23:38:29] [INFO] ADAPTIVE BUFFERING SERVICE INITIALIZED
[2025-11-24 23:38:29] [INFO] ======================================================================
[2025-11-24 23:38:29] [INFO] Buffer range: 5-100 docs
[2025-11-24 23:38:29] [INFO] Interval range: 0.5-5.0s
[2025-11-24 23:38:29] [INFO] CSV Export: Enabled
[2025-11-24 23:38:29] [INFO] ======================================================================
[2025-11-24 23:38:29] [WARNING] [WARNING] Telegram notifier disabled: type object 'Config' has no attribute 'get_alert_config'
[2025-11-24 23:38:29] [INFO] ======================================================================
[2025-11-24 23:38:29] [INFO] [START] Server starting on 0.0.0.0:5000
[2025-11-24 23:38:29] [INFO] ======================================================================
[2025-11-24 23:38:29] [INFO] Serving on http://0.0.0.0:5000
[2025-11-24 23:38:35] [INFO] [SHUTDOWN] Graceful shutdown initiated...
[2025-11-24 23:38:35] [INFO] [SHUTDOWN] Complete
[2025-11-24 23:40:01] [INFO] ======================================================================
[2025-11-24 23:40:01] [INFO] AQUAGUARD MIDDLEWARE SERVER v6.0
[2025-11-24 23:40:01] [INFO] ======================================================================
[2025-11-24 23:40:01] [INFO] [ES] Initializing client for: https://localhost:9200
[2025-11-24 23:40:01] [INFO] [ES] Connecting to https://localhost:9200
[2025-11-24 23:40:01] [INFO] [ES] Using CA cert: http_ca.crt
[2025-11-24 23:40:01] [INFO] HEAD https://localhost:9200/ [status:200 duration:0.014s]
[2025-11-24 23:40:01] [INFO] HEAD https://localhost:9200/depot_air_qc_data [status:200 duration:0.002s]
[2025-11-24 23:40:01] [INFO] POST https://localhost:9200/depot_air_qc_data/_count [status:200 duration:0.003s]
[2025-11-24 23:40:01] [INFO] [ES] Connected — Index 'depot_air_qc_data' contains 809 docs
[2025-11-24 23:40:01] [INFO] [INIT] CSV Exporter enabled
[2025-11-24 23:40:01] [INFO] [INFO] Reports will be saved to: reports
[2025-11-24 23:40:01] [INFO] ======================================================================
[2025-11-24 23:40:01] [INFO] ADAPTIVE BUFFERING SERVICE INITIALIZED
[2025-11-24 23:40:01] [INFO] ======================================================================
[2025-11-24 23:40:01] [INFO] Buffer range: 5-100 docs
[2025-11-24 23:40:01] [INFO] Interval range: 0.5-5.0s
[2025-11-24 23:40:01] [INFO] CSV Export: Enabled
[2025-11-24 23:40:01] [INFO] ======================================================================
[2025-11-24 23:40:01] [INFO] ======================================================================
[2025-11-24 23:40:01] [INFO] ALERT SERVICE INITIALIZED
[2025-11-24 23:40:01] [INFO] ======================================================================
[2025-11-24 23:40:01] [INFO] Alert threshold: 5 anomalies/1h
[2025-11-24 23:40:01] [INFO] Cooldown period: 30 minutes
[2025-11-24 23:40:01] [INFO] CSV Export: Enabled
[2025-11-24 23:40:01] [INFO] ======================================================================
[2025-11-24 23:40:02] [INFO] ======================================================================
[2025-11-24 23:40:02] [INFO] [START] Server starting on 0.0.0.0:5000
[2025-11-24 23:40:02] [INFO] ======================================================================
[2025-11-24 23:40:02] [INFO] Serving on http://0.0.0.0:5000
[2025-11-24 23:40:12] [INFO] [SHUTDOWN] Graceful shutdown initiated...
[2025-11-24 23:40:12] [INFO] [SHUTDOWN] Complete
[2025-11-25 14:10:15] [INFO] ======================================================================
[2025-11-25 14:10:15] [INFO] AQUAGUARD MIDDLEWARE SERVER v6.0
[2025-11-25 14:10:15] [INFO] ======================================================================
[2025-11-25 14:10:15] [INFO] [ES] Initializing client for: https://localhost:9200
[2025-11-25 14:10:15] [INFO] [ES] Connecting to https://localhost:9200
[2025-11-25 14:10:15] [INFO] [ES] Using CA cert: http_ca.crt
[2025-11-25 14:10:19] [INFO] HEAD https://localhost:9200/ [status:N/A duration:4.101s]
[2025-11-25 14:10:19] [WARNING] Node <Urllib3HttpNode(https://localhost:9200)> has failed for 1 times in a row, putting on 1 second timeout
[2025-11-25 14:10:19] [WARNING] Retrying request after failure (attempt 0 of 3)
Traceback (most recent call last):
  File "C:\Users\vanguard\AppData\Local\Programs\Python\Python310\lib\site-packages\elastic_transport\_transport.py", line 328, in perform_request
    meta, raw_data = node.perform_request(
  File "C:\Users\vanguard\AppData\Local\Programs\Python\Python310\lib\site-packages\elastic_transport\_node\_http_urllib3.py", line 202, in perform_request
    raise err from None
elastic_transport.ConnectionError: Connection error caused by: NewConnectionError(<elastic_transport._node._urllib3_chain_certs.HTTPSConnection object at 0x000001F619E14940>: Failed to establish a new connection: [WinError 10061] No connection could be made because the target machine actively refused it)
[2025-11-25 14:10:23] [INFO] HEAD https://localhost:9200/ [status:N/A duration:4.070s]
[2025-11-25 14:10:23] [WARNING] Node <Urllib3HttpNode(https://localhost:9200)> has failed for 2 times in a row, putting on 2 second timeout
[2025-11-25 14:10:23] [WARNING] Retrying request after failure (attempt 1 of 3)
Traceback (most recent call last):
  File "C:\Users\vanguard\AppData\Local\Programs\Python\Python310\lib\site-packages\elastic_transport\_transport.py", line 328, in perform_request
    meta, raw_data = node.perform_request(
  File "C:\Users\vanguard\AppData\Local\Programs\Python\Python310\lib\site-packages\elastic_transport\_node\_http_urllib3.py", line 202, in perform_request
    raise err from None
elastic_transport.ConnectionError: Connection error caused by: NewConnectionError(<elastic_transport._node._urllib3_chain_certs.HTTPSConnection object at 0x000001F619E14CD0>: Failed to establish a new connection: [WinError 10061] No connection could be made because the target machine actively refused it)
[2025-11-25 14:10:23] [INFO] Resurrected node <Urllib3HttpNode(https://localhost:9200)> (force=False)
[2025-11-25 14:10:27] [INFO] HEAD https://localhost:9200/ [status:N/A duration:4.052s]
[2025-11-25 14:10:27] [WARNING] Node <Urllib3HttpNode(https://localhost:9200)> has failed for 3 times in a row, putting on 4 second timeout
[2025-11-25 14:10:27] [WARNING] Retrying request after failure (attempt 2 of 3)
Traceback (most recent call last):
  File "C:\Users\vanguard\AppData\Local\Programs\Python\Python310\lib\site-packages\elastic_transport\_transport.py", line 328, in perform_request
    meta, raw_data = node.perform_request(
  File "C:\Users\vanguard\AppData\Local\Programs\Python\Python310\lib\site-packages\elastic_transport\_node\_http_urllib3.py", line 202, in perform_request
    raise err from None
elastic_transport.ConnectionError: Connection error caused by: NewConnectionError(<elastic_transport._node._urllib3_chain_certs.HTTPSConnection object at 0x000001F619E14EB0>: Failed to establish a new connection: [WinError 10061] No connection could be made because the target machine actively refused it)
[2025-11-25 14:10:27] [INFO] Resurrected node <Urllib3HttpNode(https://localhost:9200)> (force=False)
[2025-11-25 14:10:31] [INFO] HEAD https://localhost:9200/ [status:N/A duration:4.057s]
[2025-11-25 14:10:31] [WARNING] Node <Urllib3HttpNode(https://localhost:9200)> has failed for 4 times in a row, putting on 8 second timeout
[2025-11-25 14:10:31] [ERROR] [ES] Connection error: Connection error
[2025-11-25 14:33:58] [INFO] ======================================================================
[2025-11-25 14:33:58] [INFO] AQUAGUARD MIDDLEWARE SERVER v6.0
[2025-11-25 14:33:58] [INFO] ======================================================================
[2025-11-25 14:33:58] [INFO] [ES] Initializing client for: https://localhost:9200
[2025-11-25 14:33:58] [INFO] [ES] Connecting to https://localhost:9200
[2025-11-25 14:33:58] [INFO] [ES] Using CA cert: http_ca.crt
[2025-11-25 14:33:58] [INFO] HEAD https://localhost:9200/ [status:200 duration:0.036s]
[2025-11-25 14:33:58] [INFO] HEAD https://localhost:9200/depot_air_qc_data [status:200 duration:0.006s]
[2025-11-25 14:33:58] [INFO] POST https://localhost:9200/depot_air_qc_data/_count [status:200 duration:0.005s]
[2025-11-25 14:33:58] [INFO] [ES] Connected — Index 'depot_air_qc_data' contains 809 docs
[2025-11-25 14:33:58] [INFO] [INIT] CSV Exporter enabled
[2025-11-25 14:33:58] [INFO] [INFO] Reports will be saved to: reports
[2025-11-25 14:33:58] [INFO] ======================================================================
[2025-11-25 14:33:58] [INFO] ADAPTIVE BUFFERING SERVICE INITIALIZED
[2025-11-25 14:33:58] [INFO] ======================================================================
[2025-11-25 14:33:58] [INFO] Buffer range: 5-100 docs
[2025-11-25 14:33:58] [INFO] Interval range: 0.5-5.0s
[2025-11-25 14:33:58] [INFO] CSV Export: Enabled
[2025-11-25 14:33:58] [INFO] ======================================================================
[2025-11-25 14:33:58] [INFO] ======================================================================
[2025-11-25 14:33:58] [INFO] ALERT SERVICE INITIALIZED
[2025-11-25 14:33:58] [INFO] ======================================================================
[2025-11-25 14:33:58] [INFO] Alert threshold: 5 anomalies/1h
[2025-11-25 14:33:58] [INFO] Cooldown period: 30 minutes
[2025-11-25 14:33:58] [INFO] CSV Export: Enabled
[2025-11-25 14:33:58] [INFO] ======================================================================
[2025-11-25 14:33:59] [INFO] ======================================================================
[2025-11-25 14:33:59] [INFO] [START] Server starting on 0.0.0.0:5000
[2025-11-25 14:33:59] [INFO] ======================================================================
[2025-11-25 14:33:59] [INFO] Serving on http://0.0.0.0:5000
[2025-11-25 14:37:46] [ERROR] Exception on /data/latest [GET]
Traceback (most recent call last):
  File "C:\Users\vanguard\AppData\Local\Programs\Python\Python310\lib\site-packages\flask\app.py", line 1463, in wsgi_app
    response = self.full_dispatch_request()
  File "C:\Users\vanguard\AppData\Local\Programs\Python\Python310\lib\site-packages\flask\app.py", line 872, in full_dispatch_request
    rv = self.handle_user_exception(e)
  File "C:\Users\vanguard\AppData\Local\Programs\Python\Python310\lib\site-packages\flask_cors\extension.py", line 176, in wrapped_function
    return cors_after_request(app.make_response(f(*args, **kwargs)))
  File "C:\Users\vanguard\AppData\Local\Programs\Python\Python310\lib\site-packages\flask\app.py", line 870, in full_dispatch_request
    rv = self.dispatch_request()
  File "C:\Users\vanguard\AppData\Local\Programs\Python\Python310\lib\site-packages\flask\app.py", line 855, in dispatch_request
    return self.ensure_sync(self.view_functions[rule.endpoint])(**view_args)  # type: ignore[no-any-return]
  File "C:\Users\vanguard\OneDrive\Documents\Projek_SistemOperasi_backup\backend\src\routes\system_routes.py", line 32, in latest_data
    index=services['config'].ELASTIC_INDEX,
KeyError: 'config'
[2025-11-25 14:37:46] [INFO] POST https://localhost:9200/.ml-anomalies-*/_search [status:200 duration:0.029s]
[2025-11-25 14:37:46] [INFO] POST https://localhost:9200/.ml-anomalies-*/_search [status:200 duration:0.052s]
[2025-11-25 14:37:46] [INFO] POST https://localhost:9200/.ml-anomalies-*/_search [status:200 duration:0.048s]
[2025-11-25 14:37:49] [ERROR] Exception on /data/latest [GET]
Traceback (most recent call last):
  File "C:\Users\vanguard\AppData\Local\Programs\Python\Python310\lib\site-packages\flask\app.py", line 1463, in wsgi_app
    response = self.full_dispatch_request()
  File "C:\Users\vanguard\AppData\Local\Programs\Python\Python310\lib\site-packages\flask\app.py", line 872, in full_dispatch_request
    rv = self.handle_user_exception(e)
  File "C:\Users\vanguard\AppData\Local\Programs\Python\Python310\lib\site-packages\flask_cors\extension.py", line 176, in wrapped_function
    return cors_after_request(app.make_response(f(*args, **kwargs)))
  File "C:\Users\vanguard\AppData\Local\Programs\Python\Python310\lib\site-packages\flask\app.py", line 870, in full_dispatch_request
    rv = self.dispatch_request()
  File "C:\Users\vanguard\AppData\Local\Programs\Python\Python310\lib\site-packages\flask\app.py", line 855, in dispatch_request
    return self.ensure_sync(self.view_functions[rule.endpoint])(**view_args)  # type: ignore[no-any-return]
  File "C:\Users\vanguard\OneDrive\Documents\Projek_SistemOperasi_backup\backend\src\routes\system_routes.py", line 32, in latest_data
    index=services['config'].ELASTIC_INDEX,
KeyError: 'config'
[2025-11-25 14:37:50] [INFO] POST https://localhost:9200/.ml-anomalies-*/_search [status:200 duration:0.050s]
[2025-11-25 14:37:50] [INFO] POST https://localhost:9200/.ml-anomalies-*/_search [status:200 duration:0.053s]
[2025-11-25 14:37:50] [INFO] POST https://localhost:9200/.ml-anomalies-*/_search [status:200 duration:0.048s]
[2025-11-25 14:38:00] [ERROR] Exception on /data/latest [GET]
Traceback (most recent call last):
  File "C:\Users\vanguard\AppData\Local\Programs\Python\Python310\lib\site-packages\flask\app.py", line 1463, in wsgi_app
    response = self.full_dispatch_request()
  File "C:\Users\vanguard\AppData\Local\Programs\Python\Python310\lib\site-packages\flask\app.py", line 872, in full_dispatch_request
    rv = self.handle_user_exception(e)
  File "C:\Users\vanguard\AppData\Local\Programs\Python\Python310\lib\site-packages\flask_cors\extension.py", line 176, in wrapped_function
    return cors_after_request(app.make_response(f(*args, **kwargs)))
  File "C:\Users\vanguard\AppData\Local\Programs\Python\Python310\lib\site-packages\flask\app.py", line 870, in full_dispatch_request
    rv = self.dispatch_request()
  File "C:\Users\vanguard\AppData\Local\Programs\Python\Python310\lib\site-packages\flask\app.py", line 855, in dispatch_request
    return self.ensure_sync(self.view_functions[rule.endpoint])(**view_args)  # type: ignore[no-any-return]
  File "C:\Users\vanguard\OneDrive\Documents\Projek_SistemOperasi_backup\backend\src\routes\system_routes.py", line 32, in latest_data
    index=services['config'].ELASTIC_INDEX,
KeyError: 'config'
[2025-11-25 14:38:00] [INFO] POST https://localhost:9200/.ml-anomalies-*/_search [status:200 duration:0.048s]
[2025-11-25 14:38:00] [INFO] POST https://localhost:9200/.ml-anomalies-*/_search [status:200 duration:0.048s]
[2025-11-25 14:38:10] [ERROR] Exception on /data/latest [GET]
Traceback (most recent call last):
  File "C:\Users\vanguard\AppData\Local\Programs\Python\Python310\lib\site-packages\flask\app.py", line 1463, in wsgi_app
    response = self.full_dispatch_request()
  File "C:\Users\vanguard\AppData\Local\Programs\Python\Python310\lib\site-packages\flask\app.py", line 872, in full_dispatch_request
    rv = self.handle_user_exception(e)
  File "C:\Users\vanguard\AppData\Local\Programs\Python\Python310\lib\site-packages\flask_cors\extension.py", line 176, in wrapped_function
    return cors_after_request(app.make_response(f(*args, **kwargs)))
  File "C:\Users\vanguard\AppData\Local\Programs\Python\Python310\lib\site-packages\flask\app.py", line 870, in full_dispatch_request
    rv = self.dispatch_request()
  File "C:\Users\vanguard\AppData\Local\Programs\Python\Python310\lib\site-packages\flask\app.py", line 855, in dispatch_request
    return self.ensure_sync(self.view_functions[rule.endpoint])(**view_args)  # type: ignore[no-any-return]
  File "C:\Users\vanguard\OneDrive\Documents\Projek_SistemOperasi_backup\backend\src\routes\system_routes.py", line 32, in latest_data
    index=services['config'].ELASTIC_INDEX,
KeyError: 'config'
[2025-11-25 14:38:10] [INFO] POST https://localhost:9200/.ml-anomalies-*/_search [status:200 duration:0.048s]
[2025-11-25 14:38:10] [INFO] POST https://localhost:9200/.ml-anomalies-*/_search [status:200 duration:0.047s]
[2025-11-25 14:38:20] [ERROR] Exception on /data/latest [GET]
Traceback (most recent call last):
  File "C:\Users\vanguard\AppData\Local\Programs\Python\Python310\lib\site-packages\flask\app.py", line 1463, in wsgi_app
    response = self.full_dispatch_request()
  File "C:\Users\vanguard\AppData\Local\Programs\Python\Python310\lib\site-packages\flask\app.py", line 872, in full_dispatch_request
    rv = self.handle_user_exception(e)
  File "C:\Users\vanguard\AppData\Local\Programs\Python\Python310\lib\site-packages\flask_cors\extension.py", line 176, in wrapped_function
    return cors_after_request(app.make_response(f(*args, **kwargs)))
  File "C:\Users\vanguard\AppData\Local\Programs\Python\Python310\lib\site-packages\flask\app.py", line 870, in full_dispatch_request
    rv = self.dispatch_request()
  File "C:\Users\vanguard\AppData\Local\Programs\Python\Python310\lib\site-packages\flask\app.py", line 855, in dispatch_request
    return self.ensure_sync(self.view_functions[rule.endpoint])(**view_args)  # type: ignore[no-any-return]
  File "C:\Users\vanguard\OneDrive\Documents\Projek_SistemOperasi_backup\backend\src\routes\system_routes.py", line 32, in latest_data
    index=services['config'].ELASTIC_INDEX,
KeyError: 'config'
[2025-11-25 14:38:20] [INFO] POST https://localhost:9200/.ml-anomalies-*/_search [status:200 duration:0.048s]
[2025-11-25 14:38:20] [INFO] POST https://localhost:9200/.ml-anomalies-*/_search [status:200 duration:0.047s]
[2025-11-25 14:38:30] [ERROR] Exception on /data/latest [GET]
Traceback (most recent call last):
  File "C:\Users\vanguard\AppData\Local\Programs\Python\Python310\lib\site-packages\flask\app.py", line 1463, in wsgi_app
    response = self.full_dispatch_request()
  File "C:\Users\vanguard\AppData\Local\Programs\Python\Python310\lib\site-packages\flask\app.py", line 872, in full_dispatch_request
    rv = self.handle_user_exception(e)
  File "C:\Users\vanguard\AppData\Local\Programs\Python\Python310\lib\site-packages\flask_cors\extension.py", line 176, in wrapped_function
    return cors_after_request(app.make_response(f(*args, **kwargs)))
  File "C:\Users\vanguard\AppData\Local\Programs\Python\Python310\lib\site-packages\flask\app.py", line 870, in full_dispatch_request
    rv = self.dispatch_request()
  File "C:\Users\vanguard\AppData\Local\Programs\Python\Python310\lib\site-packages\flask\app.py", line 855, in dispatch_request
    return self.ensure_sync(self.view_functions[rule.endpoint])(**view_args)  # type: ignore[no-any-return]
  File "C:\Users\vanguard\OneDrive\Documents\Projek_SistemOperasi_backup\backend\src\routes\system_routes.py", line 32, in latest_data
    index=services['config'].ELASTIC_INDEX,
KeyError: 'config'
[2025-11-25 14:38:30] [INFO] POST https://localhost:9200/.ml-anomalies-*/_search [status:200 duration:0.048s]
[2025-11-25 14:38:30] [INFO] POST https://localhost:9200/.ml-anomalies-*/_search [status:200 duration:0.048s]
[2025-11-25 14:38:40] [ERROR] Exception on /data/latest [GET]
Traceback (most recent call last):
  File "C:\Users\vanguard\AppData\Local\Programs\Python\Python310\lib\site-packages\flask\app.py", line 1463, in wsgi_app
    response = self.full_dispatch_request()
  File "C:\Users\vanguard\AppData\Local\Programs\Python\Python310\lib\site-packages\flask\app.py", line 872, in full_dispatch_request
    rv = self.handle_user_exception(e)
  File "C:\Users\vanguard\AppData\Local\Programs\Python\Python310\lib\site-packages\flask_cors\extension.py", line 176, in wrapped_function
    return cors_after_request(app.make_response(f(*args, **kwargs)))
  File "C:\Users\vanguard\AppData\Local\Programs\Python\Python310\lib\site-packages\flask\app.py", line 870, in full_dispatch_request
    rv = self.dispatch_request()
  File "C:\Users\vanguard\AppData\Local\Programs\Python\Python310\lib\site-packages\flask\app.py", line 855, in dispatch_request
    return self.ensure_sync(self.view_functions[rule.endpoint])(**view_args)  # type: ignore[no-any-return]
  File "C:\Users\vanguard\OneDrive\Documents\Projek_SistemOperasi_backup\backend\src\routes\system_routes.py", line 32, in latest_data
    index=services['config'].ELASTIC_INDEX,
KeyError: 'config'
[2025-11-25 14:38:40] [INFO] POST https://localhost:9200/.ml-anomalies-*/_search [status:200 duration:0.047s]
[2025-11-25 14:38:40] [INFO] POST https://localhost:9200/.ml-anomalies-*/_search [status:200 duration:0.047s]
[2025-11-25 14:38:50] [ERROR] Exception on /data/latest [GET]
Traceback (most recent call last):
  File "C:\Users\vanguard\AppData\Local\Programs\Python\Python310\lib\site-packages\flask\app.py", line 1463, in wsgi_app
    response = self.full_dispatch_request()
  File "C:\Users\vanguard\AppData\Local\Programs\Python\Python310\lib\site-packages\flask\app.py", line 872, in full_dispatch_request
    rv = self.handle_user_exception(e)
  File "C:\Users\vanguard\AppData\Local\Programs\Python\Python310\lib\site-packages\flask_cors\extension.py", line 176, in wrapped_function
    return cors_after_request(app.make_response(f(*args, **kwargs)))
  File "C:\Users\vanguard\AppData\Local\Programs\Python\Python310\lib\site-packages\flask\app.py", line 870, in full_dispatch_request
    rv = self.dispatch_request()
  File "C:\Users\vanguard\AppData\Local\Programs\Python\Python310\lib\site-packages\flask\app.py", line 855, in dispatch_request
    return self.ensure_sync(self.view_functions[rule.endpoint])(**view_args)  # type: ignore[no-any-return]
  File "C:\Users\vanguard\OneDrive\Documents\Projek_SistemOperasi_backup\backend\src\routes\system_routes.py", line 32, in latest_data
    index=services['config'].ELASTIC_INDEX,
KeyError: 'config'
[2025-11-25 14:38:50] [INFO] POST https://localhost:9200/.ml-anomalies-*/_search [status:200 duration:0.044s]
[2025-11-25 14:38:50] [INFO] POST https://localhost:9200/.ml-anomalies-*/_search [status:200 duration:0.048s]
[2025-11-25 14:39:00] [ERROR] Exception on /data/latest [GET]
Traceback (most recent call last):
  File "C:\Users\vanguard\AppData\Local\Programs\Python\Python310\lib\site-packages\flask\app.py", line 1463, in wsgi_app
    response = self.full_dispatch_request()
  File "C:\Users\vanguard\AppData\Local\Programs\Python\Python310\lib\site-packages\flask\app.py", line 872, in full_dispatch_request
    rv = self.handle_user_exception(e)
  File "C:\Users\vanguard\AppData\Local\Programs\Python\Python310\lib\site-packages\flask_cors\extension.py", line 176, in wrapped_function
    return cors_after_request(app.make_response(f(*args, **kwargs)))
  File "C:\Users\vanguard\AppData\Local\Programs\Python\Python310\lib\site-packages\flask\app.py", line 870, in full_dispatch_request
    rv = self.dispatch_request()
  File "C:\Users\vanguard\AppData\Local\Programs\Python\Python310\lib\site-packages\flask\app.py", line 855, in dispatch_request
    return self.ensure_sync(self.view_functions[rule.endpoint])(**view_args)  # type: ignore[no-any-return]
  File "C:\Users\vanguard\OneDrive\Documents\Projek_SistemOperasi_backup\backend\src\routes\system_routes.py", line 32, in latest_data
    index=services['config'].ELASTIC_INDEX,
KeyError: 'config'
[2025-11-25 14:39:00] [INFO] POST https://localhost:9200/.ml-anomalies-*/_search [status:200 duration:0.047s]
[2025-11-25 14:39:00] [INFO] POST https://localhost:9200/.ml-anomalies-*/_search [status:200 duration:0.048s]
[2025-11-25 14:39:10] [ERROR] Exception on /data/latest [GET]
Traceback (most recent call last):
  File "C:\Users\vanguard\AppData\Local\Programs\Python\Python310\lib\site-packages\flask\app.py", line 1463, in wsgi_app
    response = self.full_dispatch_request()
  File "C:\Users\vanguard\AppData\Local\Programs\Python\Python310\lib\site-packages\flask\app.py", line 872, in full_dispatch_request
    rv = self.handle_user_exception(e)
  File "C:\Users\vanguard\AppData\Local\Programs\Python\Python310\lib\site-packages\flask_cors\extension.py", line 176, in wrapped_function
    return cors_after_request(app.make_response(f(*args, **kwargs)))
  File "C:\Users\vanguard\AppData\Local\Programs\Python\Python310\lib\site-packages\flask\app.py", line 870, in full_dispatch_request
    rv = self.dispatch_request()
  File "C:\Users\vanguard\AppData\Local\Programs\Python\Python310\lib\site-packages\flask\app.py", line 855, in dispatch_request
    return self.ensure_sync(self.view_functions[rule.endpoint])(**view_args)  # type: ignore[no-any-return]
  File "C:\Users\vanguard\OneDrive\Documents\Projek_SistemOperasi_backup\backend\src\routes\system_routes.py", line 32, in latest_data
    index=services['config'].ELASTIC_INDEX,
KeyError: 'config'
[2025-11-25 14:39:10] [INFO] POST https://localhost:9200/.ml-anomalies-*/_search [status:200 duration:0.046s]
[2025-11-25 14:39:10] [INFO] POST https://localhost:9200/.ml-anomalies-*/_search [status:200 duration:0.047s]
[2025-11-25 14:39:20] [ERROR] Exception on /data/latest [GET]
Traceback (most recent call last):
  File "C:\Users\vanguard\AppData\Local\Programs\Python\Python310\lib\site-packages\flask\app.py", line 1463, in wsgi_app
    response = self.full_dispatch_request()
  File "C:\Users\vanguard\AppData\Local\Programs\Python\Python310\lib\site-packages\flask\app.py", line 872, in full_dispatch_request
    rv = self.handle_user_exception(e)
  File "C:\Users\vanguard\AppData\Local\Programs\Python\Python310\lib\site-packages\flask_cors\extension.py", line 176, in wrapped_function
    return cors_after_request(app.make_response(f(*args, **kwargs)))
  File "C:\Users\vanguard\AppData\Local\Programs\Python\Python310\lib\site-packages\flask\app.py", line 870, in full_dispatch_request
    rv = self.dispatch_request()
  File "C:\Users\vanguard\AppData\Local\Programs\Python\Python310\lib\site-packages\flask\app.py", line 855, in dispatch_request
    return self.ensure_sync(self.view_functions[rule.endpoint])(**view_args)  # type: ignore[no-any-return]
  File "C:\Users\vanguard\OneDrive\Documents\Projek_SistemOperasi_backup\backend\src\routes\system_routes.py", line 32, in latest_data
    index=services['config'].ELASTIC_INDEX,
KeyError: 'config'
[2025-11-25 14:39:20] [INFO] POST https://localhost:9200/.ml-anomalies-*/_search [status:200 duration:0.047s]
[2025-11-25 14:39:20] [INFO] POST https://localhost:9200/.ml-anomalies-*/_search [status:200 duration:0.047s]
[2025-11-25 14:40:16] [ERROR] Exception on /data/latest [GET]
Traceback (most recent call last):
  File "C:\Users\vanguard\AppData\Local\Programs\Python\Python310\lib\site-packages\flask\app.py", line 1463, in wsgi_app
    response = self.full_dispatch_request()
  File "C:\Users\vanguard\AppData\Local\Programs\Python\Python310\lib\site-packages\flask\app.py", line 872, in full_dispatch_request
    rv = self.handle_user_exception(e)
  File "C:\Users\vanguard\AppData\Local\Programs\Python\Python310\lib\site-packages\flask_cors\extension.py", line 176, in wrapped_function
    return cors_after_request(app.make_response(f(*args, **kwargs)))
  File "C:\Users\vanguard\AppData\Local\Programs\Python\Python310\lib\site-packages\flask\app.py", line 870, in full_dispatch_request
    rv = self.dispatch_request()
  File "C:\Users\vanguard\AppData\Local\Programs\Python\Python310\lib\site-packages\flask\app.py", line 855, in dispatch_request
    return self.ensure_sync(self.view_functions[rule.endpoint])(**view_args)  # type: ignore[no-any-return]
  File "C:\Users\vanguard\OneDrive\Documents\Projek_SistemOperasi_backup\backend\src\routes\system_routes.py", line 32, in latest_data
    index=services['config'].ELASTIC_INDEX,
KeyError: 'config'
[2025-11-25 14:40:16] [INFO] POST https://localhost:9200/.ml-anomalies-*/_search [status:200 duration:0.051s]
[2025-11-25 14:40:16] [INFO] POST https://localhost:9200/.ml-anomalies-*/_search [status:200 duration:0.047s]
[2025-11-25 14:41:16] [ERROR] Exception on /data/latest [GET]
Traceback (most recent call last):
  File "C:\Users\vanguard\AppData\Local\Programs\Python\Python310\lib\site-packages\flask\app.py", line 1463, in wsgi_app
    response = self.full_dispatch_request()
  File "C:\Users\vanguard\AppData\Local\Programs\Python\Python310\lib\site-packages\flask\app.py", line 872, in full_dispatch_request
    rv = self.handle_user_exception(e)
  File "C:\Users\vanguard\AppData\Local\Programs\Python\Python310\lib\site-packages\flask_cors\extension.py", line 176, in wrapped_function
    return cors_after_request(app.make_response(f(*args, **kwargs)))
  File "C:\Users\vanguard\AppData\Local\Programs\Python\Python310\lib\site-packages\flask\app.py", line 870, in full_dispatch_request
    rv = self.dispatch_request()
  File "C:\Users\vanguard\AppData\Local\Programs\Python\Python310\lib\site-packages\flask\app.py", line 855, in dispatch_request
    return self.ensure_sync(self.view_functions[rule.endpoint])(**view_args)  # type: ignore[no-any-return]
  File "C:\Users\vanguard\OneDrive\Documents\Projek_SistemOperasi_backup\backend\src\routes\system_routes.py", line 32, in latest_data
    index=services['config'].ELASTIC_INDEX,
KeyError: 'config'
[2025-11-25 14:41:16] [INFO] POST https://localhost:9200/.ml-anomalies-*/_search [status:200 duration:0.048s]
[2025-11-25 14:41:16] [INFO] POST https://localhost:9200/.ml-anomalies-*/_search [status:200 duration:0.048s]
[2025-11-25 14:42:16] [ERROR] Exception on /data/latest [GET]
Traceback (most recent call last):
  File "C:\Users\vanguard\AppData\Local\Programs\Python\Python310\lib\site-packages\flask\app.py", line 1463, in wsgi_app
    response = self.full_dispatch_request()
  File "C:\Users\vanguard\AppData\Local\Programs\Python\Python310\lib\site-packages\flask\app.py", line 872, in full_dispatch_request
    rv = self.handle_user_exception(e)
  File "C:\Users\vanguard\AppData\Local\Programs\Python\Python310\lib\site-packages\flask_cors\extension.py", line 176, in wrapped_function
    return cors_after_request(app.make_response(f(*args, **kwargs)))
  File "C:\Users\vanguard\AppData\Local\Programs\Python\Python310\lib\site-packages\flask\app.py", line 870, in full_dispatch_request
    rv = self.dispatch_request()
  File "C:\Users\vanguard\AppData\Local\Programs\Python\Python310\lib\site-packages\flask\app.py", line 855, in dispatch_request
    return self.ensure_sync(self.view_functions[rule.endpoint])(**view_args)  # type: ignore[no-any-return]
  File "C:\Users\vanguard\OneDrive\Documents\Projek_SistemOperasi_backup\backend\src\routes\system_routes.py", line 32, in latest_data
    index=services['config'].ELASTIC_INDEX,
KeyError: 'config'
[2025-11-25 14:42:16] [INFO] POST https://localhost:9200/.ml-anomalies-*/_search [status:200 duration:0.048s]
[2025-11-25 14:42:16] [INFO] POST https://localhost:9200/.ml-anomalies-*/_search [status:200 duration:0.048s]
[2025-11-25 14:43:16] [ERROR] Exception on /data/latest [GET]
Traceback (most recent call last):
  File "C:\Users\vanguard\AppData\Local\Programs\Python\Python310\lib\site-packages\flask\app.py", line 1463, in wsgi_app
    response = self.full_dispatch_request()
  File "C:\Users\vanguard\AppData\Local\Programs\Python\Python310\lib\site-packages\flask\app.py", line 872, in full_dispatch_request
    rv = self.handle_user_exception(e)
  File "C:\Users\vanguard\AppData\Local\Programs\Python\Python310\lib\site-packages\flask_cors\extension.py", line 176, in wrapped_function
    return cors_after_request(app.make_response(f(*args, **kwargs)))
  File "C:\Users\vanguard\AppData\Local\Programs\Python\Python310\lib\site-packages\flask\app.py", line 870, in full_dispatch_request
    rv = self.dispatch_request()
  File "C:\Users\vanguard\AppData\Local\Programs\Python\Python310\lib\site-packages\flask\app.py", line 855, in dispatch_request
    return self.ensure_sync(self.view_functions[rule.endpoint])(**view_args)  # type: ignore[no-any-return]
  File "C:\Users\vanguard\OneDrive\Documents\Projek_SistemOperasi_backup\backend\src\routes\system_routes.py", line 32, in latest_data
    index=services['config'].ELASTIC_INDEX,
KeyError: 'config'
[2025-11-25 14:43:16] [INFO] POST https://localhost:9200/.ml-anomalies-*/_search [status:200 duration:0.046s]
[2025-11-25 14:43:16] [INFO] POST https://localhost:9200/.ml-anomalies-*/_search [status:200 duration:0.048s]
[2025-11-25 14:44:16] [ERROR] Exception on /data/latest [GET]
Traceback (most recent call last):
  File "C:\Users\vanguard\AppData\Local\Programs\Python\Python310\lib\site-packages\flask\app.py", line 1463, in wsgi_app
    response = self.full_dispatch_request()
  File "C:\Users\vanguard\AppData\Local\Programs\Python\Python310\lib\site-packages\flask\app.py", line 872, in full_dispatch_request
    rv = self.handle_user_exception(e)
  File "C:\Users\vanguard\AppData\Local\Programs\Python\Python310\lib\site-packages\flask_cors\extension.py", line 176, in wrapped_function
    return cors_after_request(app.make_response(f(*args, **kwargs)))
  File "C:\Users\vanguard\AppData\Local\Programs\Python\Python310\lib\site-packages\flask\app.py", line 870, in full_dispatch_request
    rv = self.dispatch_request()
  File "C:\Users\vanguard\AppData\Local\Programs\Python\Python310\lib\site-packages\flask\app.py", line 855, in dispatch_request
    return self.ensure_sync(self.view_functions[rule.endpoint])(**view_args)  # type: ignore[no-any-return]
  File "C:\Users\vanguard\OneDrive\Documents\Projek_SistemOperasi_backup\backend\src\routes\system_routes.py", line 32, in latest_data
    index=services['config'].ELASTIC_INDEX,
KeyError: 'config'
[2025-11-25 14:44:16] [INFO] POST https://localhost:9200/.ml-anomalies-*/_search [status:200 duration:0.053s]
[2025-11-25 14:44:16] [INFO] POST https://localhost:9200/.ml-anomalies-*/_search [status:200 duration:0.047s]
[2025-11-25 14:45:16] [ERROR] Exception on /data/latest [GET]
Traceback (most recent call last):
  File "C:\Users\vanguard\AppData\Local\Programs\Python\Python310\lib\site-packages\flask\app.py", line 1463, in wsgi_app
    response = self.full_dispatch_request()
  File "C:\Users\vanguard\AppData\Local\Programs\Python\Python310\lib\site-packages\flask\app.py", line 872, in full_dispatch_request
    rv = self.handle_user_exception(e)
  File "C:\Users\vanguard\AppData\Local\Programs\Python\Python310\lib\site-packages\flask_cors\extension.py", line 176, in wrapped_function
    return cors_after_request(app.make_response(f(*args, **kwargs)))
  File "C:\Users\vanguard\AppData\Local\Programs\Python\Python310\lib\site-packages\flask\app.py", line 870, in full_dispatch_request
    rv = self.dispatch_request()
  File "C:\Users\vanguard\AppData\Local\Programs\Python\Python310\lib\site-packages\flask\app.py", line 855, in dispatch_request
    return self.ensure_sync(self.view_functions[rule.endpoint])(**view_args)  # type: ignore[no-any-return]
  File "C:\Users\vanguard\OneDrive\Documents\Projek_SistemOperasi_backup\backend\src\routes\system_routes.py", line 32, in latest_data
    index=services['config'].ELASTIC_INDEX,
KeyError: 'config'
[2025-11-25 14:45:16] [INFO] POST https://localhost:9200/.ml-anomalies-*/_search [status:200 duration:0.052s]
[2025-11-25 14:45:16] [INFO] POST https://localhost:9200/.ml-anomalies-*/_search [status:200 duration:0.049s]
[2025-11-25 14:46:16] [ERROR] Exception on /data/latest [GET]
Traceback (most recent call last):
  File "C:\Users\vanguard\AppData\Local\Programs\Python\Python310\lib\site-packages\flask\app.py", line 1463, in wsgi_app
    response = self.full_dispatch_request()
  File "C:\Users\vanguard\AppData\Local\Programs\Python\Python310\lib\site-packages\flask\app.py", line 872, in full_dispatch_request
    rv = self.handle_user_exception(e)
  File "C:\Users\vanguard\AppData\Local\Programs\Python\Python310\lib\site-packages\flask_cors\extension.py", line 176, in wrapped_function
    return cors_after_request(app.make_response(f(*args, **kwargs)))
  File "C:\Users\vanguard\AppData\Local\Programs\Python\Python310\lib\site-packages\flask\app.py", line 870, in full_dispatch_request
    rv = self.dispatch_request()
  File "C:\Users\vanguard\AppData\Local\Programs\Python\Python310\lib\site-packages\flask\app.py", line 855, in dispatch_request
    return self.ensure_sync(self.view_functions[rule.endpoint])(**view_args)  # type: ignore[no-any-return]
  File "C:\Users\vanguard\OneDrive\Documents\Projek_SistemOperasi_backup\backend\src\routes\system_routes.py", line 32, in latest_data
    index=services['config'].ELASTIC_INDEX,
KeyError: 'config'
[2025-11-25 14:46:16] [INFO] POST https://localhost:9200/.ml-anomalies-*/_search [status:200 duration:0.047s]
[2025-11-25 14:46:16] [INFO] POST https://localhost:9200/.ml-anomalies-*/_search [status:200 duration:0.047s]
[2025-11-25 14:47:16] [ERROR] Exception on /data/latest [GET]
Traceback (most recent call last):
  File "C:\Users\vanguard\AppData\Local\Programs\Python\Python310\lib\site-packages\flask\app.py", line 1463, in wsgi_app
    response = self.full_dispatch_request()
  File "C:\Users\vanguard\AppData\Local\Programs\Python\Python310\lib\site-packages\flask\app.py", line 872, in full_dispatch_request
    rv = self.handle_user_exception(e)
  File "C:\Users\vanguard\AppData\Local\Programs\Python\Python310\lib\site-packages\flask_cors\extension.py", line 176, in wrapped_function
    return cors_after_request(app.make_response(f(*args, **kwargs)))
  File "C:\Users\vanguard\AppData\Local\Programs\Python\Python310\lib\site-packages\flask\app.py", line 870, in full_dispatch_request
    rv = self.dispatch_request()
  File "C:\Users\vanguard\AppData\Local\Programs\Python\Python310\lib\site-packages\flask\app.py", line 855, in dispatch_request
    return self.ensure_sync(self.view_functions[rule.endpoint])(**view_args)  # type: ignore[no-any-return]
  File "C:\Users\vanguard\OneDrive\Documents\Projek_SistemOperasi_backup\backend\src\routes\system_routes.py", line 32, in latest_data
    index=services['config'].ELASTIC_INDEX,
KeyError: 'config'
[2025-11-25 14:47:16] [INFO] POST https://localhost:9200/.ml-anomalies-*/_search [status:200 duration:0.046s]
[2025-11-25 14:47:16] [INFO] POST https://localhost:9200/.ml-anomalies-*/_search [status:200 duration:0.044s]
[2025-11-25 14:48:16] [ERROR] Exception on /data/latest [GET]
Traceback (most recent call last):
  File "C:\Users\vanguard\AppData\Local\Programs\Python\Python310\lib\site-packages\flask\app.py", line 1463, in wsgi_app
    response = self.full_dispatch_request()
  File "C:\Users\vanguard\AppData\Local\Programs\Python\Python310\lib\site-packages\flask\app.py", line 872, in full_dispatch_request
    rv = self.handle_user_exception(e)
  File "C:\Users\vanguard\AppData\Local\Programs\Python\Python310\lib\site-packages\flask_cors\extension.py", line 176, in wrapped_function
    return cors_after_request(app.make_response(f(*args, **kwargs)))
  File "C:\Users\vanguard\AppData\Local\Programs\Python\Python310\lib\site-packages\flask\app.py", line 870, in full_dispatch_request
    rv = self.dispatch_request()
  File "C:\Users\vanguard\AppData\Local\Programs\Python\Python310\lib\site-packages\flask\app.py", line 855, in dispatch_request
    return self.ensure_sync(self.view_functions[rule.endpoint])(**view_args)  # type: ignore[no-any-return]
  File "C:\Users\vanguard\OneDrive\Documents\Projek_SistemOperasi_backup\backend\src\routes\system_routes.py", line 32, in latest_data
    index=services['config'].ELASTIC_INDEX,
KeyError: 'config'
[2025-11-25 14:48:16] [INFO] POST https://localhost:9200/.ml-anomalies-*/_search [status:200 duration:0.045s]
[2025-11-25 14:48:16] [INFO] POST https://localhost:9200/.ml-anomalies-*/_search [status:200 duration:0.047s]
[2025-11-25 14:49:16] [ERROR] Exception on /data/latest [GET]
Traceback (most recent call last):
  File "C:\Users\vanguard\AppData\Local\Programs\Python\Python310\lib\site-packages\flask\app.py", line 1463, in wsgi_app
    response = self.full_dispatch_request()
  File "C:\Users\vanguard\AppData\Local\Programs\Python\Python310\lib\site-packages\flask\app.py", line 872, in full_dispatch_request
    rv = self.handle_user_exception(e)
  File "C:\Users\vanguard\AppData\Local\Programs\Python\Python310\lib\site-packages\flask_cors\extension.py", line 176, in wrapped_function
    return cors_after_request(app.make_response(f(*args, **kwargs)))
  File "C:\Users\vanguard\AppData\Local\Programs\Python\Python310\lib\site-packages\flask\app.py", line 870, in full_dispatch_request
    rv = self.dispatch_request()
  File "C:\Users\vanguard\AppData\Local\Programs\Python\Python310\lib\site-packages\flask\app.py", line 855, in dispatch_request
    return self.ensure_sync(self.view_functions[rule.endpoint])(**view_args)  # type: ignore[no-any-return]
  File "C:\Users\vanguard\OneDrive\Documents\Projek_SistemOperasi_backup\backend\src\routes\system_routes.py", line 32, in latest_data
    index=services['config'].ELASTIC_INDEX,
KeyError: 'config'
[2025-11-25 14:49:16] [INFO] POST https://localhost:9200/.ml-anomalies-*/_search [status:200 duration:0.046s]
[2025-11-25 14:49:16] [INFO] POST https://localhost:9200/.ml-anomalies-*/_search [status:200 duration:0.047s]
[2025-11-25 14:50:16] [ERROR] Exception on /data/latest [GET]
Traceback (most recent call last):
  File "C:\Users\vanguard\AppData\Local\Programs\Python\Python310\lib\site-packages\flask\app.py", line 1463, in wsgi_app
    response = self.full_dispatch_request()
  File "C:\Users\vanguard\AppData\Local\Programs\Python\Python310\lib\site-packages\flask\app.py", line 872, in full_dispatch_request
    rv = self.handle_user_exception(e)
  File "C:\Users\vanguard\AppData\Local\Programs\Python\Python310\lib\site-packages\flask_cors\extension.py", line 176, in wrapped_function
    return cors_after_request(app.make_response(f(*args, **kwargs)))
  File "C:\Users\vanguard\AppData\Local\Programs\Python\Python310\lib\site-packages\flask\app.py", line 870, in full_dispatch_request
    rv = self.dispatch_request()
  File "C:\Users\vanguard\AppData\Local\Programs\Python\Python310\lib\site-packages\flask\app.py", line 855, in dispatch_request
    return self.ensure_sync(self.view_functions[rule.endpoint])(**view_args)  # type: ignore[no-any-return]
  File "C:\Users\vanguard\OneDrive\Documents\Projek_SistemOperasi_backup\backend\src\routes\system_routes.py", line 32, in latest_data
    index=services['config'].ELASTIC_INDEX,
KeyError: 'config'
[2025-11-25 14:50:16] [INFO] POST https://localhost:9200/.ml-anomalies-*/_search [status:200 duration:0.053s]
[2025-11-25 14:50:16] [INFO] POST https://localhost:9200/.ml-anomalies-*/_search [status:200 duration:0.048s]
[2025-11-25 14:51:16] [ERROR] Exception on /data/latest [GET]
Traceback (most recent call last):
  File "C:\Users\vanguard\AppData\Local\Programs\Python\Python310\lib\site-packages\flask\app.py", line 1463, in wsgi_app
    response = self.full_dispatch_request()
  File "C:\Users\vanguard\AppData\Local\Programs\Python\Python310\lib\site-packages\flask\app.py", line 872, in full_dispatch_request
    rv = self.handle_user_exception(e)
  File "C:\Users\vanguard\AppData\Local\Programs\Python\Python310\lib\site-packages\flask_cors\extension.py", line 176, in wrapped_function
    return cors_after_request(app.make_response(f(*args, **kwargs)))
  File "C:\Users\vanguard\AppData\Local\Programs\Python\Python310\lib\site-packages\flask\app.py", line 870, in full_dispatch_request
    rv = self.dispatch_request()
  File "C:\Users\vanguard\AppData\Local\Programs\Python\Python310\lib\site-packages\flask\app.py", line 855, in dispatch_request
    return self.ensure_sync(self.view_functions[rule.endpoint])(**view_args)  # type: ignore[no-any-return]
  File "C:\Users\vanguard\OneDrive\Documents\Projek_SistemOperasi_backup\backend\src\routes\system_routes.py", line 32, in latest_data
    index=services['config'].ELASTIC_INDEX,
KeyError: 'config'
[2025-11-25 14:51:16] [INFO] POST https://localhost:9200/.ml-anomalies-*/_search [status:200 duration:0.049s]
[2025-11-25 14:51:16] [INFO] POST https://localhost:9200/.ml-anomalies-*/_search [status:200 duration:0.048s]
[2025-11-25 14:52:16] [ERROR] Exception on /data/latest [GET]
Traceback (most recent call last):
  File "C:\Users\vanguard\AppData\Local\Programs\Python\Python310\lib\site-packages\flask\app.py", line 1463, in wsgi_app
    response = self.full_dispatch_request()
  File "C:\Users\vanguard\AppData\Local\Programs\Python\Python310\lib\site-packages\flask\app.py", line 872, in full_dispatch_request
    rv = self.handle_user_exception(e)
  File "C:\Users\vanguard\AppData\Local\Programs\Python\Python310\lib\site-packages\flask_cors\extension.py", line 176, in wrapped_function
    return cors_after_request(app.make_response(f(*args, **kwargs)))
  File "C:\Users\vanguard\AppData\Local\Programs\Python\Python310\lib\site-packages\flask\app.py", line 870, in full_dispatch_request
    rv = self.dispatch_request()
  File "C:\Users\vanguard\AppData\Local\Programs\Python\Python310\lib\site-packages\flask\app.py", line 855, in dispatch_request
    return self.ensure_sync(self.view_functions[rule.endpoint])(**view_args)  # type: ignore[no-any-return]
  File "C:\Users\vanguard\OneDrive\Documents\Projek_SistemOperasi_backup\backend\src\routes\system_routes.py", line 32, in latest_data
    index=services['config'].ELASTIC_INDEX,
KeyError: 'config'
[2025-11-25 14:52:16] [INFO] POST https://localhost:9200/.ml-anomalies-*/_search [status:200 duration:0.051s]
[2025-11-25 14:52:16] [INFO] POST https://localhost:9200/.ml-anomalies-*/_search [status:200 duration:0.046s]
[2025-11-25 14:53:16] [ERROR] Exception on /data/latest [GET]
Traceback (most recent call last):
  File "C:\Users\vanguard\AppData\Local\Programs\Python\Python310\lib\site-packages\flask\app.py", line 1463, in wsgi_app
    response = self.full_dispatch_request()
  File "C:\Users\vanguard\AppData\Local\Programs\Python\Python310\lib\site-packages\flask\app.py", line 872, in full_dispatch_request
    rv = self.handle_user_exception(e)
  File "C:\Users\vanguard\AppData\Local\Programs\Python\Python310\lib\site-packages\flask_cors\extension.py", line 176, in wrapped_function
    return cors_after_request(app.make_response(f(*args, **kwargs)))
  File "C:\Users\vanguard\AppData\Local\Programs\Python\Python310\lib\site-packages\flask\app.py", line 870, in full_dispatch_request
    rv = self.dispatch_request()
  File "C:\Users\vanguard\AppData\Local\Programs\Python\Python310\lib\site-packages\flask\app.py", line 855, in dispatch_request
    return self.ensure_sync(self.view_functions[rule.endpoint])(**view_args)  # type: ignore[no-any-return]
  File "C:\Users\vanguard\OneDrive\Documents\Projek_SistemOperasi_backup\backend\src\routes\system_routes.py", line 32, in latest_data
    index=services['config'].ELASTIC_INDEX,
KeyError: 'config'
[2025-11-25 14:53:16] [INFO] POST https://localhost:9200/.ml-anomalies-*/_search [status:200 duration:0.048s]
[2025-11-25 14:53:16] [INFO] POST https://localhost:9200/.ml-anomalies-*/_search [status:200 duration:0.046s]
[2025-11-25 14:54:16] [ERROR] Exception on /data/latest [GET]
Traceback (most recent call last):
  File "C:\Users\vanguard\AppData\Local\Programs\Python\Python310\lib\site-packages\flask\app.py", line 1463, in wsgi_app
    response = self.full_dispatch_request()
  File "C:\Users\vanguard\AppData\Local\Programs\Python\Python310\lib\site-packages\flask\app.py", line 872, in full_dispatch_request
    rv = self.handle_user_exception(e)
  File "C:\Users\vanguard\AppData\Local\Programs\Python\Python310\lib\site-packages\flask_cors\extension.py", line 176, in wrapped_function
    return cors_after_request(app.make_response(f(*args, **kwargs)))
  File "C:\Users\vanguard\AppData\Local\Programs\Python\Python310\lib\site-packages\flask\app.py", line 870, in full_dispatch_request
    rv = self.dispatch_request()
  File "C:\Users\vanguard\AppData\Local\Programs\Python\Python310\lib\site-packages\flask\app.py", line 855, in dispatch_request
    return self.ensure_sync(self.view_functions[rule.endpoint])(**view_args)  # type: ignore[no-any-return]
  File "C:\Users\vanguard\OneDrive\Documents\Projek_SistemOperasi_backup\backend\src\routes\system_routes.py", line 32, in latest_data
    index=services['config'].ELASTIC_INDEX,
KeyError: 'config'
[2025-11-25 14:54:16] [INFO] POST https://localhost:9200/.ml-anomalies-*/_search [status:200 duration:0.047s]
[2025-11-25 14:54:16] [INFO] POST https://localhost:9200/.ml-anomalies-*/_search [status:200 duration:0.045s]
[2025-11-25 14:55:16] [ERROR] Exception on /data/latest [GET]
Traceback (most recent call last):
  File "C:\Users\vanguard\AppData\Local\Programs\Python\Python310\lib\site-packages\flask\app.py", line 1463, in wsgi_app
    response = self.full_dispatch_request()
  File "C:\Users\vanguard\AppData\Local\Programs\Python\Python310\lib\site-packages\flask\app.py", line 872, in full_dispatch_request
    rv = self.handle_user_exception(e)
  File "C:\Users\vanguard\AppData\Local\Programs\Python\Python310\lib\site-packages\flask_cors\extension.py", line 176, in wrapped_function
    return cors_after_request(app.make_response(f(*args, **kwargs)))
  File "C:\Users\vanguard\AppData\Local\Programs\Python\Python310\lib\site-packages\flask\app.py", line 870, in full_dispatch_request
    rv = self.dispatch_request()
  File "C:\Users\vanguard\AppData\Local\Programs\Python\Python310\lib\site-packages\flask\app.py", line 855, in dispatch_request
    return self.ensure_sync(self.view_functions[rule.endpoint])(**view_args)  # type: ignore[no-any-return]
  File "C:\Users\vanguard\OneDrive\Documents\Projek_SistemOperasi_backup\backend\src\routes\system_routes.py", line 32, in latest_data
    index=services['config'].ELASTIC_INDEX,
KeyError: 'config'
[2025-11-25 14:55:16] [INFO] POST https://localhost:9200/.ml-anomalies-*/_search [status:200 duration:0.047s]
[2025-11-25 14:55:16] [INFO] POST https://localhost:9200/.ml-anomalies-*/_search [status:200 duration:0.047s]
[2025-11-25 14:56:16] [ERROR] Exception on /data/latest [GET]
Traceback (most recent call last):
  File "C:\Users\vanguard\AppData\Local\Programs\Python\Python310\lib\site-packages\flask\app.py", line 1463, in wsgi_app
    response = self.full_dispatch_request()
  File "C:\Users\vanguard\AppData\Local\Programs\Python\Python310\lib\site-packages\flask\app.py", line 872, in full_dispatch_request
    rv = self.handle_user_exception(e)
  File "C:\Users\vanguard\AppData\Local\Programs\Python\Python310\lib\site-packages\flask_cors\extension.py", line 176, in wrapped_function
    return cors_after_request(app.make_response(f(*args, **kwargs)))
  File "C:\Users\vanguard\AppData\Local\Programs\Python\Python310\lib\site-packages\flask\app.py", line 870, in full_dispatch_request
    rv = self.dispatch_request()
  File "C:\Users\vanguard\AppData\Local\Programs\Python\Python310\lib\site-packages\flask\app.py", line 855, in dispatch_request
    return self.ensure_sync(self.view_functions[rule.endpoint])(**view_args)  # type: ignore[no-any-return]
  File "C:\Users\vanguard\OneDrive\Documents\Projek_SistemOperasi_backup\backend\src\routes\system_routes.py", line 32, in latest_data
    index=services['config'].ELASTIC_INDEX,
KeyError: 'config'
[2025-11-25 14:56:16] [INFO] POST https://localhost:9200/.ml-anomalies-*/_search [status:200 duration:0.047s]
[2025-11-25 14:56:16] [INFO] POST https://localhost:9200/.ml-anomalies-*/_search [status:200 duration:0.046s]
[2025-11-25 14:57:08] [ERROR] Exception on /data/latest [GET]
Traceback (most recent call last):
  File "C:\Users\vanguard\AppData\Local\Programs\Python\Python310\lib\site-packages\flask\app.py", line 1463, in wsgi_app
    response = self.full_dispatch_request()
  File "C:\Users\vanguard\AppData\Local\Programs\Python\Python310\lib\site-packages\flask\app.py", line 872, in full_dispatch_request
    rv = self.handle_user_exception(e)
  File "C:\Users\vanguard\AppData\Local\Programs\Python\Python310\lib\site-packages\flask_cors\extension.py", line 176, in wrapped_function
    return cors_after_request(app.make_response(f(*args, **kwargs)))
  File "C:\Users\vanguard\AppData\Local\Programs\Python\Python310\lib\site-packages\flask\app.py", line 870, in full_dispatch_request
    rv = self.dispatch_request()
  File "C:\Users\vanguard\AppData\Local\Programs\Python\Python310\lib\site-packages\flask\app.py", line 855, in dispatch_request
    return self.ensure_sync(self.view_functions[rule.endpoint])(**view_args)  # type: ignore[no-any-return]
  File "C:\Users\vanguard\OneDrive\Documents\Projek_SistemOperasi_backup\backend\src\routes\system_routes.py", line 32, in latest_data
    index=services['config'].ELASTIC_INDEX,
KeyError: 'config'
[2025-11-25 14:57:08] [INFO] POST https://localhost:9200/.ml-anomalies-*/_search [status:200 duration:0.050s]
[2025-11-25 14:57:08] [INFO] POST https://localhost:9200/.ml-anomalies-*/_search [status:200 duration:0.046s]
[2025-11-25 14:57:10] [ERROR] Exception on /data/latest [GET]
Traceback (most recent call last):
  File "C:\Users\vanguard\AppData\Local\Programs\Python\Python310\lib\site-packages\flask\app.py", line 1463, in wsgi_app
    response = self.full_dispatch_request()
  File "C:\Users\vanguard\AppData\Local\Programs\Python\Python310\lib\site-packages\flask\app.py", line 872, in full_dispatch_request
    rv = self.handle_user_exception(e)
  File "C:\Users\vanguard\AppData\Local\Programs\Python\Python310\lib\site-packages\flask_cors\extension.py", line 176, in wrapped_function
    return cors_after_request(app.make_response(f(*args, **kwargs)))
  File "C:\Users\vanguard\AppData\Local\Programs\Python\Python310\lib\site-packages\flask\app.py", line 870, in full_dispatch_request
    rv = self.dispatch_request()
  File "C:\Users\vanguard\AppData\Local\Programs\Python\Python310\lib\site-packages\flask\app.py", line 855, in dispatch_request
    return self.ensure_sync(self.view_functions[rule.endpoint])(**view_args)  # type: ignore[no-any-return]
  File "C:\Users\vanguard\OneDrive\Documents\Projek_SistemOperasi_backup\backend\src\routes\system_routes.py", line 32, in latest_data
    index=services['config'].ELASTIC_INDEX,
KeyError: 'config'
[2025-11-25 14:57:10] [INFO] POST https://localhost:9200/.ml-anomalies-*/_search [status:200 duration:0.047s]
[2025-11-25 14:57:10] [INFO] POST https://localhost:9200/.ml-anomalies-*/_search [status:200 duration:0.053s]
[2025-11-25 14:57:11] [INFO] HEAD https://localhost:9200/ [status:200 duration:0.026s]
[2025-11-25 14:57:11] [ERROR] Exception on /data/latest [GET]
Traceback (most recent call last):
  File "C:\Users\vanguard\AppData\Local\Programs\Python\Python310\lib\site-packages\flask\app.py", line 1463, in wsgi_app
    response = self.full_dispatch_request()
  File "C:\Users\vanguard\AppData\Local\Programs\Python\Python310\lib\site-packages\flask\app.py", line 872, in full_dispatch_request
    rv = self.handle_user_exception(e)
  File "C:\Users\vanguard\AppData\Local\Programs\Python\Python310\lib\site-packages\flask_cors\extension.py", line 176, in wrapped_function
    return cors_after_request(app.make_response(f(*args, **kwargs)))
  File "C:\Users\vanguard\AppData\Local\Programs\Python\Python310\lib\site-packages\flask\app.py", line 870, in full_dispatch_request
    rv = self.dispatch_request()
  File "C:\Users\vanguard\AppData\Local\Programs\Python\Python310\lib\site-packages\flask\app.py", line 855, in dispatch_request
    return self.ensure_sync(self.view_functions[rule.endpoint])(**view_args)  # type: ignore[no-any-return]
  File "C:\Users\vanguard\OneDrive\Documents\Projek_SistemOperasi_backup\backend\src\routes\system_routes.py", line 32, in latest_data
    index=services['config'].ELASTIC_INDEX,
KeyError: 'config'
[2025-11-25 14:57:11] [INFO] POST https://localhost:9200/.ml-anomalies-*/_search [status:200 duration:0.164s]
[2025-11-25 14:57:12] [INFO] POST https://localhost:9200/.ml-anomalies-*/_search [status:200 duration:0.261s]
[2025-11-25 14:57:12] [INFO] POST https://localhost:9200/.ml-anomalies-*/_search [status:200 duration:0.090s]
[2025-11-25 14:57:26] [INFO] POST https://localhost:9200/depot_air_qc_data/_search?_source_includes=tds_ppm,%40timestamp [status:200 duration:0.009s]
[2025-11-25 14:57:26] [INFO] [PREDICTION] Filter RUL calculated: 2.6 days
[2025-11-25 14:57:26] [INFO] POST https://localhost:9200/depot_air_qc_data/_search?_source_includes=tds_ppm,kekeruhan_ntu,%40timestamp [status:200 duration:0.049s]
[2025-11-25 14:57:26] [INFO] [PREDICTION] Summary generated successfully
[2025-11-25 14:57:26] [INFO] POST https://localhost:9200/depot_air_qc_data/_search?_source_includes=tds_ppm,%40timestamp [status:200 duration:0.049s]
[2025-11-25 14:57:26] [INFO] [PREDICTION] Forecast generated: 12 points
[2025-11-25 14:57:35] [INFO] HEAD https://localhost:9200/ [status:200 duration:0.002s]
[2025-11-25 14:59:17] [INFO] POST https://localhost:9200/.ml-anomalies-*/_search [status:200 duration:0.066s]
[2025-11-25 14:59:27] [INFO] HEAD https://localhost:9200/ [status:200 duration:0.002s]
[2025-11-25 14:59:27] [WARNING] Task queue depth is 1
[2025-11-25 14:59:27] [INFO] POST https://localhost:9200/.ml-anomalies-*/_search [status:200 duration:0.004s]
[2025-11-25 14:59:27] [INFO] POST https://localhost:9200/.ml-anomalies-*/_search [status:200 duration:0.047s]
[2025-11-25 14:59:27] [ERROR] Exception on /data/latest [GET]
Traceback (most recent call last):
  File "C:\Users\vanguard\AppData\Local\Programs\Python\Python310\lib\site-packages\flask\app.py", line 1463, in wsgi_app
    response = self.full_dispatch_request()
  File "C:\Users\vanguard\AppData\Local\Programs\Python\Python310\lib\site-packages\flask\app.py", line 872, in full_dispatch_request
    rv = self.handle_user_exception(e)
  File "C:\Users\vanguard\AppData\Local\Programs\Python\Python310\lib\site-packages\flask_cors\extension.py", line 176, in wrapped_function
    return cors_after_request(app.make_response(f(*args, **kwargs)))
  File "C:\Users\vanguard\AppData\Local\Programs\Python\Python310\lib\site-packages\flask\app.py", line 870, in full_dispatch_request
    rv = self.dispatch_request()
  File "C:\Users\vanguard\AppData\Local\Programs\Python\Python310\lib\site-packages\flask\app.py", line 855, in dispatch_request
    return self.ensure_sync(self.view_functions[rule.endpoint])(**view_args)  # type: ignore[no-any-return]
  File "C:\Users\vanguard\OneDrive\Documents\Projek_SistemOperasi_backup\backend\src\routes\system_routes.py", line 32, in latest_data
    index=services['config'].ELASTIC_INDEX,
KeyError: 'config'
[2025-11-25 14:59:27] [INFO] POST https://localhost:9200/.ml-anomalies-*/_search [status:200 duration:0.051s]
[2025-11-25 14:59:35] [INFO] POST https://localhost:9200/.ml-anomalies-*/_search [status:200 duration:0.052s]
[2025-11-25 14:59:36] [WARNING] Task queue depth is 1
[2025-11-25 14:59:36] [INFO] POST https://localhost:9200/.ml-anomalies-*/_search [status:200 duration:0.053s]
[2025-11-25 14:59:36] [WARNING] Task queue depth is 1
[2025-11-25 14:59:36] [WARNING] Task queue depth is 2
[2025-11-25 14:59:36] [INFO] POST https://localhost:9200/.ml-anomalies-*/_search [status:200 duration:0.047s]
[2025-11-25 14:59:36] [INFO] POST https://localhost:9200/.ml-anomalies-*/_search [status:200 duration:0.047s]
[2025-11-25 14:59:36] [INFO] HEAD https://localhost:9200/ [status:200 duration:0.004s]
[2025-11-25 14:59:36] [ERROR] Exception on /data/latest [GET]
Traceback (most recent call last):
  File "C:\Users\vanguard\AppData\Local\Programs\Python\Python310\lib\site-packages\flask\app.py", line 1463, in wsgi_app
    response = self.full_dispatch_request()
  File "C:\Users\vanguard\AppData\Local\Programs\Python\Python310\lib\site-packages\flask\app.py", line 872, in full_dispatch_request
    rv = self.handle_user_exception(e)
  File "C:\Users\vanguard\AppData\Local\Programs\Python\Python310\lib\site-packages\flask_cors\extension.py", line 176, in wrapped_function
    return cors_after_request(app.make_response(f(*args, **kwargs)))
  File "C:\Users\vanguard\AppData\Local\Programs\Python\Python310\lib\site-packages\flask\app.py", line 870, in full_dispatch_request
    rv = self.dispatch_request()
  File "C:\Users\vanguard\AppData\Local\Programs\Python\Python310\lib\site-packages\flask\app.py", line 855, in dispatch_request
    return self.ensure_sync(self.view_functions[rule.endpoint])(**view_args)  # type: ignore[no-any-return]
  File "C:\Users\vanguard\OneDrive\Documents\Projek_SistemOperasi_backup\backend\src\routes\system_routes.py", line 32, in latest_data
    index=services['config'].ELASTIC_INDEX,
KeyError: 'config'
[2025-11-25 14:59:42] [INFO] POST https://localhost:9200/depot_air_qc_data/_search?_source_includes=tds_ppm,%40timestamp [status:200 duration:0.055s]
[2025-11-25 14:59:42] [INFO] [PREDICTION] Filter RUL calculated: 2.6 days
[2025-11-25 14:59:42] [INFO] POST https://localhost:9200/depot_air_qc_data/_search?_source_includes=tds_ppm,kekeruhan_ntu,%40timestamp [status:200 duration:0.049s]
[2025-11-25 14:59:42] [INFO] [PREDICTION] Summary generated successfully
[2025-11-25 14:59:43] [INFO] POST https://localhost:9200/depot_air_qc_data/_search?_source_includes=tds_ppm,%40timestamp [status:200 duration:0.054s]
[2025-11-25 14:59:43] [INFO] [PREDICTION] Forecast generated: 12 points
[2025-11-25 14:59:47] [WARNING] Task queue depth is 1
[2025-11-25 14:59:47] [WARNING] Task queue depth is 2
[2025-11-25 14:59:47] [INFO] HEAD https://localhost:9200/ [status:200 duration:0.002s]
[2025-11-25 14:59:47] [WARNING] Task queue depth is 3
[2025-11-25 14:59:47] [INFO] POST https://localhost:9200/depot_air_qc_data/_search?_source_includes=tds_ppm,%40timestamp [status:200 duration:0.050s]
[2025-11-25 14:59:47] [INFO] [PREDICTION] Filter RUL calculated: 2.6 days
[2025-11-25 14:59:47] [WARNING] Task queue depth is 2
[2025-11-25 14:59:47] [INFO] POST https://localhost:9200/.ml-anomalies-*/_search [status:200 duration:0.046s]
[2025-11-25 14:59:47] [INFO] POST https://localhost:9200/.ml-anomalies-*/_search [status:200 duration:0.048s]
[2025-11-25 14:59:47] [ERROR] Exception on /data/latest [GET]
Traceback (most recent call last):
  File "C:\Users\vanguard\AppData\Local\Programs\Python\Python310\lib\site-packages\flask\app.py", line 1463, in wsgi_app
    response = self.full_dispatch_request()
  File "C:\Users\vanguard\AppData\Local\Programs\Python\Python310\lib\site-packages\flask\app.py", line 872, in full_dispatch_request
    rv = self.handle_user_exception(e)
  File "C:\Users\vanguard\AppData\Local\Programs\Python\Python310\lib\site-packages\flask_cors\extension.py", line 176, in wrapped_function
    return cors_after_request(app.make_response(f(*args, **kwargs)))
  File "C:\Users\vanguard\AppData\Local\Programs\Python\Python310\lib\site-packages\flask\app.py", line 870, in full_dispatch_request
    rv = self.dispatch_request()
  File "C:\Users\vanguard\AppData\Local\Programs\Python\Python310\lib\site-packages\flask\app.py", line 855, in dispatch_request
    return self.ensure_sync(self.view_functions[rule.endpoint])(**view_args)  # type: ignore[no-any-return]
  File "C:\Users\vanguard\OneDrive\Documents\Projek_SistemOperasi_backup\backend\src\routes\system_routes.py", line 32, in latest_data
    index=services['config'].ELASTIC_INDEX,
KeyError: 'config'
[2025-11-25 14:59:47] [INFO] POST https://localhost:9200/depot_air_qc_data/_search?_source_includes=tds_ppm,kekeruhan_ntu,%40timestamp [status:200 duration:0.052s]
[2025-11-25 14:59:47] [INFO] [PREDICTION] Summary generated successfully
[2025-11-25 14:59:47] [INFO] POST https://localhost:9200/depot_air_qc_data/_search?_source_includes=tds_ppm,%40timestamp [status:200 duration:0.007s]
[2025-11-25 14:59:47] [INFO] [PREDICTION] Forecast generated: 12 points
[2025-11-25 14:59:53] [INFO] HEAD https://localhost:9200/ [status:200 duration:0.003s]
[2025-11-25 14:59:57] [WARNING] Task queue depth is 1
[2025-11-25 14:59:57] [WARNING] Task queue depth is 2
[2025-11-25 14:59:57] [WARNING] Task queue depth is 3
[2025-11-25 15:00:07] [WARNING] Task queue depth is 4
[2025-11-25 15:00:13] [WARNING] Task queue depth is 5
[2025-11-25 15:00:17] [WARNING] Task queue depth is 6
[2025-11-25 15:00:17] [WARNING] Task queue depth is 7
[2025-11-25 15:00:17] [WARNING] Task queue depth is 8
[2025-11-25 15:00:27] [WARNING] Task queue depth is 9
[2025-11-25 15:00:27] [WARNING] Task queue depth is 10
[2025-11-25 15:00:27] [WARNING] Task queue depth is 11
[2025-11-25 15:00:27] [WARNING] Task queue depth is 12
[2025-11-25 15:00:27] [WARNING] Task queue depth is 13
[2025-11-25 15:00:27] [WARNING] Task queue depth is 14
[2025-11-25 15:00:36] [WARNING] Task queue depth is 15
[2025-11-25 15:00:36] [WARNING] Task queue depth is 16
[2025-11-25 15:00:36] [WARNING] Task queue depth is 17
[2025-11-25 15:00:36] [WARNING] Task queue depth is 18
[2025-11-25 15:00:36] [WARNING] Task queue depth is 19
[2025-11-25 15:00:36] [WARNING] Task queue depth is 20
[2025-11-25 15:00:47] [WARNING] Task queue depth is 21
[2025-11-25 15:00:47] [WARNING] Task queue depth is 22
[2025-11-25 15:00:47] [WARNING] Task queue depth is 23
[2025-11-25 15:00:47] [WARNING] Task queue depth is 24
[2025-11-25 15:00:47] [WARNING] Task queue depth is 25
[2025-11-25 15:00:47] [WARNING] Task queue depth is 26
[2025-11-25 15:00:57] [WARNING] Task queue depth is 27
[2025-11-25 15:00:57] [WARNING] Task queue depth is 28
[2025-11-25 15:00:57] [WARNING] Task queue depth is 29
[2025-11-25 15:00:57] [WARNING] Task queue depth is 30
[2025-11-25 15:00:57] [WARNING] Task queue depth is 31
[2025-11-25 15:00:57] [WARNING] Task queue depth is 32
[2025-11-25 15:01:07] [WARNING] Task queue depth is 33
[2025-11-25 15:01:07] [WARNING] Task queue depth is 34
[2025-11-25 15:01:07] [WARNING] Task queue depth is 35
[2025-11-25 15:01:07] [WARNING] Task queue depth is 36
[2025-11-25 15:01:07] [WARNING] Task queue depth is 37
[2025-11-25 15:01:07] [WARNING] Task queue depth is 38
[2025-11-25 15:01:17] [WARNING] Task queue depth is 39
[2025-11-25 15:01:17] [WARNING] Task queue depth is 40
[2025-11-25 15:01:17] [WARNING] Task queue depth is 41
[2025-11-25 15:01:17] [WARNING] Task queue depth is 42
[2025-11-25 15:01:17] [WARNING] Task queue depth is 43
[2025-11-25 15:01:17] [WARNING] Task queue depth is 44
[2025-11-25 15:01:27] [WARNING] Task queue depth is 45
[2025-11-25 15:01:27] [WARNING] Task queue depth is 46
[2025-11-25 15:01:27] [WARNING] Task queue depth is 47
[2025-11-25 15:01:27] [WARNING] Task queue depth is 48
[2025-11-25 15:01:27] [WARNING] Task queue depth is 49
[2025-11-25 15:01:27] [WARNING] Task queue depth is 50
[2025-11-25 15:01:32] [WARNING] Task queue depth is 51
[2025-11-25 15:01:36] [WARNING] Task queue depth is 52
[2025-11-25 15:01:37] [WARNING] Task queue depth is 53
[2025-11-25 15:01:37] [WARNING] Task queue depth is 54
[2025-11-25 15:01:37] [WARNING] Task queue depth is 55
[2025-11-25 15:01:37] [WARNING] Task queue depth is 56
[2025-11-25 15:01:37] [WARNING] Task queue depth is 57
[2025-11-25 15:01:52] [WARNING] Task queue depth is 58
[2025-11-25 15:01:54] [WARNING] Task queue depth is 59
[2025-11-25 15:01:54] [WARNING] Task queue depth is 60
[2025-11-25 15:01:54] [WARNING] Task queue depth is 61
[2025-11-25 15:01:54] [WARNING] Task queue depth is 62
[2025-11-25 15:01:54] [WARNING] Task queue depth is 63
[2025-11-25 15:01:54] [WARNING] Task queue depth is 64
[2025-11-25 15:01:56] [WARNING] Task queue depth is 65
[2025-11-25 15:01:56] [WARNING] Task queue depth is 66
[2025-11-25 15:01:56] [WARNING] Task queue depth is 67
[2025-11-25 15:01:56] [WARNING] Task queue depth is 68
[2025-11-25 15:01:58] [WARNING] Task queue depth is 69
[2025-11-25 15:02:00] [WARNING] Task queue depth is 70
[2025-11-25 15:02:02] [WARNING] Task queue depth is 71
[2025-11-25 15:02:02] [WARNING] Task queue depth is 72
[2025-11-25 15:02:02] [WARNING] Task queue depth is 73
[2025-11-25 15:02:06] [WARNING] Task queue depth is 74
[2025-11-25 15:02:06] [WARNING] Task queue depth is 75
[2025-11-25 15:02:16] [WARNING] Task queue depth is 76
[2025-11-25 15:02:16] [WARNING] Task queue depth is 77
[2025-11-25 15:02:19] [WARNING] Task queue depth is 78
[2025-11-25 15:02:22] [WARNING] Task queue depth is 79
[2025-11-25 15:02:22] [WARNING] Task queue depth is 80
[2025-11-25 15:02:22] [WARNING] Task queue depth is 81
[2025-11-25 15:02:27] [WARNING] Task queue depth is 82
[2025-11-25 15:02:27] [WARNING] Task queue depth is 83
[2025-11-25 15:02:27] [WARNING] Task queue depth is 84
[2025-11-25 15:02:27] [WARNING] Task queue depth is 85
[2025-11-25 15:02:27] [WARNING] Task queue depth is 86
[2025-11-25 15:02:37] [WARNING] Task queue depth is 87
[2025-11-25 15:02:37] [WARNING] Task queue depth is 88
[2025-11-25 15:02:37] [WARNING] Task queue depth is 89
[2025-11-25 15:02:37] [WARNING] Task queue depth is 90
[2025-11-25 15:02:37] [WARNING] Task queue depth is 91
[2025-11-25 15:02:46] [WARNING] total open connections reached the connection limit, no longer accepting new connections
[2025-11-25 15:02:46] [WARNING] Task queue depth is 92
[2025-11-25 15:02:46] [WARNING] Task queue depth is 93
[2025-11-25 15:02:46] [WARNING] Task queue depth is 94
[2025-11-25 15:04:24] [INFO] [SHUTDOWN] Graceful shutdown initiated...
[2025-11-25 15:04:24] [INFO] [SHUTDOWN] Complete
[2025-11-25 15:04:29] [WARNING] 4 thread(s) still running
[2025-11-25 15:04:29] [WARNING] Canceling 94 pending task(s)
[2025-11-25 15:04:35] [INFO] ======================================================================
[2025-11-25 15:04:35] [INFO] AQUAGUARD MIDDLEWARE SERVER v6.0
[2025-11-25 15:04:35] [INFO] ======================================================================
[2025-11-25 15:04:35] [INFO] [ES] Initializing client for: https://localhost:9200
[2025-11-25 15:04:35] [INFO] [ES] Connecting to https://localhost:9200
[2025-11-25 15:04:35] [INFO] [ES] Using CA cert: http_ca.crt
[2025-11-25 15:04:35] [INFO] HEAD https://localhost:9200/ [status:200 duration:0.016s]
[2025-11-25 15:04:35] [INFO] HEAD https://localhost:9200/depot_air_qc_data [status:200 duration:0.004s]
[2025-11-25 15:04:35] [INFO] POST https://localhost:9200/depot_air_qc_data/_count [status:200 duration:0.004s]
[2025-11-25 15:04:35] [INFO] [ES] Connected — Index 'depot_air_qc_data' contains 809 docs
[2025-11-25 15:04:35] [INFO] [INIT] CSV Exporter enabled
[2025-11-25 15:04:35] [INFO] [INFO] Reports will be saved to: reports
[2025-11-25 15:04:35] [INFO] ======================================================================
[2025-11-25 15:04:35] [INFO] ADAPTIVE BUFFERING SERVICE INITIALIZED
[2025-11-25 15:04:35] [INFO] ======================================================================
[2025-11-25 15:04:35] [INFO] Buffer range: 5-100 docs
[2025-11-25 15:04:35] [INFO] Interval range: 0.5-5.0s
[2025-11-25 15:04:35] [INFO] CSV Export: Enabled
[2025-11-25 15:04:35] [INFO] ======================================================================
[2025-11-25 15:04:35] [INFO] ======================================================================
[2025-11-25 15:04:35] [INFO] ALERT SERVICE INITIALIZED
[2025-11-25 15:04:35] [INFO] ======================================================================
[2025-11-25 15:04:35] [INFO] Alert threshold: 5 anomalies/1h
[2025-11-25 15:04:35] [INFO] Cooldown period: 30 minutes
[2025-11-25 15:04:35] [INFO] CSV Export: Enabled
[2025-11-25 15:04:35] [INFO] ======================================================================
[2025-11-25 15:04:36] [INFO] ======================================================================
[2025-11-25 15:04:36] [INFO] [START] Server starting on 0.0.0.0:5000
[2025-11-25 15:04:36] [INFO] ======================================================================
[2025-11-25 15:04:36] [INFO] Serving on http://0.0.0.0:5000
[2025-11-25 15:05:40] [INFO] HEAD https://localhost:9200/ [status:200 duration:0.003s]
[2025-11-25 15:05:40] [WARNING] Task queue depth is 1
[2025-11-25 15:05:40] [ERROR] Exception on /data/latest [GET]
Traceback (most recent call last):
  File "C:\Users\vanguard\AppData\Local\Programs\Python\Python310\lib\site-packages\flask\app.py", line 1463, in wsgi_app
    response = self.full_dispatch_request()
  File "C:\Users\vanguard\AppData\Local\Programs\Python\Python310\lib\site-packages\flask\app.py", line 872, in full_dispatch_request
    rv = self.handle_user_exception(e)
  File "C:\Users\vanguard\AppData\Local\Programs\Python\Python310\lib\site-packages\flask_cors\extension.py", line 176, in wrapped_function
    return cors_after_request(app.make_response(f(*args, **kwargs)))
  File "C:\Users\vanguard\AppData\Local\Programs\Python\Python310\lib\site-packages\flask\app.py", line 870, in full_dispatch_request
    rv = self.dispatch_request()
  File "C:\Users\vanguard\AppData\Local\Programs\Python\Python310\lib\site-packages\flask\app.py", line 855, in dispatch_request
    return self.ensure_sync(self.view_functions[rule.endpoint])(**view_args)  # type: ignore[no-any-return]
  File "C:\Users\vanguard\OneDrive\Documents\Projek_SistemOperasi_backup\backend\src\routes\system_routes.py", line 32, in latest_data
    Ambil 1 dokumen terbaru dari Elasticsearch dan kembalikan _source mentah.
KeyError: 'config'
[2025-11-25 15:05:40] [INFO] POST https://localhost:9200/.ml-anomalies-*/_search [status:200 duration:0.024s]
[2025-11-25 15:05:40] [INFO] POST https://localhost:9200/.ml-anomalies-*/_search [status:200 duration:0.053s]
[2025-11-25 15:05:40] [INFO] POST https://localhost:9200/.ml-anomalies-*/_search [status:200 duration:0.046s]
[2025-11-25 15:07:56] [INFO] HEAD https://localhost:9200/ [status:200 duration:0.006s]
[2025-11-25 15:07:56] [WARNING] Task queue depth is 1
[2025-11-25 15:07:56] [ERROR] Exception on /data/latest [GET]
Traceback (most recent call last):
  File "C:\Users\vanguard\AppData\Local\Programs\Python\Python310\lib\site-packages\flask\app.py", line 1463, in wsgi_app
    response = self.full_dispatch_request()
  File "C:\Users\vanguard\AppData\Local\Programs\Python\Python310\lib\site-packages\flask\app.py", line 872, in full_dispatch_request
    rv = self.handle_user_exception(e)
  File "C:\Users\vanguard\AppData\Local\Programs\Python\Python310\lib\site-packages\flask_cors\extension.py", line 176, in wrapped_function
    return cors_after_request(app.make_response(f(*args, **kwargs)))
  File "C:\Users\vanguard\AppData\Local\Programs\Python\Python310\lib\site-packages\flask\app.py", line 870, in full_dispatch_request
    rv = self.dispatch_request()
  File "C:\Users\vanguard\AppData\Local\Programs\Python\Python310\lib\site-packages\flask\app.py", line 855, in dispatch_request
    return self.ensure_sync(self.view_functions[rule.endpoint])(**view_args)  # type: ignore[no-any-return]
  File "C:\Users\vanguard\OneDrive\Documents\Projek_SistemOperasi_backup\backend\src\routes\system_routes.py", line 32, in latest_data
    Ambil 1 dokumen terbaru dari Elasticsearch dan kembalikan _source mentah.
KeyError: 'config'
[2025-11-25 15:07:56] [INFO] POST https://localhost:9200/.ml-anomalies-*/_search [status:200 duration:0.048s]
[2025-11-25 15:07:56] [INFO] POST https://localhost:9200/.ml-anomalies-*/_search [status:200 duration:0.046s]
[2025-11-25 15:08:06] [INFO] HEAD https://localhost:9200/ [status:200 duration:0.002s]
[2025-11-25 15:08:06] [ERROR] Exception on /data/latest [GET]
Traceback (most recent call last):
  File "C:\Users\vanguard\AppData\Local\Programs\Python\Python310\lib\site-packages\flask\app.py", line 1463, in wsgi_app
    response = self.full_dispatch_request()
  File "C:\Users\vanguard\AppData\Local\Programs\Python\Python310\lib\site-packages\flask\app.py", line 872, in full_dispatch_request
    rv = self.handle_user_exception(e)
  File "C:\Users\vanguard\AppData\Local\Programs\Python\Python310\lib\site-packages\flask_cors\extension.py", line 176, in wrapped_function
    return cors_after_request(app.make_response(f(*args, **kwargs)))
  File "C:\Users\vanguard\AppData\Local\Programs\Python\Python310\lib\site-packages\flask\app.py", line 870, in full_dispatch_request
    rv = self.dispatch_request()
  File "C:\Users\vanguard\AppData\Local\Programs\Python\Python310\lib\site-packages\flask\app.py", line 855, in dispatch_request
    return self.ensure_sync(self.view_functions[rule.endpoint])(**view_args)  # type: ignore[no-any-return]
  File "C:\Users\vanguard\OneDrive\Documents\Projek_SistemOperasi_backup\backend\src\routes\system_routes.py", line 32, in latest_data
    Ambil 1 dokumen terbaru dari Elasticsearch dan kembalikan _source mentah.
KeyError: 'config'
[2025-11-25 15:08:06] [WARNING] Task queue depth is 1
[2025-11-25 15:08:06] [INFO] POST https://localhost:9200/.ml-anomalies-*/_search [status:200 duration:0.045s]
[2025-11-25 15:08:06] [INFO] POST https://localhost:9200/.ml-anomalies-*/_search [status:200 duration:0.048s]
[2025-11-25 15:08:16] [INFO] HEAD https://localhost:9200/ [status:200 duration:0.003s]
[2025-11-25 15:08:16] [ERROR] Exception on /data/latest [GET]
Traceback (most recent call last):
  File "C:\Users\vanguard\AppData\Local\Programs\Python\Python310\lib\site-packages\flask\app.py", line 1463, in wsgi_app
    response = self.full_dispatch_request()
  File "C:\Users\vanguard\AppData\Local\Programs\Python\Python310\lib\site-packages\flask\app.py", line 872, in full_dispatch_request
    rv = self.handle_user_exception(e)
  File "C:\Users\vanguard\AppData\Local\Programs\Python\Python310\lib\site-packages\flask_cors\extension.py", line 176, in wrapped_function
    return cors_after_request(app.make_response(f(*args, **kwargs)))
  File "C:\Users\vanguard\AppData\Local\Programs\Python\Python310\lib\site-packages\flask\app.py", line 870, in full_dispatch_request
    rv = self.dispatch_request()
  File "C:\Users\vanguard\AppData\Local\Programs\Python\Python310\lib\site-packages\flask\app.py", line 855, in dispatch_request
    return self.ensure_sync(self.view_functions[rule.endpoint])(**view_args)  # type: ignore[no-any-return]
  File "C:\Users\vanguard\OneDrive\Documents\Projek_SistemOperasi_backup\backend\src\routes\system_routes.py", line 32, in latest_data
    Ambil 1 dokumen terbaru dari Elasticsearch dan kembalikan _source mentah.
KeyError: 'config'
[2025-11-25 15:08:16] [INFO] POST https://localhost:9200/.ml-anomalies-*/_search [status:200 duration:0.047s]
[2025-11-25 15:08:16] [INFO] POST https://localhost:9200/.ml-anomalies-*/_search [status:200 duration:0.047s]
[2025-11-25 15:08:26] [INFO] HEAD https://localhost:9200/ [status:200 duration:0.002s]
[2025-11-25 15:08:26] [WARNING] Task queue depth is 1
[2025-11-25 15:08:26] [WARNING] Task queue depth is 1
[2025-11-25 15:08:26] [WARNING] Task queue depth is 2
[2025-11-25 15:08:26] [INFO] POST https://localhost:9200/.ml-anomalies-*/_search [status:200 duration:0.046s]
[2025-11-25 15:08:26] [INFO] POST https://localhost:9200/.ml-anomalies-*/_search [status:200 duration:0.048s]
[2025-11-25 15:08:26] [ERROR] Exception on /data/latest [GET]
Traceback (most recent call last):
  File "C:\Users\vanguard\AppData\Local\Programs\Python\Python310\lib\site-packages\flask\app.py", line 1463, in wsgi_app
    response = self.full_dispatch_request()
  File "C:\Users\vanguard\AppData\Local\Programs\Python\Python310\lib\site-packages\flask\app.py", line 872, in full_dispatch_request
    rv = self.handle_user_exception(e)
  File "C:\Users\vanguard\AppData\Local\Programs\Python\Python310\lib\site-packages\flask_cors\extension.py", line 176, in wrapped_function
    return cors_after_request(app.make_response(f(*args, **kwargs)))
  File "C:\Users\vanguard\AppData\Local\Programs\Python\Python310\lib\site-packages\flask\app.py", line 870, in full_dispatch_request
    rv = self.dispatch_request()
  File "C:\Users\vanguard\AppData\Local\Programs\Python\Python310\lib\site-packages\flask\app.py", line 855, in dispatch_request
    return self.ensure_sync(self.view_functions[rule.endpoint])(**view_args)  # type: ignore[no-any-return]
  File "C:\Users\vanguard\OneDrive\Documents\Projek_SistemOperasi_backup\backend\src\routes\system_routes.py", line 32, in latest_data
    Ambil 1 dokumen terbaru dari Elasticsearch dan kembalikan _source mentah.
KeyError: 'config'
[2025-11-25 15:08:36] [WARNING] Task queue depth is 1
[2025-11-25 15:08:36] [WARNING] Task queue depth is 2
[2025-11-25 15:08:36] [INFO] HEAD https://localhost:9200/ [status:200 duration:0.003s]
[2025-11-25 15:08:36] [WARNING] Task queue depth is 3
[2025-11-25 15:08:36] [ERROR] Exception on /data/latest [GET]
Traceback (most recent call last):
  File "C:\Users\vanguard\AppData\Local\Programs\Python\Python310\lib\site-packages\flask\app.py", line 1463, in wsgi_app
    response = self.full_dispatch_request()
  File "C:\Users\vanguard\AppData\Local\Programs\Python\Python310\lib\site-packages\flask\app.py", line 872, in full_dispatch_request
    rv = self.handle_user_exception(e)
  File "C:\Users\vanguard\AppData\Local\Programs\Python\Python310\lib\site-packages\flask_cors\extension.py", line 176, in wrapped_function
    return cors_after_request(app.make_response(f(*args, **kwargs)))
  File "C:\Users\vanguard\AppData\Local\Programs\Python\Python310\lib\site-packages\flask\app.py", line 870, in full_dispatch_request
    rv = self.dispatch_request()
  File "C:\Users\vanguard\AppData\Local\Programs\Python\Python310\lib\site-packages\flask\app.py", line 855, in dispatch_request
    return self.ensure_sync(self.view_functions[rule.endpoint])(**view_args)  # type: ignore[no-any-return]
  File "C:\Users\vanguard\OneDrive\Documents\Projek_SistemOperasi_backup\backend\src\routes\system_routes.py", line 32, in latest_data
    Ambil 1 dokumen terbaru dari Elasticsearch dan kembalikan _source mentah.
KeyError: 'config'
[2025-11-25 15:08:36] [WARNING] Task queue depth is 1
[2025-11-25 15:08:36] [INFO] POST https://localhost:9200/.ml-anomalies-*/_search [status:200 duration:0.048s]
[2025-11-25 15:08:36] [INFO] POST https://localhost:9200/.ml-anomalies-*/_search [status:200 duration:0.048s]
[2025-11-25 15:08:46] [WARNING] Task queue depth is 1
[2025-11-25 15:08:46] [WARNING] Task queue depth is 2
[2025-11-25 15:08:46] [WARNING] Task queue depth is 3
[2025-11-25 15:08:46] [WARNING] Task queue depth is 4
[2025-11-25 15:08:46] [WARNING] Task queue depth is 5
[2025-11-25 15:08:56] [WARNING] Task queue depth is 6
[2025-11-25 15:09:06] [WARNING] Task queue depth is 7
[2025-11-25 15:09:21] [INFO] [SHUTDOWN] Graceful shutdown initiated...
[2025-11-25 15:09:21] [INFO] [SHUTDOWN] Complete
[2025-11-25 15:09:26] [WARNING] 4 thread(s) still running
[2025-11-25 15:09:26] [WARNING] Canceling 7 pending task(s)
[2025-11-25 15:09:29] [INFO] ======================================================================
[2025-11-25 15:09:29] [INFO] AQUAGUARD MIDDLEWARE SERVER v6.0
[2025-11-25 15:09:29] [INFO] ======================================================================
[2025-11-25 15:09:29] [INFO] [ES] Initializing client for: https://localhost:9200
[2025-11-25 15:09:29] [INFO] [ES] Connecting to https://localhost:9200
[2025-11-25 15:09:29] [INFO] [ES] Using CA cert: http_ca.crt
[2025-11-25 15:09:29] [INFO] HEAD https://localhost:9200/ [status:200 duration:0.018s]
[2025-11-25 15:09:29] [INFO] HEAD https://localhost:9200/depot_air_qc_data [status:200 duration:0.003s]
[2025-11-25 15:09:29] [INFO] POST https://localhost:9200/depot_air_qc_data/_count [status:200 duration:0.003s]
[2025-11-25 15:09:29] [INFO] [ES] Connected — Index 'depot_air_qc_data' contains 809 docs
[2025-11-25 15:09:29] [INFO] [INIT] CSV Exporter enabled
[2025-11-25 15:09:29] [INFO] [INFO] Reports will be saved to: reports
[2025-11-25 15:09:29] [INFO] ======================================================================
[2025-11-25 15:09:29] [INFO] ADAPTIVE BUFFERING SERVICE INITIALIZED
[2025-11-25 15:09:29] [INFO] ======================================================================
[2025-11-25 15:09:29] [INFO] Buffer range: 5-100 docs
[2025-11-25 15:09:29] [INFO] Interval range: 0.5-5.0s
[2025-11-25 15:09:29] [INFO] CSV Export: Enabled
[2025-11-25 15:09:29] [INFO] ======================================================================
[2025-11-25 15:09:29] [INFO] ======================================================================
[2025-11-25 15:09:29] [INFO] ALERT SERVICE INITIALIZED
[2025-11-25 15:09:29] [INFO] ======================================================================
[2025-11-25 15:09:29] [INFO] Alert threshold: 5 anomalies/1h
[2025-11-25 15:09:29] [INFO] Cooldown period: 30 minutes
[2025-11-25 15:09:29] [INFO] CSV Export: Enabled
[2025-11-25 15:09:29] [INFO] ======================================================================
[2025-11-25 15:16:42] [INFO] ======================================================================
[2025-11-25 15:16:42] [INFO] AQUAGUARD MIDDLEWARE SERVER v6.0
[2025-11-25 15:16:42] [INFO] ======================================================================
[2025-11-25 15:16:42] [INFO] [ES] Initializing client for: https://localhost:9200
[2025-11-25 15:16:42] [INFO] [ES] Connecting to https://localhost:9200
[2025-11-25 15:16:42] [INFO] [ES] Using CA cert: http_ca.crt
[2025-11-25 15:16:42] [INFO] HEAD https://localhost:9200/ [status:200 duration:0.016s]
[2025-11-25 15:16:42] [INFO] HEAD https://localhost:9200/depot_air_qc_data [status:200 duration:0.002s]
[2025-11-25 15:16:42] [INFO] POST https://localhost:9200/depot_air_qc_data/_count [status:200 duration:0.003s]
[2025-11-25 15:16:42] [INFO] [ES] Connected — Index 'depot_air_qc_data' contains 809 docs
[2025-11-25 15:16:42] [INFO] [INIT] CSV Exporter enabled
[2025-11-25 15:16:42] [INFO] [INFO] Reports will be saved to: reports
[2025-11-25 15:16:42] [INFO] ======================================================================
[2025-11-25 15:16:42] [INFO] ADAPTIVE BUFFERING SERVICE INITIALIZED
[2025-11-25 15:16:42] [INFO] ======================================================================
[2025-11-25 15:16:42] [INFO] Buffer range: 5-100 docs
[2025-11-25 15:16:42] [INFO] Interval range: 0.5-5.0s
[2025-11-25 15:16:42] [INFO] CSV Export: Enabled
[2025-11-25 15:16:42] [INFO] ======================================================================
[2025-11-25 15:16:42] [INFO] ======================================================================
[2025-11-25 15:16:42] [INFO] ALERT SERVICE INITIALIZED
[2025-11-25 15:16:42] [INFO] ======================================================================
[2025-11-25 15:16:42] [INFO] Alert threshold: 5 anomalies/1h
[2025-11-25 15:16:42] [INFO] Cooldown period: 30 minutes
[2025-11-25 15:16:42] [INFO] CSV Export: Enabled
[2025-11-25 15:16:42] [INFO] ======================================================================
[2025-11-25 15:18:51] [INFO] ======================================================================
[2025-11-25 15:18:51] [INFO] AQUAGUARD MIDDLEWARE SERVER v6.0
[2025-11-25 15:18:51] [INFO] ======================================================================
[2025-11-25 15:18:51] [INFO] [ES] Initializing client for: https://localhost:9200
[2025-11-25 15:18:51] [INFO] [ES] Connecting to https://localhost:9200
[2025-11-25 15:18:51] [INFO] [ES] Using CA cert: http_ca.crt
[2025-11-25 15:18:51] [INFO] HEAD https://localhost:9200/ [status:200 duration:0.020s]
[2025-11-25 15:18:51] [INFO] HEAD https://localhost:9200/depot_air_qc_data [status:200 duration:0.003s]
[2025-11-25 15:18:51] [INFO] POST https://localhost:9200/depot_air_qc_data/_count [status:200 duration:0.005s]
[2025-11-25 15:18:51] [INFO] [ES] Connected — Index 'depot_air_qc_data' contains 809 docs
[2025-11-25 15:18:51] [INFO] [INIT] CSV Exporter enabled
[2025-11-25 15:18:51] [INFO] [INFO] Reports will be saved to: reports
[2025-11-25 15:18:51] [INFO] ======================================================================
[2025-11-25 15:18:51] [INFO] ADAPTIVE BUFFERING SERVICE INITIALIZED
[2025-11-25 15:18:51] [INFO] ======================================================================
[2025-11-25 15:18:51] [INFO] Buffer range: 5-100 docs
[2025-11-25 15:18:51] [INFO] Interval range: 0.5-5.0s
[2025-11-25 15:18:51] [INFO] CSV Export: Enabled
[2025-11-25 15:18:51] [INFO] ======================================================================
[2025-11-25 15:18:51] [INFO] ======================================================================
[2025-11-25 15:18:51] [INFO] ALERT SERVICE INITIALIZED
[2025-11-25 15:18:51] [INFO] ======================================================================
[2025-11-25 15:18:51] [INFO] Alert threshold: 5 anomalies/1h
[2025-11-25 15:18:51] [INFO] Cooldown period: 30 minutes
[2025-11-25 15:18:51] [INFO] CSV Export: Enabled
[2025-11-25 15:18:51] [INFO] ======================================================================
[2025-11-25 15:18:52] [INFO] ======================================================================
[2025-11-25 15:18:52] [INFO] [START] Server starting on 0.0.0.0:5000
[2025-11-25 15:18:52] [INFO] ======================================================================
[2025-11-25 15:18:52] [INFO] Serving on http://0.0.0.0:5000
[2025-11-25 15:19:02] [WARNING] Task queue depth is 1
[2025-11-25 15:19:02] [INFO] HEAD https://localhost:9200/ [status:200 duration:0.028s]
[2025-11-25 15:19:02] [INFO] POST https://localhost:9200/.ml-anomalies-*/_search [status:200 duration:0.034s]
[2025-11-25 15:19:02] [INFO] POST https://localhost:9200/depot_air_qc_data/_search [status:200 duration:0.069s]
[2025-11-25 15:19:02] [INFO] POST https://localhost:9200/.ml-anomalies-*/_search [status:200 duration:0.051s]
[2025-11-25 15:19:02] [INFO] POST https://localhost:9200/depot_air_qc_data/_search [status:200 duration:0.061s]
[2025-11-25 15:19:05] [WARNING] Task queue depth is 1
[2025-11-25 15:19:05] [INFO] HEAD https://localhost:9200/ [status:200 duration:0.003s]
[2025-11-25 15:19:05] [INFO] POST https://localhost:9200/.ml-anomalies-*/_search [status:200 duration:0.047s]
[2025-11-25 15:19:05] [INFO] POST https://localhost:9200/depot_air_qc_data/_search [status:200 duration:0.051s]
[2025-11-25 15:19:05] [INFO] POST https://localhost:9200/depot_air_qc_data/_search [status:200 duration:0.058s]
[2025-11-25 15:19:06] [INFO] POST https://localhost:9200/.ml-anomalies-*/_search [status:200 duration:0.049s]
[2025-11-25 15:19:11] [INFO] POST https://localhost:9200/.ml-anomalies-*/_search [status:200 duration:0.045s]
[2025-11-25 15:19:12] [INFO] POST https://localhost:9200/.ml-anomalies-*/_search [status:200 duration:0.048s]
[2025-11-25 15:19:13] [INFO] POST https://localhost:9200/.ml-anomalies-*/_search [status:200 duration:0.046s]
[2025-11-25 15:19:14] [INFO] POST https://localhost:9200/.ml-anomalies-*/_search [status:200 duration:0.046s]
[2025-11-25 15:19:15] [WARNING] Task queue depth is 1
[2025-11-25 15:19:15] [INFO] HEAD https://localhost:9200/ [status:200 duration:0.003s]
[2025-11-25 15:19:15] [INFO] POST https://localhost:9200/depot_air_qc_data/_search [status:200 duration:0.045s]
[2025-11-25 15:19:15] [INFO] POST https://localhost:9200/.ml-anomalies-*/_search [status:200 duration:0.046s]
[2025-11-25 15:19:15] [INFO] POST https://localhost:9200/.ml-anomalies-*/_search [status:200 duration:0.047s]
[2025-11-25 15:19:16] [INFO] POST https://localhost:9200/.ml-anomalies-*/_search [status:200 duration:0.048s]
[2025-11-25 15:19:16] [INFO] POST https://localhost:9200/.ml-anomalies-*/_search [status:200 duration:0.051s]
[2025-11-25 15:19:17] [INFO] POST https://localhost:9200/.ml-anomalies-*/_search [status:200 duration:0.052s]
[2025-11-25 15:19:17] [INFO] POST https://localhost:9200/.ml-anomalies-*/_search [status:200 duration:0.049s]
[2025-11-25 15:19:18] [INFO] POST https://localhost:9200/depot_air_qc_data/_search?_source_includes=tds_ppm,%40timestamp [status:200 duration:0.048s]
[2025-11-25 15:19:18] [INFO] [PREDICTION] Filter RUL calculated: 2.6 days
[2025-11-25 15:19:18] [INFO] POST https://localhost:9200/depot_air_qc_data/_search?_source_includes=tds_ppm,kekeruhan_ntu,%40timestamp [status:200 duration:0.049s]
[2025-11-25 15:19:18] [INFO] [PREDICTION] Summary generated successfully
[2025-11-25 15:19:18] [INFO] POST https://localhost:9200/depot_air_qc_data/_search?_source_includes=tds_ppm,%40timestamp [status:200 duration:0.046s]
[2025-11-25 15:19:18] [INFO] [PREDICTION] Forecast generated: 12 points
[2025-11-25 15:19:23] [INFO] HEAD https://localhost:9200/ [status:200 duration:0.002s]
[2025-11-25 15:19:24] [INFO] POST https://localhost:9200/depot_air_qc_data/_search [status:200 duration:0.052s]
[2025-11-25 15:19:25] [WARNING] Task queue depth is 1
[2025-11-25 15:19:25] [INFO] HEAD https://localhost:9200/ [status:200 duration:0.003s]
[2025-11-25 15:19:25] [WARNING] Task queue depth is 1
[2025-11-25 15:19:25] [INFO] POST https://localhost:9200/depot_air_qc_data/_search [status:200 duration:0.044s]
[2025-11-25 15:19:25] [INFO] POST https://localhost:9200/.ml-anomalies-*/_search [status:200 duration:0.046s]
[2025-11-25 15:19:26] [INFO] POST https://localhost:9200/.ml-anomalies-*/_search [status:200 duration:0.047s]
[2025-11-25 15:19:26] [INFO] POST https://localhost:9200/depot_air_qc_data/_search [status:200 duration:0.050s]
[2025-11-25 15:19:26] [INFO] POST https://localhost:9200/.ml-anomalies-*/_search [status:200 duration:0.048s]
[2025-11-25 15:19:27] [INFO] POST https://localhost:9200/.ml-anomalies-*/_search [status:200 duration:0.048s]
[2025-11-25 15:19:29] [INFO] POST https://localhost:9200/depot_air_qc_data/_search?_source_includes=tds_ppm,%40timestamp [status:200 duration:0.047s]
[2025-11-25 15:19:29] [INFO] [PREDICTION] Filter RUL calculated: 2.6 days
[2025-11-25 15:19:29] [INFO] POST https://localhost:9200/depot_air_qc_data/_search?_source_includes=tds_ppm,kekeruhan_ntu,%40timestamp [status:200 duration:0.045s]
[2025-11-25 15:19:29] [INFO] [PREDICTION] Summary generated successfully
[2025-11-25 15:19:29] [INFO] POST https://localhost:9200/depot_air_qc_data/_search?_source_includes=tds_ppm,%40timestamp [status:200 duration:0.046s]
[2025-11-25 15:19:29] [INFO] [PREDICTION] Forecast generated: 12 points
[2025-11-25 15:19:32] [INFO] POST https://localhost:9200/.ml-anomalies-*/_search [status:200 duration:0.047s]
[2025-11-25 15:19:35] [INFO] POST https://localhost:9200/depot_air_qc_data/_search [status:200 duration:0.046s]
[2025-11-25 15:19:35] [INFO] HEAD https://localhost:9200/ [status:200 duration:0.003s]
[2025-11-25 15:19:35] [WARNING] Task queue depth is 1
[2025-11-25 15:19:35] [WARNING] Task queue depth is 2
[2025-11-25 15:19:35] [WARNING] Task queue depth is 2
[2025-11-25 15:19:35] [INFO] POST https://localhost:9200/.ml-anomalies-*/_search [status:200 duration:0.045s]
[2025-11-25 15:19:35] [INFO] POST https://localhost:9200/depot_air_qc_data/_search [status:200 duration:0.045s]
[2025-11-25 15:19:36] [INFO] POST https://localhost:9200/.ml-anomalies-*/_search [status:200 duration:0.047s]
[2025-11-25 15:19:36] [INFO] POST https://localhost:9200/depot_air_qc_data/_search [status:200 duration:0.050s]
[2025-11-25 15:19:45] [WARNING] Task queue depth is 1
[2025-11-25 15:19:46] [WARNING] Task queue depth is 2
[2025-11-25 15:19:46] [WARNING] Task queue depth is 3
[2025-11-25 15:19:46] [WARNING] Task queue depth is 4
[2025-11-25 15:19:46] [WARNING] Task queue depth is 5
[2025-11-25 15:19:55] [WARNING] Task queue depth is 6
[2025-11-25 15:20:06] [WARNING] Task queue depth is 7
[2025-11-25 15:20:16] [WARNING] Task queue depth is 8
[2025-11-25 15:20:16] [WARNING] Task queue depth is 9
[2025-11-25 15:20:16] [WARNING] Task queue depth is 10
[2025-11-25 15:20:16] [WARNING] Task queue depth is 11
[2025-11-25 15:20:16] [WARNING] Task queue depth is 12
[2025-11-25 15:20:16] [WARNING] Task queue depth is 13
[2025-11-25 15:20:25] [WARNING] Task queue depth is 14
[2025-11-25 15:20:25] [WARNING] Task queue depth is 15
[2025-11-25 15:20:25] [WARNING] Task queue depth is 16
[2025-11-25 15:20:25] [WARNING] Task queue depth is 17
[2025-11-25 15:20:25] [WARNING] Task queue depth is 18
[2025-11-25 15:20:26] [WARNING] Task queue depth is 19
[2025-11-25 15:20:26] [WARNING] Task queue depth is 20
[2025-11-25 15:20:26] [WARNING] Task queue depth is 21
[2025-11-25 15:20:26] [WARNING] Task queue depth is 22
[2025-11-25 15:20:26] [WARNING] Task queue depth is 23
[2025-11-25 15:20:31] [WARNING] Task queue depth is 24
[2025-11-25 15:20:35] [WARNING] Task queue depth is 25
[2025-11-25 15:20:35] [WARNING] Task queue depth is 26
[2025-11-25 15:20:35] [WARNING] Task queue depth is 27
[2025-11-25 15:20:35] [WARNING] Task queue depth is 28
[2025-11-25 15:20:35] [WARNING] Task queue depth is 29
[2025-11-25 15:20:36] [WARNING] Task queue depth is 30
[2025-11-25 15:20:36] [WARNING] Task queue depth is 31
[2025-11-25 15:20:36] [WARNING] Task queue depth is 32
[2025-11-25 15:20:36] [WARNING] Task queue depth is 33
[2025-11-25 15:20:38] [INFO] [SHUTDOWN] Graceful shutdown initiated...
[2025-11-25 15:20:38] [INFO] [SHUTDOWN] Complete
[2025-11-25 15:20:43] [WARNING] 4 thread(s) still running
[2025-11-25 15:20:43] [WARNING] Canceling 33 pending task(s)
[2025-11-25 15:20:47] [INFO] ======================================================================
[2025-11-25 15:20:47] [INFO] AQUAGUARD MIDDLEWARE SERVER v6.0
[2025-11-25 15:20:47] [INFO] ======================================================================
[2025-11-25 15:20:47] [INFO] [ES] Initializing client for: https://localhost:9200
[2025-11-25 15:20:47] [INFO] [ES] Connecting to https://localhost:9200
[2025-11-25 15:20:47] [INFO] [ES] Using CA cert: http_ca.crt
[2025-11-25 15:20:47] [INFO] HEAD https://localhost:9200/ [status:200 duration:0.015s]
[2025-11-25 15:20:47] [INFO] HEAD https://localhost:9200/depot_air_qc_data [status:200 duration:0.003s]
[2025-11-25 15:20:47] [INFO] POST https://localhost:9200/depot_air_qc_data/_count [status:200 duration:0.003s]
[2025-11-25 15:20:47] [INFO] [ES] Connected — Index 'depot_air_qc_data' contains 809 docs
[2025-11-25 15:20:47] [INFO] [INIT] CSV Exporter enabled
[2025-11-25 15:20:47] [INFO] [INFO] Reports will be saved to: reports
[2025-11-25 15:20:47] [INFO] ======================================================================
[2025-11-25 15:20:47] [INFO] ADAPTIVE BUFFERING SERVICE INITIALIZED
[2025-11-25 15:20:47] [INFO] ======================================================================
[2025-11-25 15:20:47] [INFO] Buffer range: 5-100 docs
[2025-11-25 15:20:47] [INFO] Interval range: 0.5-5.0s
[2025-11-25 15:20:47] [INFO] CSV Export: Enabled
[2025-11-25 15:20:47] [INFO] ======================================================================
[2025-11-25 15:20:47] [INFO] ======================================================================
[2025-11-25 15:20:47] [INFO] ALERT SERVICE INITIALIZED
[2025-11-25 15:20:47] [INFO] ======================================================================
[2025-11-25 15:20:47] [INFO] Alert threshold: 5 anomalies/1h
[2025-11-25 15:20:47] [INFO] Cooldown period: 30 minutes
[2025-11-25 15:20:47] [INFO] CSV Export: Enabled
[2025-11-25 15:20:47] [INFO] ======================================================================
[2025-11-25 15:20:48] [INFO] ======================================================================
[2025-11-25 15:20:48] [INFO] [START] Server starting on 0.0.0.0:5000
[2025-11-25 15:20:48] [INFO] ======================================================================
[2025-11-25 15:20:48] [INFO] Serving on http://0.0.0.0:5000
[2025-11-25 15:20:54] [INFO] HEAD https://localhost:9200/ [status:200 duration:0.008s]
[2025-11-25 15:20:54] [WARNING] Task queue depth is 1
[2025-11-25 15:20:54] [WARNING] Task queue depth is 1
[2025-11-25 15:20:54] [INFO] POST https://localhost:9200/.ml-anomalies-*/_search [status:200 duration:0.062s]
[2025-11-25 15:20:55] [INFO] POST https://localhost:9200/depot_air_qc_data/_search [status:200 duration:0.079s]
[2025-11-25 15:20:55] [INFO] POST https://localhost:9200/.ml-anomalies-*/_search [status:200 duration:0.102s]
[2025-11-25 15:20:55] [INFO] POST https://localhost:9200/.ml-anomalies-*/_search [status:200 duration:0.049s]
[2025-11-25 15:20:55] [INFO] POST https://localhost:9200/depot_air_qc_data/_search [status:200 duration:0.091s]
[2025-11-25 15:21:07] [INFO] POST https://localhost:9200/depot_air_qc_data/_search [status:200 duration:0.007s]
[2025-11-25 15:21:09] [INFO] POST https://localhost:9200/.ml-anomalies-*/_search [status:200 duration:0.047s]
[2025-11-25 15:21:12] [INFO] POST https://localhost:9200/.ml-anomalies-*/_search [status:200 duration:0.048s]
[2025-11-25 15:21:13] [INFO] POST https://localhost:9200/depot_air_qc_data/_search?_source_includes=tds_ppm,%40timestamp [status:200 duration:0.047s]
[2025-11-25 15:21:13] [INFO] [PREDICTION] Filter RUL calculated: 2.6 days
[2025-11-25 15:21:13] [INFO] POST https://localhost:9200/depot_air_qc_data/_search?_source_includes=tds_ppm,kekeruhan_ntu,%40timestamp [status:200 duration:0.049s]
[2025-11-25 15:21:13] [INFO] [PREDICTION] Summary generated successfully
[2025-11-25 15:21:13] [INFO] POST https://localhost:9200/depot_air_qc_data/_search?_source_includes=tds_ppm,%40timestamp [status:200 duration:0.047s]
[2025-11-25 15:21:13] [INFO] [PREDICTION] Forecast generated: 12 points
[2025-11-25 15:21:16] [INFO] HEAD https://localhost:9200/ [status:200 duration:0.003s]
[2025-11-25 15:21:17] [INFO] POST https://localhost:9200/depot_air_qc_data/_search?_source_includes=tds_ppm,%40timestamp [status:200 duration:0.046s]
[2025-11-25 15:21:17] [INFO] [PREDICTION] Filter RUL calculated: 2.6 days
[2025-11-25 15:21:17] [INFO] POST https://localhost:9200/depot_air_qc_data/_search?_source_includes=tds_ppm,kekeruhan_ntu,%40timestamp [status:200 duration:0.047s]
[2025-11-25 15:21:17] [INFO] [PREDICTION] Summary generated successfully
[2025-11-25 15:21:17] [INFO] POST https://localhost:9200/depot_air_qc_data/_search?_source_includes=tds_ppm,%40timestamp [status:200 duration:0.047s]
[2025-11-25 15:21:17] [INFO] [PREDICTION] Forecast generated: 12 points
[2025-11-25 15:21:41] [INFO] POST https://localhost:9200/depot_air_qc_data/_search [status:200 duration:0.046s]
[2025-11-25 15:21:42] [INFO] POST https://localhost:9200/.ml-anomalies-*/_search [status:200 duration:0.045s]
[2025-11-25 15:21:43] [INFO] POST https://localhost:9200/.ml-anomalies-*/_search [status:200 duration:0.045s]
[2025-11-25 15:21:45] [INFO] POST https://localhost:9200/.ml-anomalies-*/_search [status:200 duration:0.045s]
[2025-11-25 15:21:46] [INFO] POST https://localhost:9200/.ml-anomalies-*/_search [status:200 duration:0.047s]
[2025-11-25 15:21:48] [INFO] POST https://localhost:9200/.ml-anomalies-*/_search [status:200 duration:0.046s]
[2025-11-25 15:21:49] [INFO] POST https://localhost:9200/.ml-anomalies-*/_search [status:200 duration:0.051s]
[2025-11-25 15:23:10] [INFO] POST https://localhost:9200/depot_air_qc_data/_search [status:200 duration:0.049s]
[2025-11-25 15:23:10] [INFO] HEAD https://localhost:9200/ [status:200 duration:0.004s]
[2025-11-25 15:23:10] [WARNING] Task queue depth is 1
[2025-11-25 15:23:10] [INFO] POST https://localhost:9200/.ml-anomalies-*/_search [status:200 duration:0.048s]
[2025-11-25 15:23:10] [INFO] POST https://localhost:9200/.ml-anomalies-*/_search [status:200 duration:0.048s]
[2025-11-25 15:23:10] [INFO] POST https://localhost:9200/.ml-anomalies-*/_search [status:200 duration:0.058s]
[2025-11-25 15:23:20] [WARNING] Task queue depth is 1
[2025-11-25 15:23:20] [WARNING] Task queue depth is 2
[2025-11-25 15:23:20] [WARNING] Task queue depth is 3
[2025-11-25 15:23:20] [INFO] HEAD https://localhost:9200/ [status:200 duration:0.002s]
[2025-11-25 15:23:20] [WARNING] Task queue depth is 3
[2025-11-25 15:23:20] [INFO] POST https://localhost:9200/depot_air_qc_data/_search [status:200 duration:0.044s]
[2025-11-25 15:23:20] [INFO] POST https://localhost:9200/.ml-anomalies-*/_search [status:200 duration:0.047s]
[2025-11-25 15:23:20] [INFO] POST https://localhost:9200/.ml-anomalies-*/_search [status:200 duration:0.048s]
[2025-11-25 15:23:20] [INFO] POST https://localhost:9200/.ml-anomalies-*/_search [status:200 duration:0.049s]
[2025-11-25 15:23:30] [WARNING] Task queue depth is 1
[2025-11-25 15:23:30] [WARNING] Task queue depth is 2
[2025-11-25 15:23:30] [WARNING] Task queue depth is 3
[2025-11-25 15:23:30] [WARNING] Task queue depth is 4
[2025-11-25 15:23:30] [WARNING] Task queue depth is 5
[2025-11-25 15:23:40] [WARNING] Task queue depth is 6
[2025-11-25 15:23:40] [WARNING] Task queue depth is 7
[2025-11-25 15:23:40] [WARNING] Task queue depth is 8
[2025-11-25 15:23:40] [WARNING] Task queue depth is 9
[2025-11-25 15:23:40] [WARNING] Task queue depth is 10
[2025-11-25 15:23:50] [WARNING] Task queue depth is 11
[2025-11-25 15:23:50] [WARNING] Task queue depth is 12
[2025-11-25 15:23:50] [WARNING] Task queue depth is 13
[2025-11-25 15:23:50] [WARNING] Task queue depth is 14
[2025-11-25 15:23:50] [WARNING] Task queue depth is 15
[2025-11-25 15:24:00] [WARNING] Task queue depth is 16
[2025-11-25 15:24:00] [WARNING] Task queue depth is 17
[2025-11-25 15:24:00] [WARNING] Task queue depth is 18
[2025-11-25 15:24:00] [WARNING] Task queue depth is 19
[2025-11-25 15:24:00] [WARNING] Task queue depth is 20
[2025-11-25 15:24:16] [WARNING] Task queue depth is 21
[2025-11-25 15:24:16] [WARNING] Task queue depth is 22
[2025-11-25 15:24:16] [WARNING] Task queue depth is 23
[2025-11-25 15:24:16] [WARNING] Task queue depth is 24
[2025-11-25 15:24:16] [WARNING] Task queue depth is 25
[2025-11-25 15:25:16] [WARNING] Task queue depth is 26
[2025-11-25 15:25:16] [WARNING] Task queue depth is 27
[2025-11-25 15:25:16] [WARNING] Task queue depth is 28
[2025-11-25 15:25:16] [WARNING] Task queue depth is 29
[2025-11-25 15:25:16] [WARNING] Task queue depth is 30
[2025-11-25 15:26:16] [WARNING] Task queue depth is 31
[2025-11-25 15:26:16] [WARNING] Task queue depth is 32
[2025-11-25 15:26:16] [WARNING] Task queue depth is 33
[2025-11-25 15:26:16] [WARNING] Task queue depth is 34
[2025-11-25 15:26:16] [WARNING] Task queue depth is 35
[2025-11-25 15:27:16] [WARNING] Task queue depth is 36
[2025-11-25 15:27:16] [WARNING] Task queue depth is 37
[2025-11-25 15:27:16] [WARNING] Task queue depth is 38
[2025-11-25 15:27:16] [WARNING] Task queue depth is 39
[2025-11-25 15:27:16] [WARNING] Task queue depth is 40
[2025-11-25 15:27:34] [WARNING] Task queue depth is 41
[2025-11-25 15:27:34] [WARNING] Task queue depth is 42
[2025-11-25 15:27:34] [WARNING] Task queue depth is 43
[2025-11-25 15:27:34] [WARNING] Task queue depth is 44
[2025-11-25 15:27:34] [WARNING] Task queue depth is 45
[2025-11-25 15:27:35] [WARNING] Task queue depth is 46
[2025-11-25 15:27:39] [WARNING] Task queue depth is 47
[2025-11-25 15:27:39] [WARNING] Task queue depth is 48
[2025-11-25 15:27:39] [WARNING] Task queue depth is 49
[2025-11-25 15:27:39] [WARNING] Task queue depth is 50
[2025-11-25 15:27:39] [WARNING] Task queue depth is 51
[2025-11-25 15:27:43] [INFO] [SHUTDOWN] Graceful shutdown initiated...
[2025-11-25 15:27:43] [INFO] [SHUTDOWN] Complete
[2025-11-25 15:27:48] [WARNING] 4 thread(s) still running
[2025-11-25 15:27:48] [WARNING] Canceling 51 pending task(s)
[2025-11-25 15:27:52] [INFO] ======================================================================
[2025-11-25 15:27:52] [INFO] AQUAGUARD MIDDLEWARE SERVER v6.0
[2025-11-25 15:27:52] [INFO] ======================================================================
[2025-11-25 15:27:52] [INFO] [ES] Initializing client for: https://localhost:9200
[2025-11-25 15:27:52] [INFO] [ES] Connecting to https://localhost:9200
[2025-11-25 15:27:52] [INFO] [ES] Using CA cert: http_ca.crt
[2025-11-25 15:27:52] [INFO] HEAD https://localhost:9200/ [status:200 duration:0.014s]
[2025-11-25 15:27:52] [INFO] HEAD https://localhost:9200/depot_air_qc_data [status:200 duration:0.003s]
[2025-11-25 15:27:52] [INFO] POST https://localhost:9200/depot_air_qc_data/_count [status:200 duration:0.005s]
[2025-11-25 15:27:52] [INFO] [ES] Connected — Index 'depot_air_qc_data' contains 809 docs
[2025-11-25 15:27:52] [INFO] [INIT] CSV Exporter enabled
[2025-11-25 15:27:52] [INFO] [INFO] Reports will be saved to: reports
[2025-11-25 15:27:52] [INFO] ======================================================================
[2025-11-25 15:27:52] [INFO] ADAPTIVE BUFFERING SERVICE INITIALIZED
[2025-11-25 15:27:52] [INFO] ======================================================================
[2025-11-25 15:27:52] [INFO] Buffer range: 5-100 docs
[2025-11-25 15:27:52] [INFO] Interval range: 0.5-5.0s
[2025-11-25 15:27:52] [INFO] CSV Export: Enabled
[2025-11-25 15:27:52] [INFO] ======================================================================
[2025-11-25 15:27:52] [INFO] ======================================================================
[2025-11-25 15:27:52] [INFO] ALERT SERVICE INITIALIZED
[2025-11-25 15:27:52] [INFO] ======================================================================
[2025-11-25 15:27:52] [INFO] Alert threshold: 5 anomalies/1h
[2025-11-25 15:27:52] [INFO] Cooldown period: 30 minutes
[2025-11-25 15:27:52] [INFO] CSV Export: Enabled
[2025-11-25 15:27:52] [INFO] ======================================================================
[2025-11-25 15:27:53] [INFO] ======================================================================
[2025-11-25 15:27:53] [INFO] [START] Server starting on 0.0.0.0:5000
[2025-11-25 15:27:53] [INFO] ======================================================================
[2025-11-25 15:27:53] [INFO] Serving on http://0.0.0.0:5000
[2025-11-25 15:27:54] [INFO] HEAD https://localhost:9200/ [status:200 duration:0.004s]
[2025-11-25 15:27:54] [INFO] HEAD https://localhost:9200/.ml-anomalies-* [status:200 duration:0.012s]
[2025-11-25 15:27:54] [WARNING] Task queue depth is 1
[2025-11-25 15:27:54] [INFO] HEAD https://localhost:9200/.ml-anomalies-* [status:200 duration:0.020s]
[2025-11-25 15:27:54] [INFO] POST https://localhost:9200/.ml-anomalies-*/_search [status:200 duration:0.053s]
[2025-11-25 15:27:54] [INFO] POST https://localhost:9200/depot_air_qc_data/_search [status:200 duration:0.068s]
[2025-11-25 15:27:55] [INFO] POST https://localhost:9200/.ml-anomalies-*/_search [status:200 duration:0.071s]
[2025-11-25 15:27:55] [INFO] POST https://localhost:9200/.ml-anomalies-*/_search [status:200 duration:0.049s]
[2025-11-25 15:27:55] [INFO] POST https://localhost:9200/depot_air_qc_data/_search [status:200 duration:0.047s]
[2025-11-25 15:27:55] [INFO] POST https://localhost:9200/.ml-anomalies-*/_search [status:200 duration:0.048s]
[2025-11-25 15:28:04] [INFO] POST https://localhost:9200/depot_air_qc_data/_search [status:200 duration:0.078s]
[2025-11-25 15:28:05] [INFO] POST https://localhost:9200/.ml-anomalies-*/_search [status:200 duration:0.049s]
[2025-11-25 15:28:07] [INFO] POST https://localhost:9200/.ml-anomalies-*/_search [status:200 duration:0.049s]
[2025-11-25 15:28:09] [INFO] POST https://localhost:9200/.ml-anomalies-*/_search [status:200 duration:0.090s]
[2025-11-25 15:28:11] [INFO] POST https://localhost:9200/.ml-anomalies-*/_search [status:200 duration:0.006s]
[2025-11-25 15:28:12] [INFO] POST https://localhost:9200/.ml-anomalies-*/_search [status:200 duration:0.047s]
[2025-11-25 15:28:16] [INFO] POST https://localhost:9200/.ml-anomalies-*/_search [status:200 duration:0.044s]
[2025-11-25 15:28:18] [INFO] POST https://localhost:9200/.ml-anomalies-*/_search [status:200 duration:0.046s]
[2025-11-25 15:28:21] [INFO] POST https://localhost:9200/.ml-anomalies-*/_search [status:200 duration:0.047s]
[2025-11-25 15:28:26] [INFO] HEAD https://localhost:9200/.ml-anomalies-* [status:200 duration:0.003s]
[2025-11-25 15:28:26] [INFO] POST https://localhost:9200/.ml-anomalies-*/_search [status:200 duration:0.051s]
[2025-11-25 15:28:33] [INFO] POST https://localhost:9200/depot_air_qc_data/_search?_source_includes=tds_ppm,%40timestamp [status:200 duration:0.050s]
[2025-11-25 15:28:33] [INFO] [PREDICTION] Filter RUL calculated: 2.6 days
[2025-11-25 15:28:33] [INFO] POST https://localhost:9200/depot_air_qc_data/_search?_source_includes=tds_ppm,kekeruhan_ntu,%40timestamp [status:200 duration:0.046s]
[2025-11-25 15:28:33] [INFO] [PREDICTION] Summary generated successfully
[2025-11-25 15:28:33] [INFO] POST https://localhost:9200/depot_air_qc_data/_search?_source_includes=tds_ppm,%40timestamp [status:200 duration:0.046s]
[2025-11-25 15:28:33] [INFO] [PREDICTION] Forecast generated: 12 points
[2025-11-25 15:29:51] [INFO] HEAD https://localhost:9200/ [status:200 duration:0.003s]
[2025-11-25 15:29:51] [WARNING] Task queue depth is 1
[2025-11-25 15:29:51] [INFO] HEAD https://localhost:9200/.ml-anomalies-* [status:200 duration:0.003s]
[2025-11-25 15:29:51] [WARNING] Task queue depth is 2
[2025-11-25 15:29:51] [INFO] POST https://localhost:9200/depot_air_qc_data/_search [status:200 duration:0.048s]
[2025-11-25 15:29:51] [INFO] POST https://localhost:9200/.ml-anomalies-*/_search [status:200 duration:0.047s]
[2025-11-25 15:29:51] [INFO] HEAD https://localhost:9200/.ml-anomalies-* [status:200 duration:0.003s]
[2025-11-25 15:29:51] [INFO] POST https://localhost:9200/depot_air_qc_data/_search [status:200 duration:0.047s]
[2025-11-25 15:29:51] [INFO] POST https://localhost:9200/.ml-anomalies-*/_search [status:200 duration:0.048s]
[2025-11-25 15:29:51] [INFO] POST https://localhost:9200/.ml-anomalies-*/_search [status:200 duration:0.046s]
[2025-11-25 15:29:51] [INFO] POST https://localhost:9200/.ml-anomalies-*/_search [status:200 duration:0.048s]
[2025-11-25 15:29:53] [INFO] POST https://localhost:9200/depot_air_qc_data/_search [status:200 duration:0.048s]
[2025-11-25 15:29:56] [INFO] HEAD https://localhost:9200/ [status:200 duration:0.002s]
[2025-11-25 15:32:06] [WARNING] Task queue depth is 1
[2025-11-25 15:32:06] [WARNING] Task queue depth is 2
[2025-11-25 15:32:06] [INFO] HEAD https://localhost:9200/.ml-anomalies-* [status:200 duration:0.003s]
[2025-11-25 15:32:06] [WARNING] Task queue depth is 3
[2025-11-25 15:32:06] [INFO] POST https://localhost:9200/.ml-anomalies-*/_search [status:200 duration:0.046s]
[2025-11-25 15:32:06] [INFO] POST https://localhost:9200/.ml-anomalies-*/_search [status:200 duration:0.044s]
[2025-11-25 15:32:06] [INFO] POST https://localhost:9200/.ml-anomalies-*/_search [status:200 duration:0.048s]
[2025-11-25 15:32:16] [WARNING] Task queue depth is 3
[2025-11-25 15:32:26] [WARNING] Task queue depth is 4
[2025-11-25 15:32:26] [WARNING] Task queue depth is 5
[2025-11-25 15:32:36] [WARNING] Task queue depth is 6
[2025-11-25 15:32:36] [WARNING] Task queue depth is 7
[2025-11-25 15:32:36] [WARNING] Task queue depth is 8
[2025-11-25 15:32:36] [WARNING] Task queue depth is 9
[2025-11-25 15:32:36] [WARNING] Task queue depth is 10
[2025-11-25 15:32:46] [WARNING] Task queue depth is 11
[2025-11-25 15:32:46] [WARNING] Task queue depth is 12
[2025-11-25 15:32:46] [WARNING] Task queue depth is 13
[2025-11-25 15:32:46] [WARNING] Task queue depth is 14
[2025-11-25 15:32:46] [WARNING] Task queue depth is 15
[2025-11-25 15:32:46] [WARNING] Task queue depth is 16
[2025-11-25 15:32:56] [WARNING] Task queue depth is 17
[2025-11-25 15:32:56] [WARNING] Task queue depth is 18
[2025-11-25 15:32:56] [WARNING] Task queue depth is 19
[2025-11-25 15:32:56] [WARNING] Task queue depth is 20
[2025-11-25 15:32:56] [WARNING] Task queue depth is 21
[2025-11-25 15:32:56] [WARNING] Task queue depth is 22
[2025-11-25 15:33:06] [WARNING] Task queue depth is 23
[2025-11-25 15:33:06] [WARNING] Task queue depth is 24
[2025-11-25 15:33:06] [WARNING] Task queue depth is 25
[2025-11-25 15:33:06] [WARNING] Task queue depth is 26
[2025-11-25 15:33:06] [WARNING] Task queue depth is 27
[2025-11-25 15:33:06] [WARNING] Task queue depth is 28
[2025-11-25 15:33:16] [WARNING] Task queue depth is 29
[2025-11-25 15:33:16] [WARNING] Task queue depth is 30
[2025-11-25 15:33:16] [WARNING] Task queue depth is 31
[2025-11-25 15:33:16] [WARNING] Task queue depth is 32
[2025-11-25 15:33:16] [WARNING] Task queue depth is 33
[2025-11-25 15:33:16] [WARNING] Task queue depth is 34
[2025-11-25 15:33:33] [INFO] [SHUTDOWN] Graceful shutdown initiated...
[2025-11-25 15:33:33] [INFO] [SHUTDOWN] Complete
[2025-11-25 15:33:38] [WARNING] 4 thread(s) still running
[2025-11-25 15:33:38] [WARNING] Canceling 34 pending task(s)
[2025-11-25 15:33:42] [INFO] ======================================================================
[2025-11-25 15:33:42] [INFO] AQUAGUARD MIDDLEWARE SERVER v6.0
[2025-11-25 15:33:42] [INFO] ======================================================================
[2025-11-25 15:33:42] [INFO] [ES] Initializing client for: https://localhost:9200
[2025-11-25 15:33:42] [INFO] [ES] Connecting to https://localhost:9200
[2025-11-25 15:33:42] [INFO] [ES] Using CA cert: http_ca.crt
[2025-11-25 15:33:42] [INFO] HEAD https://localhost:9200/ [status:200 duration:0.010s]
[2025-11-25 15:33:42] [INFO] HEAD https://localhost:9200/depot_air_qc_data [status:200 duration:0.002s]
[2025-11-25 15:33:42] [INFO] POST https://localhost:9200/depot_air_qc_data/_count [status:200 duration:0.003s]
[2025-11-25 15:33:42] [INFO] [ES] Connected — Index 'depot_air_qc_data' contains 809 docs
[2025-11-25 15:33:42] [INFO] [INIT] CSV Exporter enabled
[2025-11-25 15:33:42] [INFO] [INFO] Reports will be saved to: reports
[2025-11-25 15:33:42] [INFO] ======================================================================
[2025-11-25 15:33:42] [INFO] ADAPTIVE BUFFERING SERVICE INITIALIZED
[2025-11-25 15:33:42] [INFO] ======================================================================
[2025-11-25 15:33:42] [INFO] Buffer range: 5-100 docs
[2025-11-25 15:33:42] [INFO] Interval range: 0.5-5.0s
[2025-11-25 15:33:42] [INFO] CSV Export: Enabled
[2025-11-25 15:33:42] [INFO] ======================================================================
[2025-11-25 15:33:42] [INFO] ======================================================================
[2025-11-25 15:33:42] [INFO] ALERT SERVICE INITIALIZED
[2025-11-25 15:33:42] [INFO] ======================================================================
[2025-11-25 15:33:42] [INFO] Alert threshold: 5 anomalies/1h
[2025-11-25 15:33:42] [INFO] Cooldown period: 30 minutes
[2025-11-25 15:33:42] [INFO] CSV Export: Enabled
[2025-11-25 15:33:42] [INFO] ======================================================================
[2025-11-25 15:33:43] [INFO] ======================================================================
[2025-11-25 15:33:43] [INFO] [START] Server starting on 0.0.0.0:5000
[2025-11-25 15:33:43] [INFO] ======================================================================
[2025-11-25 15:33:43] [INFO] Serving on http://0.0.0.0:5000
[2025-11-25 15:33:46] [INFO] HEAD https://localhost:9200/.ml-anomalies-* [status:200 duration:0.003s]
[2025-11-25 15:33:46] [INFO] HEAD https://localhost:9200/ [status:200 duration:0.012s]
[2025-11-25 15:33:46] [INFO] POST https://localhost:9200/depot_air_qc_data/_search [status:200 duration:0.016s]
[2025-11-25 15:33:46] [INFO] HEAD https://localhost:9200/ [status:200 duration:0.001s]
[2025-11-25 15:33:46] [INFO] POST https://localhost:9200/.ml-anomalies-*/_search [status:200 duration:0.044s]
[2025-11-25 15:33:46] [INFO] POST https://localhost:9200/.ml-anomalies-*/_search [status:200 duration:0.047s]
[2025-11-25 15:33:46] [INFO] POST https://localhost:9200/.ml-anomalies-*/_search [status:200 duration:0.049s]
[2025-11-25 15:33:56] [INFO] HEAD https://localhost:9200/ [status:200 duration:0.004s]
[2025-11-25 15:33:56] [INFO] HEAD https://localhost:9200/.ml-anomalies-* [status:200 duration:0.003s]
[2025-11-25 15:33:56] [INFO] HEAD https://localhost:9200/ [status:200 duration:0.001s]
[2025-11-25 15:33:56] [INFO] POST https://localhost:9200/depot_air_qc_data/_search [status:200 duration:0.044s]
[2025-11-25 15:33:56] [INFO] POST https://localhost:9200/.ml-anomalies-*/_search [status:200 duration:0.044s]
[2025-11-25 15:33:56] [INFO] POST https://localhost:9200/.ml-anomalies-*/_search [status:200 duration:0.045s]
[2025-11-25 15:33:56] [INFO] POST https://localhost:9200/.ml-anomalies-*/_search [status:200 duration:0.044s]
[2025-11-25 15:33:56] [INFO] HEAD https://localhost:9200/.ml-anomalies-* [status:200 duration:0.003s]
[2025-11-25 15:33:56] [WARNING] Task queue depth is 1
[2025-11-25 15:33:56] [WARNING] Task queue depth is 2
[2025-11-25 15:33:56] [WARNING] Task queue depth is 3
[2025-11-25 15:33:56] [WARNING] Task queue depth is 4
[2025-11-25 15:33:56] [INFO] POST https://localhost:9200/depot_air_qc_data/_search [status:200 duration:0.048s]
[2025-11-25 15:33:56] [INFO] HEAD https://localhost:9200/.ml-anomalies-* [status:200 duration:0.002s]
[2025-11-25 15:33:56] [INFO] POST https://localhost:9200/.ml-anomalies-*/_search [status:200 duration:0.047s]
[2025-11-25 15:33:56] [INFO] POST https://localhost:9200/.ml-anomalies-*/_search [status:200 duration:0.044s]
[2025-11-25 15:33:56] [INFO] POST https://localhost:9200/.ml-anomalies-*/_search [status:200 duration:0.052s]
[2025-11-25 15:33:56] [INFO] POST https://localhost:9200/.ml-anomalies-*/_search [status:200 duration:0.045s]
[2025-11-25 15:33:56] [INFO] HEAD https://localhost:9200/ [status:200 duration:0.002s]
[2025-11-25 15:33:56] [INFO] POST https://localhost:9200/depot_air_qc_data/_search [status:200 duration:0.049s]
[2025-11-25 15:33:59] [INFO] POST https://localhost:9200/depot_air_qc_data/_search?_source_includes=tds_ppm,%40timestamp [status:200 duration:0.046s]
[2025-11-25 15:33:59] [INFO] [PREDICTION] Filter RUL calculated: 2.6 days
[2025-11-25 15:33:59] [INFO] POST https://localhost:9200/depot_air_qc_data/_search?_source_includes=tds_ppm,kekeruhan_ntu,%40timestamp [status:200 duration:0.045s]
[2025-11-25 15:33:59] [INFO] [PREDICTION] Summary generated successfully
[2025-11-25 15:33:59] [INFO] POST https://localhost:9200/depot_air_qc_data/_search?_source_includes=tds_ppm,%40timestamp [status:200 duration:0.053s]
[2025-11-25 15:33:59] [INFO] [PREDICTION] Forecast generated: 12 points
[2025-11-25 15:34:00] [INFO] HEAD https://localhost:9200/ [status:200 duration:0.002s]
[2025-11-25 15:34:01] [INFO] POST https://localhost:9200/depot_air_qc_data/_search?_source_includes=tds_ppm,%40timestamp [status:200 duration:0.046s]
[2025-11-25 15:34:01] [INFO] [PREDICTION] Filter RUL calculated: 2.6 days
[2025-11-25 15:34:01] [INFO] POST https://localhost:9200/depot_air_qc_data/_search?_source_includes=tds_ppm,kekeruhan_ntu,%40timestamp [status:200 duration:0.047s]
[2025-11-25 15:34:01] [INFO] [PREDICTION] Summary generated successfully
[2025-11-25 15:34:01] [INFO] POST https://localhost:9200/depot_air_qc_data/_search?_source_includes=tds_ppm,%40timestamp [status:200 duration:0.048s]
[2025-11-25 15:34:01] [INFO] [PREDICTION] Forecast generated: 12 points
[2025-11-25 15:34:06] [INFO] [SHUTDOWN] Graceful shutdown initiated...
[2025-11-25 15:34:06] [INFO] [SHUTDOWN] Complete
[2025-11-25 15:34:11] [WARNING] 3 thread(s) still running
[2025-11-25 15:34:15] [INFO] ======================================================================
[2025-11-25 15:34:15] [INFO] AQUAGUARD MIDDLEWARE SERVER v6.0
[2025-11-25 15:34:15] [INFO] ======================================================================
[2025-11-25 15:34:15] [INFO] [ES] Initializing client for: https://localhost:9200
[2025-11-25 15:34:15] [INFO] [ES] Connecting to https://localhost:9200
[2025-11-25 15:34:15] [INFO] [ES] Using CA cert: http_ca.crt
[2025-11-25 15:34:15] [INFO] HEAD https://localhost:9200/ [status:200 duration:0.010s]
[2025-11-25 15:34:15] [INFO] HEAD https://localhost:9200/depot_air_qc_data [status:200 duration:0.002s]
[2025-11-25 15:34:15] [INFO] POST https://localhost:9200/depot_air_qc_data/_count [status:200 duration:0.002s]
[2025-11-25 15:34:15] [INFO] [ES] Connected — Index 'depot_air_qc_data' contains 809 docs
[2025-11-25 15:34:15] [INFO] [INIT] CSV Exporter enabled
[2025-11-25 15:34:15] [INFO] [INFO] Reports will be saved to: reports
[2025-11-25 15:34:15] [INFO] ======================================================================
[2025-11-25 15:34:15] [INFO] ADAPTIVE BUFFERING SERVICE INITIALIZED
[2025-11-25 15:34:15] [INFO] ======================================================================
[2025-11-25 15:34:15] [INFO] Buffer range: 5-100 docs
[2025-11-25 15:34:15] [INFO] Interval range: 0.5-5.0s
[2025-11-25 15:34:15] [INFO] CSV Export: Enabled
[2025-11-25 15:34:15] [INFO] ======================================================================
[2025-11-25 15:34:15] [INFO] ======================================================================
[2025-11-25 15:34:15] [INFO] ALERT SERVICE INITIALIZED
[2025-11-25 15:34:15] [INFO] ======================================================================
[2025-11-25 15:34:15] [INFO] Alert threshold: 5 anomalies/1h
[2025-11-25 15:34:15] [INFO] Cooldown period: 30 minutes
[2025-11-25 15:34:15] [INFO] CSV Export: Enabled
[2025-11-25 15:34:15] [INFO] ======================================================================
[2025-11-25 15:34:16] [INFO] ======================================================================
[2025-11-25 15:34:16] [INFO] [START] Server starting on 0.0.0.0:5000
[2025-11-25 15:34:16] [INFO] ======================================================================
[2025-11-25 15:34:16] [INFO] Serving on http://0.0.0.0:5000
[2025-11-25 15:34:21] [WARNING] Task queue depth is 1
[2025-11-25 15:34:21] [INFO] HEAD https://localhost:9200/ [status:200 duration:0.009s]
[2025-11-25 15:34:21] [INFO] POST https://localhost:9200/depot_air_qc_data/_search [status:200 duration:0.012s]
[2025-11-25 15:34:21] [INFO] HEAD https://localhost:9200/.ml-anomalies-* [status:200 duration:0.012s]
[2025-11-25 15:34:21] [INFO] POST https://localhost:9200/depot_air_qc_data/_search?_source_includes=tds_ppm,%40timestamp [status:200 duration:0.046s]
[2025-11-25 15:34:21] [INFO] [PREDICTION] Filter RUL calculated: 2.6 days
[2025-11-25 15:34:21] [INFO] POST https://localhost:9200/.ml-anomalies-*/_search [status:200 duration:0.045s]
[2025-11-25 15:34:21] [INFO] POST https://localhost:9200/.ml-anomalies-*/_search [status:200 duration:0.044s]
[2025-11-25 15:34:21] [INFO] POST https://localhost:9200/depot_air_qc_data/_search?_source_includes=tds_ppm,kekeruhan_ntu,%40timestamp [status:200 duration:0.046s]
[2025-11-25 15:34:21] [INFO] [PREDICTION] Summary generated successfully
[2025-11-25 15:34:22] [INFO] POST https://localhost:9200/.ml-anomalies-*/_search [status:200 duration:0.046s]
[2025-11-25 15:34:22] [INFO] POST https://localhost:9200/depot_air_qc_data/_search?_source_includes=tds_ppm,%40timestamp [status:200 duration:0.047s]
[2025-11-25 15:34:22] [INFO] [PREDICTION] Forecast generated: 12 points
[2025-11-25 15:34:31] [INFO] HEAD https://localhost:9200/ [status:200 duration:0.002s]
[2025-11-25 15:34:31] [WARNING] Task queue depth is 1
[2025-11-25 15:34:31] [INFO] HEAD https://localhost:9200/.ml-anomalies-* [status:200 duration:0.002s]
[2025-11-25 15:34:31] [INFO] POST https://localhost:9200/depot_air_qc_data/_search [status:200 duration:0.045s]
[2025-11-25 15:34:31] [INFO] POST https://localhost:9200/.ml-anomalies-*/_search [status:200 duration:0.046s]
[2025-11-25 15:34:31] [INFO] POST https://localhost:9200/depot_air_qc_data/_search?_source_includes=tds_ppm,%40timestamp [status:200 duration:0.047s]
[2025-11-25 15:34:31] [INFO] [PREDICTION] Filter RUL calculated: 2.6 days
[2025-11-25 15:34:31] [INFO] POST https://localhost:9200/.ml-anomalies-*/_search [status:200 duration:0.043s]
[2025-11-25 15:34:31] [INFO] POST https://localhost:9200/depot_air_qc_data/_search?_source_includes=tds_ppm,kekeruhan_ntu,%40timestamp [status:200 duration:0.047s]
[2025-11-25 15:34:31] [INFO] [PREDICTION] Summary generated successfully
[2025-11-25 15:34:32] [INFO] POST https://localhost:9200/.ml-anomalies-*/_search [status:200 duration:0.045s]
[2025-11-25 15:34:32] [INFO] POST https://localhost:9200/depot_air_qc_data/_search?_source_includes=tds_ppm,%40timestamp [status:200 duration:0.045s]
[2025-11-25 15:34:32] [INFO] [PREDICTION] Forecast generated: 12 points
[2025-11-25 15:34:35] [INFO] [SHUTDOWN] Graceful shutdown initiated...
[2025-11-25 15:34:35] [INFO] [SHUTDOWN] Complete
[2025-11-25 15:34:40] [WARNING] 1 thread(s) still running
[2025-11-25 15:35:04] [INFO] ======================================================================
[2025-11-25 15:35:04] [INFO] AQUAGUARD MIDDLEWARE SERVER v6.0
[2025-11-25 15:35:04] [INFO] ======================================================================
[2025-11-25 15:35:04] [INFO] [ES] Initializing client for: https://localhost:9200
[2025-11-25 15:35:04] [INFO] [ES] Connecting to https://localhost:9200
[2025-11-25 15:35:04] [INFO] [ES] Using CA cert: http_ca.crt
[2025-11-25 15:35:04] [INFO] HEAD https://localhost:9200/ [status:200 duration:0.010s]
[2025-11-25 15:35:04] [INFO] HEAD https://localhost:9200/depot_air_qc_data [status:200 duration:0.001s]
[2025-11-25 15:35:04] [INFO] POST https://localhost:9200/depot_air_qc_data/_count [status:200 duration:0.002s]
[2025-11-25 15:35:04] [INFO] [ES] Connected — Index 'depot_air_qc_data' contains 809 docs
[2025-11-25 15:35:04] [INFO] [INIT] CSV Exporter enabled
[2025-11-25 15:35:04] [INFO] [INFO] Reports will be saved to: reports
[2025-11-25 15:35:04] [INFO] ======================================================================
[2025-11-25 15:35:04] [INFO] ADAPTIVE BUFFERING SERVICE INITIALIZED
[2025-11-25 15:35:04] [INFO] ======================================================================
[2025-11-25 15:35:04] [INFO] Buffer range: 5-100 docs
[2025-11-25 15:35:04] [INFO] Interval range: 0.5-5.0s
[2025-11-25 15:35:04] [INFO] CSV Export: Enabled
[2025-11-25 15:35:04] [INFO] ======================================================================
[2025-11-25 15:35:04] [INFO] ======================================================================
[2025-11-25 15:35:04] [INFO] ALERT SERVICE INITIALIZED
[2025-11-25 15:35:04] [INFO] ======================================================================
[2025-11-25 15:35:04] [INFO] Alert threshold: 5 anomalies/1h
[2025-11-25 15:35:04] [INFO] Cooldown period: 30 minutes
[2025-11-25 15:35:04] [INFO] CSV Export: Enabled
[2025-11-25 15:35:04] [INFO] ======================================================================
[2025-11-25 15:35:05] [INFO] ======================================================================
[2025-11-25 15:35:05] [INFO] [START] Server starting on 0.0.0.0:5000
[2025-11-25 15:35:05] [INFO] ======================================================================
[2025-11-25 15:35:05] [INFO] Serving on http://0.0.0.0:5000
[2025-11-25 15:35:11] [WARNING] Task queue depth is 1
[2025-11-25 15:35:11] [INFO] HEAD https://localhost:9200/ [status:200 duration:0.008s]
[2025-11-25 15:35:11] [INFO] POST https://localhost:9200/depot_air_qc_data/_search?_source_includes=tds_ppm,%40timestamp [status:200 duration:0.011s]
[2025-11-25 15:35:11] [INFO] [PREDICTION] Filter RUL calculated: 2.6 days
[2025-11-25 15:35:11] [INFO] HEAD https://localhost:9200/.ml-anomalies-* [status:200 duration:0.003s]
[2025-11-25 15:35:11] [INFO] POST https://localhost:9200/depot_air_qc_data/_search [status:200 duration:0.046s]
[2025-11-25 15:35:11] [INFO] POST https://localhost:9200/.ml-anomalies-*/_search [status:200 duration:0.043s]
[2025-11-25 15:35:11] [INFO] POST https://localhost:9200/depot_air_qc_data/_search?_source_includes=tds_ppm,kekeruhan_ntu,%40timestamp [status:200 duration:0.046s]
[2025-11-25 15:35:11] [INFO] [PREDICTION] Summary generated successfully
[2025-11-25 15:35:11] [INFO] POST https://localhost:9200/.ml-anomalies-*/_search [status:200 duration:0.043s]
[2025-11-25 15:35:12] [INFO] POST https://localhost:9200/.ml-anomalies-*/_search [status:200 duration:0.043s]
[2025-11-25 15:35:12] [INFO] POST https://localhost:9200/depot_air_qc_data/_search?_source_includes=tds_ppm,%40timestamp [status:200 duration:0.048s]
[2025-11-25 15:35:12] [INFO] [PREDICTION] Forecast generated: 12 points
[2025-11-25 15:35:21] [WARNING] Task queue depth is 1
[2025-11-25 15:35:21] [INFO] HEAD https://localhost:9200/ [status:200 duration:0.004s]
[2025-11-25 15:35:21] [INFO] HEAD https://localhost:9200/.ml-anomalies-* [status:200 duration:0.003s]
[2025-11-25 15:35:21] [INFO] POST https://localhost:9200/.ml-anomalies-*/_search [status:200 duration:0.042s]
[2025-11-25 15:35:21] [INFO] POST https://localhost:9200/depot_air_qc_data/_search [status:200 duration:0.047s]
[2025-11-25 15:35:21] [INFO] POST https://localhost:9200/depot_air_qc_data/_search?_source_includes=tds_ppm,%40timestamp [status:200 duration:0.050s]
[2025-11-25 15:35:21] [INFO] [PREDICTION] Filter RUL calculated: 2.6 days
[2025-11-25 15:35:21] [INFO] POST https://localhost:9200/.ml-anomalies-*/_search [status:200 duration:0.043s]
[2025-11-25 15:35:21] [INFO] POST https://localhost:9200/depot_air_qc_data/_search?_source_includes=tds_ppm,kekeruhan_ntu,%40timestamp [status:200 duration:0.046s]
[2025-11-25 15:35:21] [INFO] [PREDICTION] Summary generated successfully
[2025-11-25 15:35:21] [INFO] POST https://localhost:9200/.ml-anomalies-*/_search [status:200 duration:0.048s]
[2025-11-25 15:35:22] [INFO] POST https://localhost:9200/depot_air_qc_data/_search?_source_includes=tds_ppm,%40timestamp [status:200 duration:0.045s]
[2025-11-25 15:35:22] [INFO] [PREDICTION] Forecast generated: 12 points
[2025-11-25 15:35:31] [INFO] HEAD https://localhost:9200/ [status:200 duration:0.003s]
[2025-11-25 15:35:31] [WARNING] Task queue depth is 1
[2025-11-25 15:35:31] [INFO] HEAD https://localhost:9200/.ml-anomalies-* [status:200 duration:0.003s]
[2025-11-25 15:35:31] [INFO] POST https://localhost:9200/depot_air_qc_data/_search [status:200 duration:0.047s]
[2025-11-25 15:35:31] [INFO] POST https://localhost:9200/.ml-anomalies-*/_search [status:200 duration:0.045s]
[2025-11-25 15:35:31] [INFO] POST https://localhost:9200/depot_air_qc_data/_search?_source_includes=tds_ppm,%40timestamp [status:200 duration:0.046s]
[2025-11-25 15:35:31] [INFO] [PREDICTION] Filter RUL calculated: 2.6 days
[2025-11-25 15:35:31] [INFO] POST https://localhost:9200/.ml-anomalies-*/_search [status:200 duration:0.045s]
[2025-11-25 15:35:31] [INFO] POST https://localhost:9200/depot_air_qc_data/_search?_source_includes=tds_ppm,kekeruhan_ntu,%40timestamp [status:200 duration:0.046s]
[2025-11-25 15:35:31] [INFO] [PREDICTION] Summary generated successfully
[2025-11-25 15:35:32] [INFO] POST https://localhost:9200/.ml-anomalies-*/_search [status:200 duration:0.043s]
[2025-11-25 15:35:32] [INFO] POST https://localhost:9200/depot_air_qc_data/_search?_source_includes=tds_ppm,%40timestamp [status:200 duration:0.044s]
[2025-11-25 15:35:32] [INFO] [PREDICTION] Forecast generated: 12 points
[2025-11-25 15:35:41] [WARNING] Task queue depth is 1
[2025-11-25 15:35:41] [INFO] HEAD https://localhost:9200/ [status:200 duration:0.003s]
[2025-11-25 15:35:41] [WARNING] Task queue depth is 1
[2025-11-25 15:35:41] [INFO] HEAD https://localhost:9200/.ml-anomalies-* [status:200 duration:0.002s]
[2025-11-25 15:35:41] [INFO] POST https://localhost:9200/.ml-anomalies-*/_search [status:200 duration:0.043s]
[2025-11-25 15:35:41] [INFO] POST https://localhost:9200/depot_air_qc_data/_search?_source_includes=tds_ppm,%40timestamp [status:200 duration:0.048s]
[2025-11-25 15:35:41] [INFO] [PREDICTION] Filter RUL calculated: 2.6 days
[2025-11-25 15:35:41] [WARNING] Task queue depth is 1
[2025-11-25 15:35:41] [INFO] POST https://localhost:9200/.ml-anomalies-*/_search [status:200 duration:0.043s]
[2025-11-25 15:35:41] [INFO] POST https://localhost:9200/depot_air_qc_data/_search [status:200 duration:0.046s]
[2025-11-25 15:35:42] [INFO] POST https://localhost:9200/.ml-anomalies-*/_search [status:200 duration:0.044s]
[2025-11-25 15:35:42] [INFO] POST https://localhost:9200/depot_air_qc_data/_search?_source_includes=tds_ppm,kekeruhan_ntu,%40timestamp [status:200 duration:0.046s]
[2025-11-25 15:35:42] [INFO] [PREDICTION] Summary generated successfully
[2025-11-25 15:35:42] [INFO] POST https://localhost:9200/depot_air_qc_data/_search?_source_includes=tds_ppm,%40timestamp [status:200 duration:0.050s]
[2025-11-25 15:35:42] [INFO] [PREDICTION] Forecast generated: 12 points
[2025-11-25 15:35:52] [INFO] HEAD https://localhost:9200/ [status:200 duration:0.002s]
[2025-11-25 15:35:52] [WARNING] Task queue depth is 1
[2025-11-25 15:35:52] [WARNING] Task queue depth is 2
[2025-11-25 15:35:52] [WARNING] Task queue depth is 2
[2025-11-25 15:35:52] [INFO] HEAD https://localhost:9200/.ml-anomalies-* [status:200 duration:0.002s]
[2025-11-25 15:35:52] [INFO] POST https://localhost:9200/.ml-anomalies-*/_search [status:200 duration:0.047s]
[2025-11-25 15:35:52] [INFO] POST https://localhost:9200/.ml-anomalies-*/_search [status:200 duration:0.043s]
[2025-11-25 15:35:52] [INFO] POST https://localhost:9200/.ml-anomalies-*/_search [status:200 duration:0.044s]
[2025-11-25 15:35:52] [INFO] POST https://localhost:9200/depot_air_qc_data/_search [status:200 duration:0.047s]
[2025-11-25 15:35:52] [INFO] POST https://localhost:9200/depot_air_qc_data/_search?_source_includes=tds_ppm,%40timestamp [status:200 duration:0.048s]
[2025-11-25 15:35:52] [INFO] [PREDICTION] Filter RUL calculated: 2.6 days
[2025-11-25 15:35:52] [INFO] POST https://localhost:9200/depot_air_qc_data/_search?_source_includes=tds_ppm,kekeruhan_ntu,%40timestamp [status:200 duration:0.048s]
[2025-11-25 15:35:52] [INFO] [PREDICTION] Summary generated successfully
[2025-11-25 15:35:52] [INFO] POST https://localhost:9200/depot_air_qc_data/_search?_source_includes=tds_ppm,%40timestamp [status:200 duration:0.047s]
[2025-11-25 15:35:52] [INFO] [PREDICTION] Forecast generated: 12 points
[2025-11-25 15:36:02] [WARNING] Task queue depth is 1
[2025-11-25 15:36:02] [WARNING] Task queue depth is 2
[2025-11-25 15:36:02] [WARNING] Task queue depth is 3
[2025-11-25 15:36:02] [WARNING] Task queue depth is 4
[2025-11-25 15:36:12] [WARNING] Task queue depth is 5
[2025-11-25 15:36:22] [WARNING] Task queue depth is 6
[2025-11-25 15:36:32] [WARNING] Task queue depth is 7
[2025-11-25 15:36:32] [WARNING] Task queue depth is 8
[2025-11-25 15:36:32] [WARNING] Task queue depth is 9
[2025-11-25 15:36:32] [WARNING] Task queue depth is 10
[2025-11-25 15:36:32] [WARNING] Task queue depth is 11
[2025-11-25 15:36:42] [WARNING] Task queue depth is 12
[2025-11-25 15:36:42] [WARNING] Task queue depth is 13
[2025-11-25 15:36:42] [WARNING] Task queue depth is 14
[2025-11-25 15:36:42] [WARNING] Task queue depth is 15
[2025-11-25 15:36:42] [WARNING] Task queue depth is 16
[2025-11-25 15:36:52] [WARNING] Task queue depth is 17
[2025-11-25 15:36:52] [WARNING] Task queue depth is 18
[2025-11-25 15:36:52] [WARNING] Task queue depth is 19
[2025-11-25 15:36:52] [WARNING] Task queue depth is 20
[2025-11-25 15:36:52] [WARNING] Task queue depth is 21
[2025-11-25 15:36:55] [INFO] [SHUTDOWN] Graceful shutdown initiated...
[2025-11-25 15:36:55] [INFO] [SHUTDOWN] Complete
[2025-11-25 15:37:00] [WARNING] 4 thread(s) still running
[2025-11-25 15:37:00] [WARNING] Canceling 21 pending task(s)
[2025-11-25 15:37:05] [INFO] ======================================================================
[2025-11-25 15:37:05] [INFO] AQUAGUARD MIDDLEWARE SERVER v6.0
[2025-11-25 15:37:05] [INFO] ======================================================================
[2025-11-25 15:37:05] [INFO] [ES] Initializing client for: https://localhost:9200
[2025-11-25 15:37:05] [INFO] [ES] Connecting to https://localhost:9200
[2025-11-25 15:37:05] [INFO] [ES] Using CA cert: http_ca.crt
[2025-11-25 15:37:05] [INFO] HEAD https://localhost:9200/ [status:200 duration:0.012s]
[2025-11-25 15:37:05] [INFO] HEAD https://localhost:9200/depot_air_qc_data [status:200 duration:0.004s]
[2025-11-25 15:37:05] [INFO] POST https://localhost:9200/depot_air_qc_data/_count [status:200 duration:0.002s]
[2025-11-25 15:37:05] [INFO] [ES] Connected â€” Index 'depot_air_qc_data' contains 809 docs
[2025-11-25 15:37:05] [INFO] [INIT] CSV Exporter enabled
[2025-11-25 15:37:05] [INFO] [INFO] Reports will be saved to: reports
[2025-11-25 15:37:05] [INFO] âœ“ Background workers started
[2025-11-25 15:37:05] [INFO] ======================================================================
[2025-11-25 15:37:05] [INFO] ADAPTIVE BUFFERING SERVICE INITIALIZED
[2025-11-25 15:37:05] [INFO] ======================================================================
[2025-11-25 15:37:05] [INFO] Buffer range: 5-100 docs
[2025-11-25 15:37:05] [INFO] Interval range: 0.5-5.0s
[2025-11-25 15:37:05] [INFO] CSV Export: Enabled
[2025-11-25 15:37:05] [INFO] ======================================================================
[2025-11-25 15:37:05] [INFO] âœ“ Alert monitoring worker started
[2025-11-25 15:37:05] [INFO] ======================================================================
[2025-11-25 15:37:05] [INFO] ALERT SERVICE INITIALIZED
[2025-11-25 15:37:05] [INFO] ======================================================================
[2025-11-25 15:37:05] [INFO] Alert threshold: 5 anomalies/1h
[2025-11-25 15:37:05] [INFO] Cooldown period: 30 minutes
[2025-11-25 15:37:05] [INFO] CSV Export: Enabled
[2025-11-25 15:37:05] [INFO] ======================================================================
[2025-11-25 15:37:07] [INFO] ======================================================================
[2025-11-25 15:37:07] [INFO] [START] Server starting on 0.0.0.0:5000
[2025-11-25 15:37:07] [INFO] ======================================================================
[2025-11-25 15:37:07] [INFO] Serving on http://0.0.0.0:5000
[2025-11-25 15:37:16] [WARNING] Task queue depth is 1
[2025-11-25 15:37:16] [INFO] HEAD https://localhost:9200/.ml-anomalies-* [status:200 duration:0.012s]
[2025-11-25 15:37:16] [INFO] POST https://localhost:9200/depot_air_qc_data/_search [status:200 duration:0.013s]
[2025-11-25 15:37:16] [INFO] HEAD https://localhost:9200/ [status:200 duration:0.002s]
[2025-11-25 15:37:16] [INFO] POST https://localhost:9200/depot_air_qc_data/_search?_source_includes=tds_ppm,%40timestamp [status:200 duration:0.045s]
[2025-11-25 15:37:16] [INFO] [PREDICTION] Filter RUL calculated: 2.6 days
[2025-11-25 15:37:16] [INFO] POST https://localhost:9200/.ml-anomalies-*/_search [status:200 duration:0.048s]
[2025-11-25 15:37:16] [INFO] POST https://localhost:9200/.ml-anomalies-*/_search [status:200 duration:0.043s]
[2025-11-25 15:37:16] [INFO] POST https://localhost:9200/depot_air_qc_data/_search?_source_includes=tds_ppm,kekeruhan_ntu,%40timestamp [status:200 duration:0.048s]
[2025-11-25 15:37:16] [INFO] [PREDICTION] Summary generated successfully
[2025-11-25 15:37:16] [INFO] POST https://localhost:9200/.ml-anomalies-*/_search [status:200 duration:0.043s]
[2025-11-25 15:37:16] [INFO] POST https://localhost:9200/depot_air_qc_data/_search?_source_includes=tds_ppm,%40timestamp [status:200 duration:0.048s]
[2025-11-25 15:37:16] [INFO] [PREDICTION] Forecast generated: 12 points
[2025-11-25 15:37:21] [WARNING] Task queue depth is 1
[2025-11-25 15:37:21] [INFO] HEAD https://localhost:9200/ [status:200 duration:0.003s]
[2025-11-25 15:37:21] [INFO] HEAD https://localhost:9200/.ml-anomalies-* [status:200 duration:0.003s]
[2025-11-25 15:37:21] [INFO] POST https://localhost:9200/depot_air_qc_data/_search [status:200 duration:0.045s]
[2025-11-25 15:37:21] [INFO] POST https://localhost:9200/.ml-anomalies-*/_search [status:200 duration:0.046s]
[2025-11-25 15:37:21] [INFO] POST https://localhost:9200/depot_air_qc_data/_search?_source_includes=tds_ppm,%40timestamp [status:200 duration:0.047s]
[2025-11-25 15:37:21] [INFO] [PREDICTION] Filter RUL calculated: 2.6 days
[2025-11-25 15:37:21] [INFO] POST https://localhost:9200/.ml-anomalies-*/_search [status:200 duration:0.044s]
[2025-11-25 15:37:21] [INFO] POST https://localhost:9200/depot_air_qc_data/_search?_source_includes=tds_ppm,kekeruhan_ntu,%40timestamp [status:200 duration:0.048s]
[2025-11-25 15:37:21] [INFO] [PREDICTION] Summary generated successfully
[2025-11-25 15:37:22] [INFO] POST https://localhost:9200/.ml-anomalies-*/_search [status:200 duration:0.046s]
[2025-11-25 15:37:22] [INFO] POST https://localhost:9200/depot_air_qc_data/_search?_source_includes=tds_ppm,%40timestamp [status:200 duration:0.047s]
[2025-11-25 15:37:22] [INFO] [PREDICTION] Forecast generated: 12 points
[2025-11-25 15:37:22] [WARNING] Task queue depth is 1
[2025-11-25 15:37:22] [INFO] HEAD https://localhost:9200/ [status:200 duration:0.003s]
[2025-11-25 15:37:22] [INFO] HEAD https://localhost:9200/.ml-anomalies-* [status:200 duration:0.005s]
[2025-11-25 15:37:22] [WARNING] Task queue depth is 1
[2025-11-25 15:37:22] [INFO] HEAD https://localhost:9200/.ml-anomalies-* [status:200 duration:0.004s]
[2025-11-25 15:37:22] [WARNING] Task queue depth is 2
[2025-11-25 15:37:22] [INFO] POST https://localhost:9200/.ml-anomalies-*/_search [status:200 duration:0.048s]
[2025-11-25 15:37:22] [INFO] POST https://localhost:9200/.ml-anomalies-*/_search [status:200 duration:0.046s]
[2025-11-25 15:37:22] [INFO] POST https://localhost:9200/depot_air_qc_data/_search [status:200 duration:0.043s]
[2025-11-25 15:37:22] [INFO] POST https://localhost:9200/.ml-anomalies-*/_search [status:200 duration:0.043s]
[2025-11-25 15:37:22] [INFO] POST https://localhost:9200/.ml-anomalies-*/_search [status:200 duration:0.047s]
[2025-11-25 15:37:22] [INFO] POST https://localhost:9200/depot_air_qc_data/_search [status:200 duration:0.048s]
[2025-11-25 15:37:25] [INFO] POST https://localhost:9200/depot_air_qc_data/_search [status:200 duration:0.045s]
[2025-11-25 15:37:30] [INFO] POST https://localhost:9200/.ml-anomalies-*/_search [status:200 duration:0.045s]
[2025-11-25 15:37:31] [INFO] POST https://localhost:9200/depot_air_qc_data/_search [status:200 duration:0.047s]
[2025-11-25 15:37:34] [INFO] POST https://localhost:9200/depot_air_qc_data/_search [status:200 duration:0.048s]
[2025-11-25 15:37:41] [INFO] POST https://localhost:9200/depot_air_qc_data/_search [status:200 duration:0.047s]
[2025-11-25 15:37:50] [INFO] HEAD https://localhost:9200/.ml-anomalies-* [status:200 duration:0.002s]
[2025-11-25 15:37:50] [INFO] POST https://localhost:9200/.ml-anomalies-*/_search [status:200 duration:0.047s]
[2025-11-25 15:37:54] [INFO] POST https://localhost:9200/.ml-anomalies-*/_search [status:200 duration:0.045s]
[2025-11-25 15:37:54] [INFO] POST https://localhost:9200/.ml-anomalies-*/_search [status:200 duration:0.048s]
[2025-11-25 15:37:57] [INFO] POST https://localhost:9200/.ml-anomalies-*/_search [status:200 duration:0.049s]
[2025-11-25 15:38:00] [INFO] POST https://localhost:9200/.ml-anomalies-*/_search [status:200 duration:0.044s]
[2025-11-25 15:38:01] [INFO] POST https://localhost:9200/depot_air_qc_data/_search?_source_includes=tds_ppm,%40timestamp [status:200 duration:0.045s]
[2025-11-25 15:38:01] [INFO] [PREDICTION] Filter RUL calculated: 2.5 days
[2025-11-25 15:38:01] [INFO] POST https://localhost:9200/depot_air_qc_data/_search?_source_includes=tds_ppm,kekeruhan_ntu,%40timestamp [status:200 duration:0.046s]
[2025-11-25 15:38:01] [INFO] [PREDICTION] Summary generated successfully
[2025-11-25 15:38:01] [INFO] POST https://localhost:9200/depot_air_qc_data/_search?_source_includes=tds_ppm,%40timestamp [status:200 duration:0.045s]
[2025-11-25 15:38:01] [INFO] [PREDICTION] Forecast generated: 12 points
[2025-11-25 15:38:05] [INFO] HEAD https://localhost:9200/ [status:200 duration:0.002s]
[2025-11-25 15:39:28] [INFO] POST https://localhost:9200/depot_air_qc_data/_search?_source_includes=tds_ppm,%40timestamp [status:200 duration:0.046s]
[2025-11-25 15:39:28] [INFO] [PREDICTION] Filter RUL calculated: 2.5 days
[2025-11-25 15:39:28] [INFO] POST https://localhost:9200/depot_air_qc_data/_search?_source_includes=tds_ppm,kekeruhan_ntu,%40timestamp [status:200 duration:0.048s]
[2025-11-25 15:39:28] [INFO] [PREDICTION] Summary generated successfully
[2025-11-25 15:39:28] [INFO] POST https://localhost:9200/depot_air_qc_data/_search?_source_includes=tds_ppm,%40timestamp [status:200 duration:0.047s]
[2025-11-25 15:39:28] [INFO] [PREDICTION] Forecast generated: 12 points
[2025-11-25 15:39:37] [INFO] HEAD https://localhost:9200/ [status:200 duration:0.002s]
[2025-11-25 15:39:37] [WARNING] Task queue depth is 1
[2025-11-25 15:39:37] [WARNING] Task queue depth is 2
[2025-11-25 15:39:37] [WARNING] Task queue depth is 3
[2025-11-25 15:39:37] [INFO] POST https://localhost:9200/depot_air_qc_data/_search?_source_includes=tds_ppm,%40timestamp [status:200 duration:0.045s]
[2025-11-25 15:39:37] [INFO] [PREDICTION] Filter RUL calculated: 2.5 days
[2025-11-25 15:39:37] [WARNING] Task queue depth is 3
[2025-11-25 15:39:47] [WARNING] Task queue depth is 4
[2025-11-25 15:39:47] [WARNING] Task queue depth is 5
[2025-11-25 15:40:07] [WARNING] Task queue depth is 6
[2025-11-25 15:40:07] [WARNING] Task queue depth is 7
[2025-11-25 15:40:07] [WARNING] Task queue depth is 8
[2025-11-25 15:40:17] [WARNING] Task queue depth is 9
[2025-11-25 15:40:17] [WARNING] Task queue depth is 10
[2025-11-25 15:40:17] [WARNING] Task queue depth is 11
[2025-11-25 15:40:17] [WARNING] Task queue depth is 12
[2025-11-25 15:40:17] [WARNING] Task queue depth is 13
[2025-11-25 15:40:27] [WARNING] Task queue depth is 14
[2025-11-25 15:40:27] [WARNING] Task queue depth is 15
[2025-11-25 15:40:27] [WARNING] Task queue depth is 16
[2025-11-25 15:40:27] [WARNING] Task queue depth is 17
[2025-11-25 15:40:27] [WARNING] Task queue depth is 18
[2025-11-25 15:40:35] [WARNING] Task queue depth is 19
[2025-11-25 15:40:36] [WARNING] Task queue depth is 20
[2025-11-25 15:40:37] [WARNING] Task queue depth is 21
[2025-11-25 15:40:37] [WARNING] Task queue depth is 22
[2025-11-25 15:40:37] [WARNING] Task queue depth is 23
[2025-11-25 15:40:37] [WARNING] Task queue depth is 24
[2025-11-25 15:40:37] [WARNING] Task queue depth is 25
[2025-11-25 15:40:45] [WARNING] Task queue depth is 26
[2025-11-25 15:40:45] [WARNING] Task queue depth is 27
[2025-11-25 15:40:47] [WARNING] Task queue depth is 28
[2025-11-25 15:40:47] [WARNING] Task queue depth is 29
[2025-11-25 15:40:47] [WARNING] Task queue depth is 30
[2025-11-25 15:40:47] [WARNING] Task queue depth is 31
[2025-11-25 15:40:47] [WARNING] Task queue depth is 32
[2025-11-25 15:40:47] [WARNING] Task queue depth is 33
[2025-11-25 15:40:57] [WARNING] Task queue depth is 34
[2025-11-25 15:40:57] [WARNING] Task queue depth is 35
[2025-11-25 15:40:57] [WARNING] Task queue depth is 36
[2025-11-25 15:40:57] [WARNING] Task queue depth is 37
[2025-11-25 15:40:57] [WARNING] Task queue depth is 38
[2025-11-25 15:41:07] [WARNING] Task queue depth is 39
[2025-11-25 15:41:07] [WARNING] Task queue depth is 40
[2025-11-25 15:41:07] [WARNING] Task queue depth is 41
[2025-11-25 15:41:07] [WARNING] Task queue depth is 42
[2025-11-25 15:41:07] [WARNING] Task queue depth is 43
[2025-11-25 15:41:17] [WARNING] Task queue depth is 44
[2025-11-25 15:41:17] [WARNING] Task queue depth is 45
[2025-11-25 15:41:17] [WARNING] Task queue depth is 46
[2025-11-25 15:41:17] [WARNING] Task queue depth is 47
[2025-11-25 15:41:17] [WARNING] Task queue depth is 48
[2025-11-25 15:41:24] [WARNING] Task queue depth is 49
[2025-11-25 15:41:24] [WARNING] Task queue depth is 50
[2025-11-25 15:41:27] [WARNING] Task queue depth is 51
[2025-11-25 15:41:27] [WARNING] Task queue depth is 52
[2025-11-25 15:41:27] [WARNING] Task queue depth is 53
[2025-11-25 15:41:27] [WARNING] Task queue depth is 54
[2025-11-25 15:41:27] [WARNING] Task queue depth is 55
[2025-11-25 15:41:27] [WARNING] Task queue depth is 56
[2025-11-25 15:41:37] [WARNING] Task queue depth is 57
[2025-11-25 15:41:37] [WARNING] Task queue depth is 58
[2025-11-25 15:41:37] [WARNING] Task queue depth is 59
[2025-11-25 15:41:37] [WARNING] Task queue depth is 60
[2025-11-25 15:41:37] [WARNING] Task queue depth is 61
[2025-11-25 15:41:37] [WARNING] Task queue depth is 62
[2025-11-25 15:41:42] [WARNING] Task queue depth is 63
[2025-11-25 15:41:42] [WARNING] Task queue depth is 64
[2025-11-25 15:41:42] [WARNING] Task queue depth is 65
[2025-11-25 15:41:47] [WARNING] Task queue depth is 66
[2025-11-25 15:41:47] [WARNING] Task queue depth is 67
[2025-11-25 15:41:52] [WARNING] Task queue depth is 68
[2025-11-25 15:42:02] [WARNING] Task queue depth is 69
[2025-11-25 15:42:02] [WARNING] Task queue depth is 70
[2025-11-25 15:42:02] [WARNING] Task queue depth is 71
[2025-11-25 15:42:02] [WARNING] Task queue depth is 72
[2025-11-25 15:42:03] [WARNING] Task queue depth is 73
[2025-11-25 15:42:07] [WARNING] Task queue depth is 74
[2025-11-25 15:42:07] [WARNING] Task queue depth is 75
[2025-11-25 15:42:07] [WARNING] Task queue depth is 76
[2025-11-25 15:42:07] [WARNING] Task queue depth is 77
[2025-11-25 15:42:12] [WARNING] Task queue depth is 78
[2025-11-25 15:42:12] [WARNING] Task queue depth is 79
[2025-11-25 15:42:12] [WARNING] Task queue depth is 80
[2025-11-25 15:42:17] [WARNING] Task queue depth is 81
[2025-11-25 15:42:17] [WARNING] Task queue depth is 82
[2025-11-25 15:42:17] [WARNING] Task queue depth is 83
[2025-11-25 15:42:17] [WARNING] Task queue depth is 84
[2025-11-25 15:42:17] [WARNING] Task queue depth is 85
[2025-11-25 15:42:17] [WARNING] Task queue depth is 86
[2025-11-25 15:42:27] [WARNING] Task queue depth is 87
[2025-11-25 15:42:27] [WARNING] Task queue depth is 88
[2025-11-25 15:42:27] [WARNING] Task queue depth is 89
[2025-11-25 15:42:27] [WARNING] Task queue depth is 90
[2025-11-25 15:42:27] [WARNING] Task queue depth is 91
[2025-11-25 15:42:27] [WARNING] Task queue depth is 92
[2025-11-25 15:42:37] [WARNING] Task queue depth is 93
[2025-11-25 15:42:37] [WARNING] total open connections reached the connection limit, no longer accepting new connections
[2025-11-25 15:42:37] [WARNING] Task queue depth is 94
[2025-11-25 15:44:41] [INFO] [SHUTDOWN] Graceful shutdown initiated...
[2025-11-25 15:44:41] [INFO] [SHUTDOWN] Complete
[2025-11-25 15:44:46] [WARNING] 4 thread(s) still running
[2025-11-25 15:44:46] [WARNING] Canceling 94 pending task(s)
[2025-11-25 15:44:48] [INFO] ======================================================================
[2025-11-25 15:44:48] [INFO] AQUAGUARD MIDDLEWARE SERVER v6.0
[2025-11-25 15:44:48] [INFO] ======================================================================
[2025-11-25 15:44:48] [INFO] [ES] Initializing client for: https://localhost:9200
[2025-11-25 15:44:48] [INFO] [ES] Connecting to https://localhost:9200
[2025-11-25 15:44:48] [INFO] [ES] Using CA cert: http_ca.crt
[2025-11-25 15:44:48] [INFO] HEAD https://localhost:9200/ [status:200 duration:0.012s]
[2025-11-25 15:44:48] [INFO] HEAD https://localhost:9200/depot_air_qc_data [status:200 duration:0.003s]
[2025-11-25 15:44:48] [INFO] POST https://localhost:9200/depot_air_qc_data/_count [status:200 duration:0.003s]
[2025-11-25 15:44:48] [INFO] [ES] Connected â€” Index 'depot_air_qc_data' contains 809 docs
[2025-11-25 15:44:48] [INFO] [INIT] CSV Exporter enabled
[2025-11-25 15:44:48] [INFO] [INFO] Reports will be saved to: reports
[2025-11-25 15:44:48] [INFO] âœ“ Background workers started
[2025-11-25 15:44:48] [INFO] ======================================================================
[2025-11-25 15:44:48] [INFO] ADAPTIVE BUFFERING SERVICE INITIALIZED
[2025-11-25 15:44:48] [INFO] ======================================================================
[2025-11-25 15:44:48] [INFO] Buffer range: 5-100 docs
[2025-11-25 15:44:48] [INFO] Interval range: 0.5-5.0s
[2025-11-25 15:44:48] [INFO] CSV Export: Enabled
[2025-11-25 15:44:48] [INFO] ======================================================================
[2025-11-25 15:44:48] [INFO] âœ“ Alert monitoring worker started
[2025-11-25 15:44:48] [INFO] ======================================================================
[2025-11-25 15:44:48] [INFO] ALERT SERVICE INITIALIZED
[2025-11-25 15:44:48] [INFO] ======================================================================
[2025-11-25 15:44:48] [INFO] Alert threshold: 5 anomalies/1h
[2025-11-25 15:44:48] [INFO] Cooldown period: 30 minutes
[2025-11-25 15:44:48] [INFO] CSV Export: Enabled
[2025-11-25 15:44:48] [INFO] ======================================================================
[2025-11-25 15:46:38] [INFO] ======================================================================
[2025-11-25 15:46:38] [INFO] AQUAGUARD MIDDLEWARE SERVER v6.0
[2025-11-25 15:46:38] [INFO] ======================================================================
[2025-11-25 15:46:38] [INFO] [ES] Initializing client for: https://localhost:9200
[2025-11-25 15:46:38] [INFO] [ES] Connecting to https://localhost:9200
[2025-11-25 15:46:38] [INFO] [ES] Using CA cert: http_ca.crt
[2025-11-25 15:46:38] [INFO] HEAD https://localhost:9200/ [status:200 duration:0.013s]
[2025-11-25 15:46:38] [INFO] HEAD https://localhost:9200/depot_air_qc_data [status:200 duration:0.003s]
[2025-11-25 15:46:38] [INFO] POST https://localhost:9200/depot_air_qc_data/_count [status:200 duration:0.004s]
[2025-11-25 15:46:38] [INFO] [ES] Connected â€” Index 'depot_air_qc_data' contains 809 docs
[2025-11-25 15:46:38] [INFO] [INIT] CSV Exporter enabled
[2025-11-25 15:46:38] [INFO] [INFO] Reports will be saved to: reports
[2025-11-25 15:46:38] [INFO] âœ“ Background workers started
[2025-11-25 15:46:38] [INFO] ======================================================================
[2025-11-25 15:46:38] [INFO] ADAPTIVE BUFFERING SERVICE INITIALIZED
[2025-11-25 15:46:38] [INFO] ======================================================================
[2025-11-25 15:46:38] [INFO] Buffer range: 5-100 docs
[2025-11-25 15:46:38] [INFO] Interval range: 0.5-5.0s
[2025-11-25 15:46:38] [INFO] CSV Export: Enabled
[2025-11-25 15:46:38] [INFO] ======================================================================
[2025-11-25 15:46:38] [INFO] âœ“ Alert monitoring worker started
[2025-11-25 15:46:38] [INFO] ======================================================================
[2025-11-25 15:46:38] [INFO] ALERT SERVICE INITIALIZED
[2025-11-25 15:46:38] [INFO] ======================================================================
[2025-11-25 15:46:38] [INFO] Alert threshold: 5 anomalies/1h
[2025-11-25 15:46:38] [INFO] Cooldown period: 30 minutes
[2025-11-25 15:46:38] [INFO] CSV Export: Enabled
[2025-11-25 15:46:38] [INFO] ======================================================================
[2025-11-25 15:46:39] [INFO] ======================================================================
[2025-11-25 15:46:39] [INFO] [START] Server starting on 0.0.0.0:5000
[2025-11-25 15:46:39] [INFO] ======================================================================
[2025-11-25 15:46:39] [INFO] Serving on http://0.0.0.0:5000
[2025-11-25 15:46:48] [INFO] HEAD https://localhost:9200/ [status:200 duration:0.004s]
[2025-11-25 15:46:48] [INFO] POST https://localhost:9200/depot_air_qc_data/_search [status:200 duration:0.012s]
[2025-11-25 15:46:48] [INFO] HEAD https://localhost:9200/.ml-anomalies-* [status:200 duration:0.011s]
[2025-11-25 15:46:48] [INFO] HEAD https://localhost:9200/ [status:200 duration:0.002s]
[2025-11-25 15:46:48] [INFO] POST https://localhost:9200/.ml-anomalies-*/_search [status:200 duration:0.046s]
[2025-11-25 15:46:49] [INFO] POST https://localhost:9200/.ml-anomalies-*/_search [status:200 duration:0.043s]
[2025-11-25 15:46:49] [INFO] POST https://localhost:9200/.ml-anomalies-*/_search [status:200 duration:0.045s]
[2025-11-25 15:46:53] [INFO] HEAD https://localhost:9200/ [status:200 duration:0.005s]
[2025-11-25 15:46:53] [WARNING] Task queue depth is 1
[2025-11-25 15:46:53] [INFO] HEAD https://localhost:9200/.ml-anomalies-* [status:200 duration:0.007s]
[2025-11-25 15:46:53] [WARNING] Task queue depth is 1
[2025-11-25 15:46:53] [WARNING] Task queue depth is 2
[2025-11-25 15:46:53] [INFO] HEAD https://localhost:9200/.ml-anomalies-* [status:200 duration:0.006s]
[2025-11-25 15:46:53] [INFO] POST https://localhost:9200/.ml-anomalies-*/_search [status:200 duration:0.050s]
[2025-11-25 15:46:53] [INFO] POST https://localhost:9200/.ml-anomalies-*/_search [status:200 duration:0.051s]
[2025-11-25 15:46:53] [INFO] POST https://localhost:9200/.ml-anomalies-*/_search [status:200 duration:0.046s]
[2025-11-25 15:46:53] [INFO] POST https://localhost:9200/depot_air_qc_data/_search [status:200 duration:0.046s]
[2025-11-25 15:46:53] [INFO] POST https://localhost:9200/.ml-anomalies-*/_search [status:200 duration:0.046s]
[2025-11-25 15:46:53] [INFO] POST https://localhost:9200/depot_air_qc_data/_search [status:200 duration:0.049s]
[2025-11-25 15:46:55] [INFO] HEAD https://localhost:9200/ [status:200 duration:0.002s]
[2025-11-25 15:46:57] [INFO] POST https://localhost:9200/depot_air_qc_data/_search [status:200 duration:0.044s]
[2025-11-25 15:46:57] [INFO] [PREDICTION] Filter RUL calculated: 2.5 days
[2025-11-25 15:46:57] [INFO] POST https://localhost:9200/depot_air_qc_data/_search [status:200 duration:0.046s]
[2025-11-25 15:46:57] [INFO] [PREDICTION] Summary generated successfully
[2025-11-25 15:46:57] [INFO] POST https://localhost:9200/depot_air_qc_data/_search [status:200 duration:0.045s]
[2025-11-25 15:46:57] [INFO] [PREDICTION] Forecast generated: 12 points
[2025-11-25 15:47:35] [INFO] [SHUTDOWN] Graceful shutdown initiated...
[2025-11-25 15:47:35] [INFO] [SHUTDOWN] Complete
[2025-11-25 15:47:40] [WARNING] 3 thread(s) still running
[2025-11-25 15:47:45] [INFO] ======================================================================
[2025-11-25 15:47:45] [INFO] AQUAGUARD MIDDLEWARE SERVER v6.0
[2025-11-25 15:47:45] [INFO] ======================================================================
[2025-11-25 15:47:45] [INFO] [ES] Initializing client for: https://localhost:9200
[2025-11-25 15:47:45] [INFO] [ES] Connecting to https://localhost:9200
[2025-11-25 15:47:45] [INFO] [ES] Using CA cert: http_ca.crt
[2025-11-25 15:47:45] [INFO] HEAD https://localhost:9200/ [status:200 duration:0.013s]
[2025-11-25 15:47:45] [INFO] HEAD https://localhost:9200/depot_air_qc_data [status:200 duration:0.003s]
[2025-11-25 15:47:45] [INFO] POST https://localhost:9200/depot_air_qc_data/_count [status:200 duration:0.003s]
[2025-11-25 15:47:45] [INFO] [ES] Connected â€” Index 'depot_air_qc_data' contains 809 docs
[2025-11-25 15:47:45] [INFO] [INIT] CSV Exporter enabled
[2025-11-25 15:47:45] [INFO] [INFO] Reports will be saved to: reports
[2025-11-25 15:47:45] [INFO] âœ“ Background workers started
[2025-11-25 15:47:45] [INFO] ======================================================================
[2025-11-25 15:47:45] [INFO] ADAPTIVE BUFFERING SERVICE INITIALIZED
[2025-11-25 15:47:45] [INFO] ======================================================================
[2025-11-25 15:47:45] [INFO] Buffer range: 5-100 docs
[2025-11-25 15:47:45] [INFO] Interval range: 0.5-5.0s
[2025-11-25 15:47:45] [INFO] CSV Export: Enabled
[2025-11-25 15:47:45] [INFO] ======================================================================
[2025-11-25 15:47:45] [INFO] âœ“ Alert monitoring worker started
[2025-11-25 15:47:45] [INFO] ======================================================================
[2025-11-25 15:47:45] [INFO] ALERT SERVICE INITIALIZED
[2025-11-25 15:47:45] [INFO] ======================================================================
[2025-11-25 15:47:45] [INFO] Alert threshold: 5 anomalies/1h
[2025-11-25 15:47:45] [INFO] Cooldown period: 30 minutes
[2025-11-25 15:47:45] [INFO] CSV Export: Enabled
[2025-11-25 15:47:45] [INFO] ======================================================================
[2025-11-25 15:47:46] [INFO] ======================================================================
[2025-11-25 15:47:46] [INFO] [START] Server starting on 0.0.0.0:5000
[2025-11-25 15:47:46] [INFO] ======================================================================
[2025-11-25 15:47:46] [INFO] Serving on http://0.0.0.0:5000
[2025-11-25 15:47:50] [WARNING] Task queue depth is 1
[2025-11-25 15:47:50] [INFO] HEAD https://localhost:9200/.ml-anomalies-* [status:200 duration:0.003s]
[2025-11-25 15:47:50] [INFO] HEAD https://localhost:9200/ [status:200 duration:0.010s]
[2025-11-25 15:47:50] [INFO] POST https://localhost:9200/depot_air_qc_data/_search [status:200 duration:0.014s]
[2025-11-25 15:47:50] [INFO] [PREDICTION] Filter RUL calculated: 2.5 days
[2025-11-25 15:47:50] [INFO] POST https://localhost:9200/.ml-anomalies-*/_search [status:200 duration:0.045s]
[2025-11-25 15:47:50] [INFO] POST https://localhost:9200/depot_air_qc_data/_search [status:200 duration:0.043s]
[2025-11-25 15:47:50] [INFO] POST https://localhost:9200/depot_air_qc_data/_search [status:200 duration:0.047s]
[2025-11-25 15:47:50] [INFO] [PREDICTION] Summary generated successfully
[2025-11-25 15:47:50] [INFO] POST https://localhost:9200/.ml-anomalies-*/_search [status:200 duration:0.044s]
[2025-11-25 15:47:50] [INFO] POST https://localhost:9200/.ml-anomalies-*/_search [status:200 duration:0.048s]
[2025-11-25 15:47:50] [INFO] POST https://localhost:9200/depot_air_qc_data/_search [status:200 duration:0.049s]
[2025-11-25 15:47:50] [INFO] [PREDICTION] Forecast generated: 12 points
[2025-11-25 15:47:52] [WARNING] Task queue depth is 1
[2025-11-25 15:47:52] [INFO] HEAD https://localhost:9200/ [status:200 duration:0.005s]
[2025-11-25 15:47:52] [INFO] HEAD https://localhost:9200/.ml-anomalies-* [status:200 duration:0.004s]
[2025-11-25 15:47:52] [WARNING] Task queue depth is 2
[2025-11-25 15:47:52] [WARNING] Task queue depth is 2
[2025-11-25 15:47:52] [INFO] HEAD https://localhost:9200/.ml-anomalies-* [status:200 duration:0.002s]
[2025-11-25 15:47:52] [INFO] POST https://localhost:9200/.ml-anomalies-*/_search [status:200 duration:0.048s]
[2025-11-25 15:47:52] [INFO] POST https://localhost:9200/.ml-anomalies-*/_search [status:200 duration:0.047s]
[2025-11-25 15:47:52] [INFO] POST https://localhost:9200/depot_air_qc_data/_search [status:200 duration:0.048s]
[2025-11-25 15:47:52] [INFO] POST https://localhost:9200/.ml-anomalies-*/_search [status:200 duration:0.049s]
[2025-11-25 15:47:52] [INFO] POST https://localhost:9200/depot_air_qc_data/_search [status:200 duration:0.050s]
[2025-11-25 15:47:52] [INFO] POST https://localhost:9200/.ml-anomalies-*/_search [status:200 duration:0.049s]
[2025-11-25 15:47:55] [INFO] HEAD https://localhost:9200/ [status:200 duration:0.002s]
[2025-11-25 15:47:56] [INFO] POST https://localhost:9200/depot_air_qc_data/_search [status:200 duration:0.048s]
[2025-11-25 15:47:56] [INFO] [PREDICTION] Filter RUL calculated: 2.5 days
[2025-11-25 15:47:56] [INFO] POST https://localhost:9200/depot_air_qc_data/_search [status:200 duration:0.046s]
[2025-11-25 15:47:56] [INFO] [PREDICTION] Summary generated successfully
[2025-11-25 15:47:56] [INFO] POST https://localhost:9200/depot_air_qc_data/_search [status:200 duration:0.048s]
[2025-11-25 15:47:56] [INFO] [PREDICTION] Forecast generated: 12 points
[2025-11-25 15:48:09] [INFO] POST https://localhost:9200/depot_air_qc_data/_search [status:200 duration:0.046s]
[2025-11-25 15:48:09] [INFO] [PREDICTION] Filter RUL calculated: None days
[2025-11-25 15:48:09] [INFO] POST https://localhost:9200/depot_air_qc_data/_search [status:200 duration:0.047s]
[2025-11-25 15:48:09] [INFO] [PREDICTION] Summary generated successfully
[2025-11-25 15:48:10] [INFO] POST https://localhost:9200/depot_air_qc_data/_search [status:200 duration:0.045s]
[2025-11-25 15:48:10] [INFO] [PREDICTION] Forecast generated: 12 points
[2025-11-25 15:48:13] [INFO] POST https://localhost:9200/depot_air_qc_data/_search [status:200 duration:0.052s]
[2025-11-25 15:48:13] [INFO] [PREDICTION] Filter RUL calculated: 13.4 days
[2025-11-25 15:48:13] [INFO] POST https://localhost:9200/depot_air_qc_data/_search [status:200 duration:0.050s]
[2025-11-25 15:48:13] [INFO] [PREDICTION] Summary generated successfully
[2025-11-25 15:48:13] [INFO] POST https://localhost:9200/depot_air_qc_data/_search [status:200 duration:0.049s]
[2025-11-25 15:48:13] [INFO] [PREDICTION] Forecast generated: 12 points
[2025-11-25 15:49:00] [INFO] HEAD https://localhost:9200/ [status:200 duration:0.003s]
[2025-11-25 15:50:08] [WARNING] Task queue depth is 1
[2025-11-25 15:50:08] [WARNING] Task queue depth is 2
[2025-11-25 15:50:08] [WARNING] Task queue depth is 3
[2025-11-25 15:50:08] [WARNING] Task queue depth is 4
[2025-11-25 15:50:08] [WARNING] Task queue depth is 5
[2025-11-25 15:50:08] [WARNING] Task queue depth is 6
[2025-11-25 15:50:18] [WARNING] Task queue depth is 7
[2025-11-25 15:50:18] [WARNING] Task queue depth is 8
[2025-11-25 15:50:18] [WARNING] Task queue depth is 9
[2025-11-25 15:50:18] [WARNING] Task queue depth is 10
[2025-11-25 15:50:18] [WARNING] Task queue depth is 11
[2025-11-25 15:50:18] [WARNING] Task queue depth is 12
[2025-11-25 15:50:28] [WARNING] Task queue depth is 13
[2025-11-25 15:50:28] [WARNING] Task queue depth is 14
[2025-11-25 15:50:28] [WARNING] Task queue depth is 15
[2025-11-25 15:50:28] [WARNING] Task queue depth is 16
[2025-11-25 15:50:28] [WARNING] Task queue depth is 17
[2025-11-25 15:50:28] [WARNING] Task queue depth is 18
[2025-11-25 15:50:38] [WARNING] Task queue depth is 19
[2025-11-25 15:50:38] [WARNING] Task queue depth is 20
[2025-11-25 15:50:38] [WARNING] Task queue depth is 21
[2025-11-25 15:50:38] [WARNING] Task queue depth is 22
[2025-11-25 15:50:38] [WARNING] Task queue depth is 23
[2025-11-25 15:50:38] [WARNING] Task queue depth is 24
[2025-11-25 15:50:48] [WARNING] Task queue depth is 25
[2025-11-25 15:50:48] [WARNING] Task queue depth is 26
[2025-11-25 15:50:48] [WARNING] Task queue depth is 27
[2025-11-25 15:50:48] [WARNING] Task queue depth is 28
[2025-11-25 15:50:48] [WARNING] Task queue depth is 29
[2025-11-25 15:50:48] [WARNING] Task queue depth is 30
[2025-11-25 15:50:58] [WARNING] Task queue depth is 31
[2025-11-25 15:50:58] [WARNING] Task queue depth is 32
[2025-11-25 15:50:58] [WARNING] Task queue depth is 33
[2025-11-25 15:50:58] [WARNING] Task queue depth is 34
[2025-11-25 15:50:58] [WARNING] Task queue depth is 35
[2025-11-25 15:50:58] [WARNING] Task queue depth is 36
[2025-11-25 15:51:16] [WARNING] Task queue depth is 37
[2025-11-25 15:51:16] [WARNING] Task queue depth is 38
[2025-11-25 15:51:16] [WARNING] Task queue depth is 39
[2025-11-25 15:51:16] [WARNING] Task queue depth is 40
[2025-11-25 15:51:16] [WARNING] Task queue depth is 41
[2025-11-25 15:51:16] [WARNING] Task queue depth is 42
[2025-11-25 15:51:51] [WARNING] Task queue depth is 43
[2025-11-25 15:51:51] [WARNING] Task queue depth is 44
[2025-11-25 15:51:51] [WARNING] Task queue depth is 45
[2025-11-25 15:51:51] [WARNING] Task queue depth is 46
[2025-11-25 15:51:51] [WARNING] Task queue depth is 47
[2025-11-25 15:51:51] [WARNING] Task queue depth is 48
[2025-11-25 15:51:56] [INFO] [SHUTDOWN] Graceful shutdown initiated...
[2025-11-25 15:51:56] [INFO] [SHUTDOWN] Complete
[2025-11-25 15:52:01] [WARNING] 4 thread(s) still running
[2025-11-25 15:52:01] [WARNING] Canceling 48 pending task(s)
[2025-11-25 15:52:08] [INFO] ======================================================================
[2025-11-25 15:52:08] [INFO] AQUAGUARD MIDDLEWARE SERVER v6.0
[2025-11-25 15:52:08] [INFO] ======================================================================
[2025-11-25 15:52:08] [INFO] [ES] Initializing client for: https://localhost:9200
[2025-11-25 15:52:08] [INFO] [ES] Connecting to https://localhost:9200
[2025-11-25 15:52:08] [INFO] [ES] Using CA cert: http_ca.crt
[2025-11-25 15:52:08] [INFO] HEAD https://localhost:9200/ [status:200 duration:0.009s]
[2025-11-25 15:52:08] [INFO] HEAD https://localhost:9200/depot_air_qc_data [status:200 duration:0.001s]
[2025-11-25 15:52:08] [INFO] POST https://localhost:9200/depot_air_qc_data/_count [status:200 duration:0.003s]
[2025-11-25 15:52:08] [INFO] [ES] Connected â€” Index 'depot_air_qc_data' contains 809 docs
[2025-11-25 15:52:08] [INFO] [INIT] CSV Exporter enabled
[2025-11-25 15:52:08] [INFO] [INFO] Reports will be saved to: reports
[2025-11-25 15:52:08] [INFO] [OK] Background workers started
[2025-11-25 15:52:08] [INFO] ======================================================================
[2025-11-25 15:52:08] [INFO] ADAPTIVE BUFFERING SERVICE INITIALIZED
[2025-11-25 15:52:08] [INFO] ======================================================================
[2025-11-25 15:52:08] [INFO] Buffer range: 5-100 docs
[2025-11-25 15:52:08] [INFO] Interval range: 0.5-5.0s
[2025-11-25 15:52:08] [INFO] CSV Export: Enabled
[2025-11-25 15:52:08] [INFO] ======================================================================
[2025-11-25 15:52:08] [INFO] âœ“ Alert monitoring worker started
[2025-11-25 15:52:08] [INFO] ======================================================================
[2025-11-25 15:52:08] [INFO] ALERT SERVICE INITIALIZED
[2025-11-25 15:52:08] [INFO] ======================================================================
[2025-11-25 15:52:08] [INFO] Alert threshold: 5 anomalies/1h
[2025-11-25 15:52:08] [INFO] Cooldown period: 30 minutes
[2025-11-25 15:52:08] [INFO] CSV Export: Enabled
[2025-11-25 15:52:08] [INFO] ======================================================================
[2025-11-25 15:52:09] [INFO] ======================================================================
[2025-11-25 15:52:09] [INFO] [START] Server starting on 0.0.0.0:5000
[2025-11-25 15:52:09] [INFO] ======================================================================
[2025-11-25 15:52:09] [INFO] Serving on http://0.0.0.0:5000
[2025-11-25 15:52:14] [INFO] HEAD https://localhost:9200/ [status:200 duration:0.003s]
[2025-11-25 15:52:14] [INFO] [STATS] Fetching system statistics...
[2025-11-25 15:52:15] [INFO] [STATS] Buffer stats retrieved: 16 fields
[2025-11-25 15:52:15] [INFO] HEAD https://localhost:9200/.ml-anomalies-* [status:200 duration:0.006s]
[2025-11-25 15:52:15] [WARNING] Task queue depth is 1
[2025-11-25 15:52:15] [INFO] HEAD https://localhost:9200/.ml-anomalies-* [status:200 duration:0.015s]
[2025-11-25 15:52:15] [INFO] POST https://localhost:9200/.ml-anomalies-*/_search [status:200 duration:0.046s]
[2025-11-25 15:52:15] [INFO] POST https://localhost:9200/depot_air_qc_data/_search [status:200 duration:0.061s]
[2025-11-25 15:52:15] [INFO] POST https://localhost:9200/.ml-anomalies-*/_search [status:200 duration:0.049s]
[2025-11-25 15:52:15] [INFO] POST https://localhost:9200/.ml-anomalies-*/_search [status:200 duration:0.043s]
[2025-11-25 15:52:15] [INFO] POST https://localhost:9200/depot_air_qc_data/_search [status:200 duration:0.047s]
[2025-11-25 15:52:15] [INFO] POST https://localhost:9200/.ml-anomalies-*/_search [status:200 duration:0.045s]
[2025-11-25 15:52:18] [INFO] [STATS] Fetching system statistics...
[2025-11-25 15:52:18] [INFO] [STATS] Buffer stats retrieved: 16 fields
[2025-11-25 15:52:18] [INFO] HEAD https://localhost:9200/ [status:200 duration:0.002s]
[2025-11-25 15:52:20] [INFO] POST https://localhost:9200/depot_air_qc_data/_search [status:200 duration:0.049s]
[2025-11-25 15:52:20] [INFO] [PREDICTION] Filter RUL calculated: 2.5 days
[2025-11-25 15:52:20] [INFO] POST https://localhost:9200/depot_air_qc_data/_search [status:200 duration:0.045s]
[2025-11-25 15:52:20] [INFO] [PREDICTION] Summary generated successfully
[2025-11-25 15:52:20] [INFO] POST https://localhost:9200/depot_air_qc_data/_search [status:200 duration:0.047s]
[2025-11-25 15:52:20] [INFO] [PREDICTION] Forecast generated: 12 points
[2025-11-25 15:52:21] [INFO] [STATS] Fetching system statistics...
[2025-11-25 15:52:21] [INFO] [STATS] Buffer stats retrieved: 16 fields
[2025-11-25 15:52:21] [INFO] HEAD https://localhost:9200/ [status:200 duration:0.002s]
[2025-11-25 15:54:30] [WARNING] Task queue depth is 1
[2025-11-25 15:54:30] [WARNING] Task queue depth is 2
[2025-11-25 15:54:30] [INFO] HEAD https://localhost:9200/ [status:200 duration:0.002s]
[2025-11-25 15:54:30] [WARNING] Task queue depth is 3
[2025-11-25 15:54:30] [WARNING] Task queue depth is 3
[2025-11-25 15:54:30] [INFO] HEAD https://localhost:9200/.ml-anomalies-* [status:200 duration:0.003s]
[2025-11-25 15:54:30] [WARNING] Task queue depth is 4
[2025-11-25 15:54:30] [INFO] POST https://localhost:9200/.ml-anomalies-*/_search [status:200 duration:0.044s]
[2025-11-25 15:54:30] [INFO] POST https://localhost:9200/.ml-anomalies-*/_search [status:200 duration:0.043s]
[2025-11-25 15:54:30] [INFO] POST https://localhost:9200/.ml-anomalies-*/_search [status:200 duration:0.044s]
[2025-11-25 15:54:30] [INFO] [STATS] Fetching system statistics...
[2025-11-25 15:54:30] [INFO] [STATS] Buffer stats retrieved: 16 fields
[2025-11-25 15:54:40] [WARNING] Task queue depth is 4
[2025-11-25 15:54:40] [WARNING] Task queue depth is 5
[2025-11-25 15:54:40] [WARNING] Task queue depth is 6
[2025-11-25 15:54:40] [WARNING] Task queue depth is 7
[2025-11-25 15:54:40] [WARNING] Task queue depth is 8
[2025-11-25 15:54:40] [WARNING] Task queue depth is 9
[2025-11-25 15:54:50] [WARNING] Task queue depth is 10
[2025-11-25 15:54:50] [WARNING] Task queue depth is 11
[2025-11-25 15:54:50] [WARNING] Task queue depth is 12
[2025-11-25 15:54:50] [WARNING] Task queue depth is 13
[2025-11-25 15:54:50] [WARNING] Task queue depth is 14
[2025-11-25 15:54:50] [WARNING] Task queue depth is 15
[2025-11-25 15:55:00] [WARNING] Task queue depth is 16
[2025-11-25 15:55:00] [WARNING] Task queue depth is 17
[2025-11-25 15:55:00] [WARNING] Task queue depth is 18
[2025-11-25 15:55:00] [WARNING] Task queue depth is 19
[2025-11-25 15:55:00] [WARNING] Task queue depth is 20
[2025-11-25 15:55:00] [WARNING] Task queue depth is 21
[2025-11-25 15:55:10] [WARNING] Task queue depth is 22
[2025-11-25 15:55:10] [WARNING] Task queue depth is 23
[2025-11-25 15:55:10] [WARNING] Task queue depth is 24
[2025-11-25 15:55:10] [WARNING] Task queue depth is 25
[2025-11-25 15:55:10] [WARNING] Task queue depth is 26
[2025-11-25 15:55:10] [WARNING] Task queue depth is 27
[2025-11-25 15:55:20] [WARNING] Task queue depth is 28
[2025-11-25 15:55:20] [WARNING] Task queue depth is 29
[2025-11-25 15:55:20] [WARNING] Task queue depth is 30
[2025-11-25 15:55:20] [WARNING] Task queue depth is 31
[2025-11-25 15:55:20] [WARNING] Task queue depth is 32
[2025-11-25 15:55:20] [WARNING] Task queue depth is 33
[2025-11-25 15:55:30] [WARNING] Task queue depth is 34
[2025-11-25 15:55:30] [WARNING] Task queue depth is 35
[2025-11-25 15:55:30] [WARNING] Task queue depth is 36
[2025-11-25 15:55:30] [WARNING] Task queue depth is 37
[2025-11-25 15:55:30] [WARNING] Task queue depth is 38
[2025-11-25 15:55:30] [WARNING] Task queue depth is 39
[2025-11-25 15:55:40] [WARNING] Task queue depth is 40
[2025-11-25 15:55:40] [WARNING] Task queue depth is 41
[2025-11-25 15:55:40] [WARNING] Task queue depth is 42
[2025-11-25 15:55:40] [WARNING] Task queue depth is 43
[2025-11-25 15:55:40] [WARNING] Task queue depth is 44
[2025-11-25 15:55:40] [WARNING] Task queue depth is 45
[2025-11-25 15:55:50] [WARNING] Task queue depth is 46
[2025-11-25 15:55:50] [WARNING] Task queue depth is 47
[2025-11-25 15:55:50] [WARNING] Task queue depth is 48
[2025-11-25 15:55:50] [WARNING] Task queue depth is 49
[2025-11-25 15:55:50] [WARNING] Task queue depth is 50
[2025-11-25 15:55:50] [WARNING] Task queue depth is 51
[2025-11-25 15:56:00] [WARNING] Task queue depth is 52
[2025-11-25 15:56:00] [WARNING] Task queue depth is 53
[2025-11-25 15:56:00] [WARNING] Task queue depth is 54
[2025-11-25 15:56:00] [WARNING] Task queue depth is 55
[2025-11-25 15:56:00] [WARNING] Task queue depth is 56
[2025-11-25 15:56:00] [WARNING] Task queue depth is 57
[2025-11-25 15:56:10] [WARNING] Task queue depth is 58
[2025-11-25 15:56:10] [WARNING] Task queue depth is 59
[2025-11-25 15:56:10] [WARNING] Task queue depth is 60
[2025-11-25 15:56:10] [WARNING] Task queue depth is 61
[2025-11-25 15:56:10] [WARNING] Task queue depth is 62
[2025-11-25 15:56:10] [WARNING] Task queue depth is 63
[2025-11-25 15:56:20] [WARNING] Task queue depth is 64
[2025-11-25 15:56:20] [WARNING] Task queue depth is 65
[2025-11-25 15:56:20] [WARNING] Task queue depth is 66
[2025-11-25 15:56:20] [WARNING] Task queue depth is 67
[2025-11-25 15:56:20] [WARNING] Task queue depth is 68
[2025-11-25 15:56:20] [WARNING] Task queue depth is 69
[2025-11-25 15:56:30] [WARNING] Task queue depth is 70
[2025-11-25 15:56:30] [WARNING] Task queue depth is 71
[2025-11-25 15:56:30] [WARNING] Task queue depth is 72
[2025-11-25 15:56:30] [WARNING] Task queue depth is 73
[2025-11-25 15:56:30] [WARNING] Task queue depth is 74
[2025-11-25 15:56:30] [WARNING] Task queue depth is 75
[2025-11-25 15:56:40] [WARNING] Task queue depth is 76
[2025-11-25 15:56:40] [WARNING] Task queue depth is 77
[2025-11-25 15:56:40] [WARNING] Task queue depth is 78
[2025-11-25 15:56:40] [WARNING] Task queue depth is 79
[2025-11-25 15:56:40] [WARNING] Task queue depth is 80
[2025-11-25 15:56:40] [WARNING] Task queue depth is 81
[2025-11-25 15:56:50] [WARNING] Task queue depth is 82
[2025-11-25 15:56:50] [WARNING] Task queue depth is 83
[2025-11-25 15:56:50] [WARNING] Task queue depth is 84
[2025-11-25 15:56:50] [WARNING] Task queue depth is 85
[2025-11-25 15:56:50] [WARNING] Task queue depth is 86
[2025-11-25 15:56:50] [WARNING] Task queue depth is 87
[2025-11-25 15:57:00] [WARNING] Task queue depth is 88
[2025-11-25 15:57:00] [WARNING] Task queue depth is 89
[2025-11-25 15:57:00] [WARNING] Task queue depth is 90
[2025-11-25 15:57:00] [WARNING] Task queue depth is 91
[2025-11-25 15:57:00] [WARNING] Task queue depth is 92
[2025-11-25 15:57:00] [WARNING] Task queue depth is 93
[2025-11-25 15:57:10] [WARNING] total open connections reached the connection limit, no longer accepting new connections
[2025-11-25 15:57:10] [WARNING] Task queue depth is 94
[2025-11-25 16:38:16] [INFO] [SHUTDOWN] Graceful shutdown initiated...
[2025-11-25 16:38:16] [INFO] [SHUTDOWN] Complete
[2025-11-25 16:38:21] [WARNING] 4 thread(s) still running
[2025-11-25 16:38:21] [WARNING] Canceling 94 pending task(s)
[2025-11-25 16:48:03] [INFO] ======================================================================
[2025-11-25 16:48:03] [INFO] AQUAGUARD MIDDLEWARE SERVER v6.0
[2025-11-25 16:48:03] [INFO] ======================================================================
[2025-11-25 16:48:03] [INFO] [ES] Initializing client for: https://localhost:9200
[2025-11-25 16:48:03] [INFO] [ES] Connecting to https://localhost:9200
[2025-11-25 16:48:03] [INFO] [ES] Using CA cert: http_ca.crt
[2025-11-25 16:48:03] [INFO] HEAD https://localhost:9200/ [status:200 duration:0.029s]
[2025-11-25 16:48:03] [INFO] HEAD https://localhost:9200/depot_air_qc_data [status:200 duration:0.004s]
[2025-11-25 16:48:03] [INFO] POST https://localhost:9200/depot_air_qc_data/_count [status:200 duration:0.005s]
[2025-11-25 16:48:03] [INFO] [ES] Connected â€” Index 'depot_air_qc_data' contains 809 docs
[2025-11-25 16:48:03] [INFO] [INIT] CSV Exporter enabled
[2025-11-25 16:48:03] [INFO] [INFO] Reports will be saved to: reports
[2025-11-25 16:48:03] [INFO] [OK] Background workers started
[2025-11-25 16:48:03] [INFO] ======================================================================
[2025-11-25 16:48:03] [INFO] ADAPTIVE BUFFERING SERVICE INITIALIZED
[2025-11-25 16:48:03] [INFO] ======================================================================
[2025-11-25 16:48:03] [INFO] Buffer range: 5-100 docs
[2025-11-25 16:48:03] [INFO] Interval range: 0.5-5.0s
[2025-11-25 16:48:03] [INFO] CSV Export: Enabled
[2025-11-25 16:48:03] [INFO] ======================================================================
[2025-11-25 16:48:03] [INFO] âœ“ Alert monitoring worker started
[2025-11-25 16:48:03] [INFO] ======================================================================
[2025-11-25 16:48:03] [INFO] ALERT SERVICE INITIALIZED
[2025-11-25 16:48:03] [INFO] ======================================================================
[2025-11-25 16:48:03] [INFO] Alert threshold: 5 anomalies/1h
[2025-11-25 16:48:03] [INFO] Cooldown period: 30 minutes
[2025-11-25 16:48:03] [INFO] CSV Export: Enabled
[2025-11-25 16:48:03] [INFO] ======================================================================
[2025-11-25 16:54:31] [INFO] ======================================================================
[2025-11-25 16:54:31] [INFO] AQUAGUARD MIDDLEWARE SERVER v6.0
[2025-11-25 16:54:31] [INFO] ======================================================================
[2025-11-25 16:54:31] [INFO] [ES] Initializing client for: https://localhost:9200
[2025-11-25 16:54:31] [INFO] [ES] Connecting to https://localhost:9200
[2025-11-25 16:54:31] [INFO] [ES] Using CA cert: http_ca.crt
[2025-11-25 16:54:31] [INFO] HEAD https://localhost:9200/ [status:200 duration:0.015s]
[2025-11-25 16:54:31] [INFO] HEAD https://localhost:9200/depot_air_qc_data [status:200 duration:0.003s]
[2025-11-25 16:54:31] [INFO] POST https://localhost:9200/depot_air_qc_data/_count [status:200 duration:0.004s]
[2025-11-25 16:54:31] [INFO] [ES] Connected â€” Index 'depot_air_qc_data' contains 809 docs
[2025-11-25 16:54:31] [INFO] [INIT] CSV Exporter enabled
[2025-11-25 16:54:31] [INFO] [INFO] Reports will be saved to: reports
[2025-11-25 16:54:31] [INFO] [OK] Background workers started
[2025-11-25 16:54:31] [INFO] ======================================================================
[2025-11-25 16:54:31] [INFO] ADAPTIVE BUFFERING SERVICE INITIALIZED
[2025-11-25 16:54:31] [INFO] ======================================================================
[2025-11-25 16:54:31] [INFO] Buffer range: 5-100 docs
[2025-11-25 16:54:31] [INFO] Interval range: 0.5-5.0s
[2025-11-25 16:54:31] [INFO] CSV Export: Enabled
[2025-11-25 16:54:31] [INFO] ======================================================================
[2025-11-25 16:54:31] [INFO] âœ“ Alert monitoring worker started
[2025-11-25 16:54:31] [INFO] ======================================================================
[2025-11-25 16:54:31] [INFO] ALERT SERVICE INITIALIZED
[2025-11-25 16:54:31] [INFO] ======================================================================
[2025-11-25 16:54:31] [INFO] Alert threshold: 5 anomalies/1h
[2025-11-25 16:54:31] [INFO] Cooldown period: 30 minutes
[2025-11-25 16:54:31] [INFO] CSV Export: Enabled
[2025-11-25 16:54:31] [INFO] ======================================================================
[2025-11-25 16:54:32] [INFO] ======================================================================
[2025-11-25 16:54:32] [INFO] [START] Server starting on 0.0.0.0:5000
[2025-11-25 16:54:32] [INFO] ======================================================================
[2025-11-25 16:54:32] [INFO] Serving on http://0.0.0.0:5000
[2025-11-25 16:54:40] [INFO] [STATS] Fetching system statistics...
[2025-11-25 16:54:40] [INFO] [STATS] Fetching system statistics...
[2025-11-25 16:54:40] [WARNING] Task queue depth is 1
[2025-11-25 16:54:40] [WARNING] Task queue depth is 2
[2025-11-25 16:54:40] [INFO] HEAD https://localhost:9200/ [status:200 duration:0.005s]
[2025-11-25 16:54:41] [INFO] GET https://localhost:9200/_ml/anomaly_detectors/water_quality_anomaly [status:404 duration:0.006s]
[2025-11-25 16:54:41] [ERROR] [ML STATUS ERROR] NotFoundError(404, 'resource_not_found_exception', "No known job with id 'water_quality_anomaly'")
Traceback (most recent call last):
  File "C:\Users\vanguard\OneDrive\Documents\Projek_SistemOperasi_backup\backend\src\services\ml_service.py", line 100, in get_status
    result = self.es.ml.get_jobs(job_id=self.job_id, request_timeout=5)
  File "C:\Users\vanguard\AppData\Local\Programs\Python\Python310\lib\site-packages\elasticsearch\_sync\client\utils.py", line 402, in wrapped
    return api(*args, **kwargs)
  File "C:\Users\vanguard\AppData\Local\Programs\Python\Python310\lib\site-packages\elasticsearch\_sync\client\ml.py", line 1673, in get_jobs
    return self.perform_request(  # type: ignore[return-value]
  File "C:\Users\vanguard\AppData\Local\Programs\Python\Python310\lib\site-packages\elasticsearch\_sync\client\_base.py", line 389, in perform_request
    return self._client.perform_request(
  File "C:\Users\vanguard\AppData\Local\Programs\Python\Python310\lib\site-packages\elasticsearch\_sync\client\_base.py", line 320, in perform_request
    raise HTTP_EXCEPTIONS.get(meta.status, ApiError)(
elasticsearch.NotFoundError: NotFoundError(404, 'resource_not_found_exception', "No known job with id 'water_quality_anomaly'")
[2025-11-25 16:54:41] [INFO] HEAD https://localhost:9200/ [status:200 duration:0.003s]
[2025-11-25 16:54:41] [INFO] POST https://localhost:9200/depot_air_qc_data/_search [status:200 duration:0.034s]
[2025-11-25 16:54:42] [INFO] [STATS] Fetching system statistics...
[2025-11-25 16:54:42] [INFO] HEAD https://localhost:9200/ [status:200 duration:0.003s]
[2025-11-25 16:54:46] [INFO] POST https://localhost:9200/depot_air_qc_data/_search [status:200 duration:0.052s]
[2025-11-25 16:54:48] [INFO] POST https://localhost:9200/.ml-anomalies-*/_search [status:200 duration:0.046s]
[2025-11-25 16:54:49] [INFO] POST https://localhost:9200/.ml-anomalies-*/_search [status:200 duration:0.047s]
[2025-11-25 16:54:50] [INFO] POST https://localhost:9200/depot_air_qc_data/_search [status:200 duration:0.045s]
[2025-11-25 16:54:50] [INFO] [PREDICTION] Filter RUL calculated: 2.3 days
[2025-11-25 16:54:50] [INFO] POST https://localhost:9200/depot_air_qc_data/_search [status:200 duration:0.047s]
[2025-11-25 16:54:50] [INFO] [PREDICTION] Summary generated successfully
[2025-11-25 16:54:50] [INFO] POST https://localhost:9200/depot_air_qc_data/_search [status:200 duration:0.048s]
[2025-11-25 16:54:50] [INFO] [PREDICTION] Forecast generated: 12 points
[2025-11-25 16:54:51] [INFO] HEAD https://localhost:9200/ [status:200 duration:0.002s]
[2025-11-25 16:54:52] [INFO] [STATS] Fetching system statistics...
[2025-11-25 16:54:52] [WARNING] Task queue depth is 1
[2025-11-25 16:54:52] [WARNING] Task queue depth is 2
[2025-11-25 16:55:02] [WARNING] Task queue depth is 3
[2025-11-25 16:55:28] [INFO] [SHUTDOWN] Graceful shutdown initiated...
[2025-11-25 16:55:28] [INFO] [SHUTDOWN] Complete
[2025-11-25 16:55:33] [WARNING] 4 thread(s) still running
[2025-11-25 16:55:33] [WARNING] Canceling 3 pending task(s)
[2025-11-25 16:55:37] [INFO] ======================================================================
[2025-11-25 16:55:37] [INFO] AQUAGUARD MIDDLEWARE SERVER v6.0
[2025-11-25 16:55:37] [INFO] ======================================================================
[2025-11-25 16:55:37] [INFO] [ES] Initializing client for: https://localhost:9200
[2025-11-25 16:55:37] [INFO] [ES] Connecting to https://localhost:9200
[2025-11-25 16:55:37] [INFO] [ES] Using CA cert: http_ca.crt
[2025-11-25 16:55:37] [INFO] HEAD https://localhost:9200/ [status:200 duration:0.014s]
[2025-11-25 16:55:37] [INFO] HEAD https://localhost:9200/depot_air_qc_data [status:200 duration:0.003s]
[2025-11-25 16:55:37] [INFO] POST https://localhost:9200/depot_air_qc_data/_count [status:200 duration:0.003s]
[2025-11-25 16:55:37] [INFO] [ES] Connected â€” Index 'depot_air_qc_data' contains 809 docs
[2025-11-25 16:55:37] [INFO] [INIT] CSV Exporter enabled
[2025-11-25 16:55:37] [INFO] [INFO] Reports will be saved to: reports
[2025-11-25 16:55:37] [INFO] [OK] Background workers started
[2025-11-25 16:55:37] [INFO] ======================================================================
[2025-11-25 16:55:37] [INFO] ADAPTIVE BUFFERING SERVICE INITIALIZED
[2025-11-25 16:55:37] [INFO] ======================================================================
[2025-11-25 16:55:37] [INFO] Buffer range: 5-100 docs
[2025-11-25 16:55:37] [INFO] Interval range: 0.5-5.0s
[2025-11-25 16:55:37] [INFO] CSV Export: Enabled
[2025-11-25 16:55:37] [INFO] ======================================================================
[2025-11-25 16:55:37] [INFO] âœ“ Alert monitoring worker started
[2025-11-25 16:55:37] [INFO] ======================================================================
[2025-11-25 16:55:37] [INFO] ALERT SERVICE INITIALIZED
[2025-11-25 16:55:37] [INFO] ======================================================================
[2025-11-25 16:55:37] [INFO] Alert threshold: 5 anomalies/1h
[2025-11-25 16:55:37] [INFO] Cooldown period: 30 minutes
[2025-11-25 16:55:37] [INFO] CSV Export: Enabled
[2025-11-25 16:55:37] [INFO] ======================================================================
[2025-11-25 16:57:22] [INFO] ======================================================================
[2025-11-25 16:57:22] [INFO] AQUAGUARD MIDDLEWARE SERVER v6.0
[2025-11-25 16:57:22] [INFO] ======================================================================
[2025-11-25 16:57:22] [INFO] [ES] Initializing client for: https://localhost:9200
[2025-11-25 16:57:22] [INFO] [ES] Connecting to https://localhost:9200
[2025-11-25 16:57:22] [INFO] [ES] Using CA cert: http_ca.crt
[2025-11-25 16:57:22] [INFO] HEAD https://localhost:9200/ [status:200 duration:0.016s]
[2025-11-25 16:57:22] [INFO] HEAD https://localhost:9200/depot_air_qc_data [status:200 duration:0.003s]
[2025-11-25 16:57:22] [INFO] POST https://localhost:9200/depot_air_qc_data/_count [status:200 duration:0.005s]
[2025-11-25 16:57:22] [INFO] [ES] Connected — Index 'depot_air_qc_data' contains 809 docs
[2025-11-25 16:57:22] [INFO] [INIT] CSV Exporter enabled
[2025-11-25 16:57:22] [INFO] [INFO] Reports will be saved to: reports
[2025-11-25 16:57:22] [INFO] [OK] Background workers started
[2025-11-25 16:57:22] [INFO] ======================================================================
[2025-11-25 16:57:22] [INFO] ADAPTIVE BUFFERING SERVICE INITIALIZED
[2025-11-25 16:57:22] [INFO] ======================================================================
[2025-11-25 16:57:22] [INFO] Buffer range: 5-100 docs
[2025-11-25 16:57:22] [INFO] Interval range: 0.5-5.0s
[2025-11-25 16:57:22] [INFO] CSV Export: Enabled
[2025-11-25 16:57:22] [INFO] ======================================================================
[2025-11-25 16:57:22] [INFO] ======================================================================
[2025-11-25 16:57:22] [INFO] ALERT SERVICE INITIALIZED
[2025-11-25 16:57:22] [INFO] ======================================================================
[2025-11-25 16:57:22] [INFO] Alert threshold: 5 anomalies/1h
[2025-11-25 16:57:22] [INFO] Cooldown period: 30 minutes
[2025-11-25 16:57:22] [INFO] CSV Export: Enabled
[2025-11-25 16:57:22] [INFO] ======================================================================
[2025-11-25 16:58:09] [INFO] ======================================================================
[2025-11-25 16:58:09] [INFO] AQUAGUARD MIDDLEWARE SERVER v6.0
[2025-11-25 16:58:09] [INFO] ======================================================================
[2025-11-25 16:58:09] [INFO] [ES] Initializing client for: https://localhost:9200
[2025-11-25 16:58:09] [INFO] [ES] Connecting to https://localhost:9200
[2025-11-25 16:58:09] [INFO] [ES] Using CA cert: http_ca.crt
[2025-11-25 16:58:09] [INFO] HEAD https://localhost:9200/ [status:200 duration:0.018s]
[2025-11-25 16:58:09] [INFO] HEAD https://localhost:9200/depot_air_qc_data [status:200 duration:0.004s]
[2025-11-25 16:58:09] [INFO] POST https://localhost:9200/depot_air_qc_data/_count [status:200 duration:0.004s]
[2025-11-25 16:58:09] [INFO] [ES] Connected — Index 'depot_air_qc_data' contains 809 docs
[2025-11-25 16:58:09] [INFO] [INIT] CSV Exporter enabled
[2025-11-25 16:58:09] [INFO] [INFO] Reports will be saved to: reports
[2025-11-25 16:58:09] [INFO] [OK] Background workers started
[2025-11-25 16:58:09] [INFO] ======================================================================
[2025-11-25 16:58:09] [INFO] ADAPTIVE BUFFERING SERVICE INITIALIZED
[2025-11-25 16:58:09] [INFO] ======================================================================
[2025-11-25 16:58:09] [INFO] Buffer range: 5-100 docs
[2025-11-25 16:58:09] [INFO] Interval range: 0.5-5.0s
[2025-11-25 16:58:09] [INFO] CSV Export: Enabled
[2025-11-25 16:58:09] [INFO] ======================================================================
[2025-11-25 16:58:09] [INFO] ======================================================================
[2025-11-25 16:58:09] [INFO] ALERT SERVICE INITIALIZED
[2025-11-25 16:58:09] [INFO] ======================================================================
[2025-11-25 16:58:09] [INFO] Alert threshold: 5 anomalies/1h
[2025-11-25 16:58:09] [INFO] Cooldown period: 30 minutes
[2025-11-25 16:58:09] [INFO] CSV Export: Enabled
[2025-11-25 16:58:09] [INFO] ======================================================================
[2025-11-25 17:00:55] [INFO] ======================================================================
[2025-11-25 17:00:55] [INFO] AQUAGUARD MIDDLEWARE SERVER v6.0
[2025-11-25 17:00:55] [INFO] ======================================================================
[2025-11-25 17:00:55] [INFO] [ES] Initializing client for: https://localhost:9200
[2025-11-25 17:00:55] [INFO] [ES] Connecting to https://localhost:9200
[2025-11-25 17:00:55] [INFO] [ES] Using CA cert: http_ca.crt
[2025-11-25 17:00:55] [INFO] HEAD https://localhost:9200/ [status:200 duration:0.015s]
[2025-11-25 17:00:55] [INFO] HEAD https://localhost:9200/depot_air_qc_data [status:200 duration:0.003s]
[2025-11-25 17:00:55] [INFO] POST https://localhost:9200/depot_air_qc_data/_count [status:200 duration:0.003s]
[2025-11-25 17:00:55] [INFO] [ES] Connected — Index 'depot_air_qc_data' contains 809 docs
[2025-11-25 17:00:55] [INFO] [INIT] CSV Exporter enabled
[2025-11-25 17:00:55] [INFO] [INFO] Reports will be saved to: reports
[2025-11-25 17:00:55] [INFO] [OK] Background workers started
[2025-11-25 17:00:55] [INFO] ======================================================================
[2025-11-25 17:00:55] [INFO] ADAPTIVE BUFFERING SERVICE INITIALIZED
[2025-11-25 17:00:55] [INFO] ======================================================================
[2025-11-25 17:00:55] [INFO] Buffer range: 5-100 docs
[2025-11-25 17:00:55] [INFO] Interval range: 0.5-5.0s
[2025-11-25 17:00:55] [INFO] CSV Export: Enabled
[2025-11-25 17:00:55] [INFO] ======================================================================
[2025-11-25 17:00:55] [INFO] ======================================================================
[2025-11-25 17:00:55] [INFO] ALERT SERVICE INITIALIZED
[2025-11-25 17:00:55] [INFO] ======================================================================
[2025-11-25 17:00:55] [INFO] Alert threshold: 5 anomalies/1h
[2025-11-25 17:00:55] [INFO] Cooldown period: 30 minutes
[2025-11-25 17:00:55] [INFO] CSV Export: Enabled
[2025-11-25 17:00:55] [INFO] ======================================================================
[2025-11-25 17:00:56] [INFO] ======================================================================
[2025-11-25 17:00:56] [INFO] [START] Server starting on 0.0.0.0:5000
[2025-11-25 17:00:56] [INFO] ======================================================================
[2025-11-25 17:00:56] [INFO] Serving on http://0.0.0.0:5000
[2025-11-25 17:01:14] [INFO] [STATS] Fetching system statistics...
[2025-11-25 17:01:14] [INFO] HEAD https://localhost:9200/ [status:200 duration:0.003s]
[2025-11-25 17:01:14] [INFO] HEAD https://localhost:9200/ [status:200 duration:0.003s]
[2025-11-25 17:01:15] [INFO] GET https://localhost:9200/_ml/anomaly_detectors/water_quality_anomaly [status:404 duration:0.031s]
[2025-11-25 17:01:15] [ERROR] [ML STATUS ERROR] NotFoundError(404, 'resource_not_found_exception', "No known job with id 'water_quality_anomaly'")
Traceback (most recent call last):
  File "C:\Users\vanguard\OneDrive\Documents\Projek_SistemOperasi_backup\backend\src\services\ml_service.py", line 100, in get_status
    result = self.es.ml.get_jobs(job_id=self.job_id, request_timeout=5)
  File "C:\Users\vanguard\AppData\Local\Programs\Python\Python310\lib\site-packages\elasticsearch\_sync\client\utils.py", line 402, in wrapped
    return api(*args, **kwargs)
  File "C:\Users\vanguard\AppData\Local\Programs\Python\Python310\lib\site-packages\elasticsearch\_sync\client\ml.py", line 1673, in get_jobs
    return self.perform_request(  # type: ignore[return-value]
  File "C:\Users\vanguard\AppData\Local\Programs\Python\Python310\lib\site-packages\elasticsearch\_sync\client\_base.py", line 389, in perform_request
    return self._client.perform_request(
  File "C:\Users\vanguard\AppData\Local\Programs\Python\Python310\lib\site-packages\elasticsearch\_sync\client\_base.py", line 320, in perform_request
    raise HTTP_EXCEPTIONS.get(meta.status, ApiError)(
elasticsearch.NotFoundError: NotFoundError(404, 'resource_not_found_exception', "No known job with id 'water_quality_anomaly'")
[2025-11-25 17:01:15] [INFO] POST https://localhost:9200/depot_air_qc_data/_search [status:200 duration:0.048s]
[2025-11-25 17:01:15] [INFO] [STATS] Fetching system statistics...
[2025-11-25 17:01:15] [INFO] HEAD https://localhost:9200/ [status:200 duration:0.003s]
[2025-11-25 17:01:26] [INFO] POST https://localhost:9200/depot_air_qc_data/_search [status:200 duration:0.046s]
[2025-11-25 17:01:26] [INFO] GET https://localhost:9200/_ml/anomaly_detectors/water_quality_anomaly [status:404 duration:0.004s]
[2025-11-25 17:01:26] [ERROR] [ML STATUS ERROR] NotFoundError(404, 'resource_not_found_exception', "No known job with id 'water_quality_anomaly'")
Traceback (most recent call last):
  File "C:\Users\vanguard\OneDrive\Documents\Projek_SistemOperasi_backup\backend\src\services\ml_service.py", line 100, in get_status
    result = self.es.ml.get_jobs(job_id=self.job_id, request_timeout=5)
  File "C:\Users\vanguard\AppData\Local\Programs\Python\Python310\lib\site-packages\elasticsearch\_sync\client\utils.py", line 402, in wrapped
    return api(*args, **kwargs)
  File "C:\Users\vanguard\AppData\Local\Programs\Python\Python310\lib\site-packages\elasticsearch\_sync\client\ml.py", line 1673, in get_jobs
    return self.perform_request(  # type: ignore[return-value]
  File "C:\Users\vanguard\AppData\Local\Programs\Python\Python310\lib\site-packages\elasticsearch\_sync\client\_base.py", line 389, in perform_request
    return self._client.perform_request(
  File "C:\Users\vanguard\AppData\Local\Programs\Python\Python310\lib\site-packages\elasticsearch\_sync\client\_base.py", line 320, in perform_request
    raise HTTP_EXCEPTIONS.get(meta.status, ApiError)(
elasticsearch.NotFoundError: NotFoundError(404, 'resource_not_found_exception', "No known job with id 'water_quality_anomaly'")
[2025-11-25 17:01:42] [INFO] POST https://localhost:9200/depot_air_qc_data/_search [status:200 duration:0.044s]
[2025-11-25 17:01:57] [INFO] [STATS] Fetching system statistics...
[2025-11-25 17:01:57] [INFO] HEAD https://localhost:9200/ [status:200 duration:0.003s]
[2025-11-25 17:01:57] [INFO] POST https://localhost:9200/depot_air_qc_data/_search [status:200 duration:0.046s]
[2025-11-25 17:02:11] [INFO] POST https://localhost:9200/depot_air_qc_data/_search [status:200 duration:0.047s]
[2025-11-25 17:02:21] [INFO] POST https://localhost:9200/depot_air_qc_data/_search [status:200 duration:0.049s]
[2025-11-25 17:02:25] [INFO] POST https://localhost:9200/.ml-anomalies-*/_search [status:200 duration:0.049s]
[2025-11-25 17:02:26] [WARNING] Task queue depth is 1
[2025-11-25 17:02:26] [INFO] HEAD https://localhost:9200/ [status:200 duration:0.003s]
[2025-11-25 17:02:26] [INFO] [STATS] Fetching system statistics...
[2025-11-25 17:02:26] [WARNING] Task queue depth is 1
[2025-11-25 17:02:26] [WARNING] Task queue depth is 2
[2025-11-25 17:02:26] [WARNING] Task queue depth is 3
[2025-11-25 17:02:27] [WARNING] Task queue depth is 4
[2025-11-25 17:02:30] [WARNING] Task queue depth is 5
[2025-11-25 17:02:32] [WARNING] Task queue depth is 6
[2025-11-25 17:02:36] [WARNING] Task queue depth is 7
[2025-11-25 17:02:36] [WARNING] Task queue depth is 8
[2025-11-25 17:02:36] [WARNING] Task queue depth is 9
[2025-11-25 17:02:42] [WARNING] Task queue depth is 10
[2025-11-25 17:02:53] [WARNING] Task queue depth is 11
[2025-11-25 17:02:57] [WARNING] Task queue depth is 12
[2025-11-25 17:02:57] [WARNING] Task queue depth is 13
[2025-11-25 17:02:57] [WARNING] Task queue depth is 14
[2025-11-25 17:03:12] [WARNING] Task queue depth is 15
[2025-11-25 17:03:27] [WARNING] Task queue depth is 16
[2025-11-25 17:03:27] [WARNING] Task queue depth is 17
[2025-11-25 17:03:27] [WARNING] Task queue depth is 18
[2025-11-25 17:03:27] [WARNING] Task queue depth is 19
[2025-11-25 17:03:38] [WARNING] Task queue depth is 20
[2025-11-25 17:03:40] [INFO] [SHUTDOWN] Graceful shutdown initiated...
[2025-11-25 17:03:40] [INFO] [SHUTDOWN] Complete
[2025-11-25 17:03:45] [WARNING] 4 thread(s) still running
[2025-11-25 17:03:45] [WARNING] Canceling 20 pending task(s)
[2025-11-25 17:03:52] [INFO] ======================================================================
[2025-11-25 17:03:52] [INFO] AQUAGUARD MIDDLEWARE SERVER v6.0
[2025-11-25 17:03:52] [INFO] ======================================================================
[2025-11-25 17:03:52] [INFO] [ES] Initializing client for: https://localhost:9200
[2025-11-25 17:03:52] [INFO] [ES] Connecting to https://localhost:9200
[2025-11-25 17:03:52] [INFO] [ES] Using CA cert: http_ca.crt
[2025-11-25 17:03:52] [INFO] HEAD https://localhost:9200/ [status:200 duration:0.015s]
[2025-11-25 17:03:52] [INFO] HEAD https://localhost:9200/depot_air_qc_data [status:200 duration:0.003s]
[2025-11-25 17:03:52] [INFO] POST https://localhost:9200/depot_air_qc_data/_count [status:200 duration:0.003s]
[2025-11-25 17:03:52] [INFO] [ES] Connected — Index 'depot_air_qc_data' contains 809 docs
[2025-11-25 17:03:52] [INFO] [INIT] CSV Exporter enabled
[2025-11-25 17:03:52] [INFO] [INFO] Reports will be saved to: reports
[2025-11-25 17:03:52] [INFO] [OK] Background workers started
[2025-11-25 17:03:52] [INFO] ======================================================================
[2025-11-25 17:03:52] [INFO] ADAPTIVE BUFFERING SERVICE INITIALIZED
[2025-11-25 17:03:52] [INFO] ======================================================================
[2025-11-25 17:03:52] [INFO] Buffer range: 5-100 docs
[2025-11-25 17:03:52] [INFO] Interval range: 0.5-5.0s
[2025-11-25 17:03:52] [INFO] CSV Export: Enabled
[2025-11-25 17:03:52] [INFO] ======================================================================
[2025-11-25 17:03:52] [INFO] ======================================================================
[2025-11-25 17:03:52] [INFO] ALERT SERVICE INITIALIZED
[2025-11-25 17:03:52] [INFO] ======================================================================
[2025-11-25 17:03:52] [INFO] Alert threshold: 5 anomalies/1h
[2025-11-25 17:03:52] [INFO] Cooldown period: 30 minutes
[2025-11-25 17:03:52] [INFO] CSV Export: Enabled
[2025-11-25 17:03:52] [INFO] ======================================================================
[2025-11-25 17:03:53] [INFO] ======================================================================
[2025-11-25 17:03:53] [INFO] [START] Server starting on 0.0.0.0:5000
[2025-11-25 17:03:53] [INFO] ======================================================================
[2025-11-25 17:03:53] [INFO] Serving on http://0.0.0.0:5000
[2025-11-25 17:03:57] [INFO] [STATS] Fetching system statistics...
[2025-11-25 17:03:57] [INFO] HEAD https://localhost:9200/ [status:200 duration:0.002s]
[2025-11-25 17:04:17] [INFO] POST https://localhost:9200/depot_air_qc_data/_search [status:200 duration:0.046s]
[2025-11-25 17:04:27] [INFO] GET https://localhost:9200/_ml/anomaly_detectors/water_quality_anomaly [status:404 duration:0.004s]
[2025-11-25 17:04:27] [ERROR] [ML STATUS ERROR] NotFoundError(404, 'resource_not_found_exception', "No known job with id 'water_quality_anomaly'")
Traceback (most recent call last):
  File "C:\Users\vanguard\OneDrive\Documents\Projek_SistemOperasi_backup\backend\src\services\ml_service.py", line 100, in get_status
    result = self.es.ml.get_jobs(job_id=self.job_id, request_timeout=5)
  File "C:\Users\vanguard\AppData\Local\Programs\Python\Python310\lib\site-packages\elasticsearch\_sync\client\utils.py", line 402, in wrapped
    return api(*args, **kwargs)
  File "C:\Users\vanguard\AppData\Local\Programs\Python\Python310\lib\site-packages\elasticsearch\_sync\client\ml.py", line 1673, in get_jobs
    return self.perform_request(  # type: ignore[return-value]
  File "C:\Users\vanguard\AppData\Local\Programs\Python\Python310\lib\site-packages\elasticsearch\_sync\client\_base.py", line 389, in perform_request
    return self._client.perform_request(
  File "C:\Users\vanguard\AppData\Local\Programs\Python\Python310\lib\site-packages\elasticsearch\_sync\client\_base.py", line 320, in perform_request
    raise HTTP_EXCEPTIONS.get(meta.status, ApiError)(
elasticsearch.NotFoundError: NotFoundError(404, 'resource_not_found_exception', "No known job with id 'water_quality_anomaly'")
[2025-11-25 17:04:27] [INFO] [STATS] Fetching system statistics...
[2025-11-25 17:04:27] [INFO] HEAD https://localhost:9200/ [status:200 duration:0.003s]
[2025-11-25 17:04:27] [INFO] HEAD https://localhost:9200/ [status:200 duration:0.002s]
[2025-11-25 17:04:30] [INFO] [SHUTDOWN] Graceful shutdown initiated...
[2025-11-25 17:04:30] [INFO] [SHUTDOWN] Complete
[2025-11-25 17:04:35] [WARNING] 2 thread(s) still running
[2025-11-25 17:04:38] [INFO] ======================================================================
[2025-11-25 17:04:38] [INFO] AQUAGUARD MIDDLEWARE SERVER v6.0
[2025-11-25 17:04:38] [INFO] ======================================================================
[2025-11-25 17:04:38] [INFO] [ES] Initializing client for: https://localhost:9200
[2025-11-25 17:04:38] [INFO] [ES] Connecting to https://localhost:9200
[2025-11-25 17:04:38] [INFO] [ES] Using CA cert: http_ca.crt
[2025-11-25 17:04:38] [INFO] HEAD https://localhost:9200/ [status:200 duration:0.013s]
[2025-11-25 17:04:38] [INFO] HEAD https://localhost:9200/depot_air_qc_data [status:200 duration:0.003s]
[2025-11-25 17:04:38] [INFO] POST https://localhost:9200/depot_air_qc_data/_count [status:200 duration:0.003s]
[2025-11-25 17:04:38] [INFO] [ES] Connected — Index 'depot_air_qc_data' contains 809 docs
[2025-11-25 17:04:38] [INFO] [INIT] CSV Exporter enabled
[2025-11-25 17:04:38] [INFO] [INFO] Reports will be saved to: reports
[2025-11-25 17:04:38] [INFO] [OK] Background workers started
[2025-11-25 17:04:38] [INFO] ======================================================================
[2025-11-25 17:04:38] [INFO] ADAPTIVE BUFFERING SERVICE INITIALIZED
[2025-11-25 17:04:38] [INFO] ======================================================================
[2025-11-25 17:04:38] [INFO] Buffer range: 5-100 docs
[2025-11-25 17:04:38] [INFO] Interval range: 0.5-5.0s
[2025-11-25 17:04:38] [INFO] CSV Export: Enabled
[2025-11-25 17:04:38] [INFO] ======================================================================
[2025-11-25 17:04:38] [INFO] [OK] Alert monitoring worker started
[2025-11-25 17:04:38] [INFO] ======================================================================
[2025-11-25 17:04:38] [INFO] ALERT SERVICE INITIALIZED
[2025-11-25 17:04:38] [INFO] ======================================================================
[2025-11-25 17:04:38] [INFO] Alert threshold: 5 anomalies/1h
[2025-11-25 17:04:38] [INFO] Cooldown period: 30 minutes
[2025-11-25 17:04:38] [INFO] CSV Export: Enabled
[2025-11-25 17:04:38] [INFO] ======================================================================
[2025-11-25 17:04:40] [INFO] ======================================================================
[2025-11-25 17:04:40] [INFO] [START] Server starting on 0.0.0.0:5000
[2025-11-25 17:04:40] [INFO] ======================================================================
[2025-11-25 17:04:40] [INFO] Serving on http://0.0.0.0:5000
[2025-11-25 17:04:54] [INFO] POST https://localhost:9200/depot_air_qc_data/_search [status:200 duration:0.045s]
[2025-11-25 17:04:57] [INFO] [STATS] Fetching system statistics...
[2025-11-25 17:04:57] [INFO] HEAD https://localhost:9200/ [status:200 duration:0.004s]
[2025-11-25 17:04:57] [INFO] POST https://localhost:9200/depot_air_qc_data/_search [status:200 duration:0.046s]
[2025-11-25 17:05:11] [INFO] POST https://localhost:9200/depot_air_qc_data/_search [status:200 duration:0.045s]
[2025-11-25 17:05:27] [INFO] HEAD https://localhost:9200/ [status:200 duration:0.002s]
[2025-11-25 17:05:27] [INFO] [STATS] Fetching system statistics...
[2025-11-25 17:05:27] [INFO] GET https://localhost:9200/_ml/anomaly_detectors/water_quality_anomaly [status:404 duration:0.005s]
[2025-11-25 17:05:27] [ERROR] [ML STATUS ERROR] NotFoundError(404, 'resource_not_found_exception', "No known job with id 'water_quality_anomaly'")
Traceback (most recent call last):
  File "C:\Users\vanguard\OneDrive\Documents\Projek_SistemOperasi_backup\backend\src\services\ml_service.py", line 100, in get_status
    result = self.es.ml.get_jobs(job_id=self.job_id, request_timeout=5)
  File "C:\Users\vanguard\AppData\Local\Programs\Python\Python310\lib\site-packages\elasticsearch\_sync\client\utils.py", line 402, in wrapped
    return api(*args, **kwargs)
  File "C:\Users\vanguard\AppData\Local\Programs\Python\Python310\lib\site-packages\elasticsearch\_sync\client\ml.py", line 1673, in get_jobs
    return self.perform_request(  # type: ignore[return-value]
  File "C:\Users\vanguard\AppData\Local\Programs\Python\Python310\lib\site-packages\elasticsearch\_sync\client\_base.py", line 389, in perform_request
    return self._client.perform_request(
  File "C:\Users\vanguard\AppData\Local\Programs\Python\Python310\lib\site-packages\elasticsearch\_sync\client\_base.py", line 320, in perform_request
    raise HTTP_EXCEPTIONS.get(meta.status, ApiError)(
elasticsearch.NotFoundError: NotFoundError(404, 'resource_not_found_exception', "No known job with id 'water_quality_anomaly'")
[2025-11-25 17:05:27] [INFO] [STATS] Fetching system statistics...
[2025-11-25 17:05:27] [WARNING] Task queue depth is 1
[2025-11-25 17:05:27] [WARNING] Task queue depth is 1
[2025-11-25 17:05:27] [INFO] HEAD https://localhost:9200/ [status:200 duration:0.003s]
[2025-11-25 17:05:27] [INFO] POST https://localhost:9200/depot_air_qc_data/_search [status:200 duration:0.047s]
[2025-11-25 17:05:42] [INFO] POST https://localhost:9200/depot_air_qc_data/_search [status:200 duration:0.046s]
[2025-11-25 17:05:57] [WARNING] Task queue depth is 1
[2025-11-25 17:05:57] [WARNING] Task queue depth is 2
[2025-11-25 17:05:57] [INFO] HEAD https://localhost:9200/ [status:200 duration:0.003s]
[2025-11-25 17:05:57] [INFO] [STATS] Fetching system statistics...
[2025-11-25 17:06:12] [WARNING] Task queue depth is 2
[2025-11-25 17:06:27] [WARNING] Task queue depth is 3
[2025-11-25 17:06:27] [WARNING] Task queue depth is 4
[2025-11-25 17:06:27] [WARNING] Task queue depth is 5
[2025-11-25 17:07:16] [WARNING] Task queue depth is 6
[2025-11-25 17:07:16] [WARNING] Task queue depth is 7
[2025-11-25 17:07:16] [WARNING] Task queue depth is 8
[2025-11-25 17:07:27] [WARNING] Task queue depth is 9
[2025-11-25 17:07:27] [WARNING] Task queue depth is 10
[2025-11-25 17:07:27] [WARNING] Task queue depth is 11
[2025-11-25 17:08:16] [WARNING] Task queue depth is 12
[2025-11-25 17:08:16] [WARNING] Task queue depth is 13
[2025-11-25 17:08:16] [WARNING] Task queue depth is 14
[2025-11-25 17:09:16] [WARNING] Task queue depth is 15
[2025-11-25 17:09:16] [WARNING] Task queue depth is 16
[2025-11-25 17:09:16] [WARNING] Task queue depth is 17
[2025-11-25 17:09:16] [WARNING] Task queue depth is 18
[2025-11-25 17:09:16] [WARNING] Task queue depth is 19
[2025-11-25 17:09:16] [WARNING] Task queue depth is 20
[2025-11-25 17:10:16] [WARNING] Task queue depth is 21
[2025-11-25 17:10:16] [WARNING] Task queue depth is 22
[2025-11-25 17:10:16] [WARNING] Task queue depth is 23
[2025-11-25 17:10:16] [WARNING] Task queue depth is 24
[2025-11-25 17:10:16] [WARNING] Task queue depth is 25
[2025-11-25 17:10:16] [WARNING] Task queue depth is 26
[2025-11-25 17:11:16] [WARNING] Task queue depth is 27
[2025-11-25 17:11:16] [WARNING] Task queue depth is 28
[2025-11-25 17:11:16] [WARNING] Task queue depth is 29
[2025-11-25 17:11:16] [WARNING] Task queue depth is 30
[2025-11-25 17:11:16] [WARNING] Task queue depth is 31
[2025-11-25 17:11:16] [WARNING] Task queue depth is 32
[2025-11-25 17:12:16] [WARNING] Task queue depth is 33
[2025-11-25 17:12:16] [WARNING] Task queue depth is 34
[2025-11-25 17:12:16] [WARNING] Task queue depth is 35
[2025-11-25 17:12:16] [WARNING] Task queue depth is 36
[2025-11-25 17:12:16] [WARNING] Task queue depth is 37
[2025-11-25 17:12:16] [WARNING] Task queue depth is 38
[2025-11-25 17:13:16] [WARNING] Task queue depth is 39
[2025-11-25 17:13:16] [WARNING] Task queue depth is 40
[2025-11-25 17:13:16] [WARNING] Task queue depth is 41
[2025-11-25 17:13:16] [WARNING] Task queue depth is 42
[2025-11-25 17:13:16] [WARNING] Task queue depth is 43
[2025-11-25 17:13:16] [WARNING] Task queue depth is 44
[2025-11-25 17:14:16] [WARNING] Task queue depth is 45
[2025-11-25 17:14:16] [WARNING] Task queue depth is 46
[2025-11-25 17:14:16] [WARNING] Task queue depth is 47
[2025-11-25 17:14:16] [WARNING] Task queue depth is 48
[2025-11-25 17:14:16] [WARNING] Task queue depth is 49
[2025-11-25 17:14:16] [WARNING] Task queue depth is 50
[2025-11-25 17:15:16] [WARNING] Task queue depth is 51
[2025-11-25 17:15:16] [WARNING] Task queue depth is 52
[2025-11-25 17:15:16] [WARNING] Task queue depth is 53
[2025-11-25 17:15:16] [WARNING] Task queue depth is 54
[2025-11-25 17:15:16] [WARNING] Task queue depth is 55
[2025-11-25 17:15:16] [WARNING] Task queue depth is 56
[2025-11-25 17:16:16] [WARNING] Task queue depth is 57
[2025-11-25 17:16:16] [WARNING] Task queue depth is 58
[2025-11-25 17:16:16] [WARNING] Task queue depth is 59
[2025-11-25 17:16:16] [WARNING] Task queue depth is 60
[2025-11-25 17:16:16] [WARNING] Task queue depth is 61
[2025-11-25 17:16:16] [WARNING] Task queue depth is 62
[2025-11-25 17:17:16] [WARNING] Task queue depth is 63
[2025-11-25 17:17:16] [WARNING] Task queue depth is 64
[2025-11-25 17:17:16] [WARNING] Task queue depth is 65
[2025-11-25 17:17:16] [WARNING] Task queue depth is 66
[2025-11-25 17:17:16] [WARNING] Task queue depth is 67
[2025-11-25 17:17:16] [WARNING] Task queue depth is 68
[2025-11-25 17:18:16] [WARNING] Task queue depth is 69
[2025-11-25 17:18:16] [WARNING] Task queue depth is 70
[2025-11-25 17:18:16] [WARNING] Task queue depth is 71
[2025-11-25 17:18:16] [WARNING] Task queue depth is 72
[2025-11-25 17:18:16] [WARNING] Task queue depth is 73
[2025-11-25 17:18:16] [WARNING] Task queue depth is 74
[2025-11-25 17:19:16] [WARNING] Task queue depth is 75
[2025-11-25 17:19:16] [WARNING] Task queue depth is 76
[2025-11-25 17:19:16] [WARNING] Task queue depth is 77
[2025-11-25 17:19:16] [WARNING] Task queue depth is 78
[2025-11-25 17:19:16] [WARNING] Task queue depth is 79
[2025-11-25 17:19:16] [WARNING] Task queue depth is 80
[2025-11-25 17:20:16] [WARNING] Task queue depth is 81
[2025-11-25 17:20:16] [WARNING] Task queue depth is 82
[2025-11-25 17:20:16] [WARNING] Task queue depth is 83
[2025-11-25 17:20:16] [WARNING] Task queue depth is 84
[2025-11-25 17:20:16] [WARNING] Task queue depth is 85
[2025-11-25 17:20:16] [WARNING] Task queue depth is 86
[2025-11-25 17:21:16] [WARNING] Task queue depth is 87
[2025-11-25 17:21:16] [WARNING] Task queue depth is 88
[2025-11-25 17:21:16] [WARNING] Task queue depth is 89
[2025-11-25 17:21:16] [WARNING] Task queue depth is 90
[2025-11-25 17:21:16] [WARNING] Task queue depth is 91
[2025-11-25 17:21:16] [WARNING] Task queue depth is 92
[2025-11-25 17:22:16] [WARNING] Task queue depth is 93
[2025-11-25 17:22:16] [WARNING] total open connections reached the connection limit, no longer accepting new connections
[2025-11-25 17:22:16] [WARNING] Task queue depth is 94
[2025-11-25 17:28:45] [INFO] [SHUTDOWN] Graceful shutdown initiated...
[2025-11-25 17:28:45] [INFO] [SHUTDOWN] Complete
[2025-11-25 17:28:50] [WARNING] 4 thread(s) still running
[2025-11-25 17:28:50] [WARNING] Canceling 94 pending task(s)
[2025-11-25 17:28:53] [INFO] ======================================================================
[2025-11-25 17:28:53] [INFO] AQUAGUARD MIDDLEWARE SERVER v6.0
[2025-11-25 17:28:53] [INFO] ======================================================================
[2025-11-25 17:28:53] [INFO] [ES] Initializing client for: https://localhost:9200
[2025-11-25 17:28:53] [INFO] [ES] Connecting to https://localhost:9200
[2025-11-25 17:28:53] [INFO] [ES] Using CA cert: http_ca.crt
[2025-11-25 17:28:53] [INFO] HEAD https://localhost:9200/ [status:200 duration:0.014s]
[2025-11-25 17:28:53] [INFO] HEAD https://localhost:9200/depot_air_qc_data [status:200 duration:0.003s]
[2025-11-25 17:28:53] [INFO] POST https://localhost:9200/depot_air_qc_data/_count [status:200 duration:0.002s]
[2025-11-25 17:28:53] [INFO] [ES] Connected — Index 'depot_air_qc_data' contains 809 docs
[2025-11-25 17:28:53] [INFO] [INIT] CSV Exporter enabled
[2025-11-25 17:28:53] [INFO] [INFO] Reports will be saved to: reports
[2025-11-25 17:28:53] [INFO] [OK] Background workers started
[2025-11-25 17:28:53] [INFO] ======================================================================
[2025-11-25 17:28:53] [INFO] ADAPTIVE BUFFERING SERVICE INITIALIZED
[2025-11-25 17:28:53] [INFO] ======================================================================
[2025-11-25 17:28:53] [INFO] Buffer range: 5-100 docs
[2025-11-25 17:28:53] [INFO] Interval range: 0.5-5.0s
[2025-11-25 17:28:53] [INFO] CSV Export: Enabled
[2025-11-25 17:28:53] [INFO] ======================================================================
[2025-11-25 17:28:53] [INFO] [OK] Alert monitoring worker started
[2025-11-25 17:28:53] [INFO] ======================================================================
[2025-11-25 17:28:53] [INFO] ALERT SERVICE INITIALIZED
[2025-11-25 17:28:53] [INFO] ======================================================================
[2025-11-25 17:28:53] [INFO] Alert threshold: 5 anomalies/1h
[2025-11-25 17:28:53] [INFO] Cooldown period: 30 minutes
[2025-11-25 17:28:53] [INFO] CSV Export: Enabled
[2025-11-25 17:28:53] [INFO] ======================================================================
[2025-11-25 17:28:54] [INFO] ======================================================================
[2025-11-25 17:28:54] [INFO] [START] Server starting on 0.0.0.0:5000
[2025-11-25 17:28:54] [INFO] ======================================================================
[2025-11-25 17:28:54] [INFO] Serving on http://0.0.0.0:5000
[2025-11-25 17:28:55] [INFO] POST https://localhost:9200/.ml-anomalies-*/_search [status:200 duration:0.048s]
[2025-11-25 17:28:57] [INFO] [STATS] Fetching system statistics...
[2025-11-25 17:28:57] [INFO] HEAD https://localhost:9200/ [status:200 duration:0.002s]
[2025-11-25 17:28:57] [INFO] POST https://localhost:9200/depot_air_qc_data/_search [status:200 duration:0.045s]
[2025-11-25 17:28:58] [INFO] POST https://localhost:9200/.ml-anomalies-*/_search [status:200 duration:0.046s]
[2025-11-25 17:29:12] [INFO] POST https://localhost:9200/depot_air_qc_data/_search [status:200 duration:0.048s]
[2025-11-25 17:29:27] [INFO] [STATS] Fetching system statistics...
[2025-11-25 17:29:27] [INFO] HEAD https://localhost:9200/ [status:200 duration:0.003s]
[2025-11-25 17:29:27] [INFO] GET https://localhost:9200/_ml/anomaly_detectors/water_quality_anomaly [status:404 duration:0.004s]
[2025-11-25 17:29:27] [ERROR] [ML STATUS ERROR] NotFoundError(404, 'resource_not_found_exception', "No known job with id 'water_quality_anomaly'")
Traceback (most recent call last):
  File "C:\Users\vanguard\OneDrive\Documents\Projek_SistemOperasi_backup\backend\src\services\ml_service.py", line 100, in get_status
    result = self.es.ml.get_jobs(job_id=self.job_id, request_timeout=5)
  File "C:\Users\vanguard\AppData\Local\Programs\Python\Python310\lib\site-packages\elasticsearch\_sync\client\utils.py", line 402, in wrapped
    return api(*args, **kwargs)
  File "C:\Users\vanguard\AppData\Local\Programs\Python\Python310\lib\site-packages\elasticsearch\_sync\client\ml.py", line 1673, in get_jobs
    return self.perform_request(  # type: ignore[return-value]
  File "C:\Users\vanguard\AppData\Local\Programs\Python\Python310\lib\site-packages\elasticsearch\_sync\client\_base.py", line 389, in perform_request
    return self._client.perform_request(
  File "C:\Users\vanguard\AppData\Local\Programs\Python\Python310\lib\site-packages\elasticsearch\_sync\client\_base.py", line 320, in perform_request
    raise HTTP_EXCEPTIONS.get(meta.status, ApiError)(
elasticsearch.NotFoundError: NotFoundError(404, 'resource_not_found_exception', "No known job with id 'water_quality_anomaly'")
[2025-11-25 17:29:27] [WARNING] Task queue depth is 1
[2025-11-25 17:29:27] [INFO] HEAD https://localhost:9200/ [status:200 duration:0.003s]
[2025-11-25 17:29:27] [INFO] [STATS] Fetching system statistics...
[2025-11-25 17:29:27] [INFO] POST https://localhost:9200/depot_air_qc_data/_search [status:200 duration:0.043s]
[2025-11-25 17:30:16] [WARNING] Task queue depth is 1
[2025-11-25 17:30:16] [WARNING] Task queue depth is 2
[2025-11-25 17:30:16] [INFO] POST https://localhost:9200/depot_air_qc_data/_search [status:200 duration:0.048s]
[2025-11-25 17:30:16] [INFO] [STATS] Fetching system statistics...
[2025-11-25 17:31:16] [WARNING] Task queue depth is 2
[2025-11-25 17:31:16] [WARNING] Task queue depth is 3
[2025-11-25 17:31:16] [WARNING] Task queue depth is 4
[2025-11-25 17:31:16] [WARNING] Task queue depth is 5
[2025-11-25 17:31:16] [WARNING] Task queue depth is 6
[2025-11-25 17:31:16] [WARNING] Task queue depth is 7
[2025-11-25 17:32:16] [WARNING] Task queue depth is 8
[2025-11-25 17:32:16] [WARNING] Task queue depth is 9
[2025-11-25 17:32:16] [WARNING] Task queue depth is 10
[2025-11-25 17:32:16] [WARNING] Task queue depth is 11
[2025-11-25 17:32:16] [WARNING] Task queue depth is 12
[2025-11-25 17:32:16] [WARNING] Task queue depth is 13
[2025-11-25 17:32:24] [INFO] [SHUTDOWN] Graceful shutdown initiated...
[2025-11-25 17:32:24] [INFO] [SHUTDOWN] Complete
[2025-11-25 17:32:30] [WARNING] 4 thread(s) still running
[2025-11-25 17:32:30] [WARNING] Canceling 13 pending task(s)
[2025-11-25 17:32:36] [INFO] ======================================================================
[2025-11-25 17:32:36] [INFO] AQUAGUARD MIDDLEWARE SERVER v6.0
[2025-11-25 17:32:36] [INFO] ======================================================================
[2025-11-25 17:32:36] [INFO] [ES] Initializing client for: https://localhost:9200
[2025-11-25 17:32:36] [INFO] [ES] Connecting to https://localhost:9200
[2025-11-25 17:32:36] [INFO] [ES] Using CA cert: http_ca.crt
[2025-11-25 17:32:36] [INFO] HEAD https://localhost:9200/ [status:200 duration:0.010s]
[2025-11-25 17:32:36] [INFO] HEAD https://localhost:9200/depot_air_qc_data [status:200 duration:0.001s]
[2025-11-25 17:32:36] [INFO] POST https://localhost:9200/depot_air_qc_data/_count [status:200 duration:0.003s]
[2025-11-25 17:32:36] [INFO] [ES] Connected — Index 'depot_air_qc_data' contains 809 docs
[2025-11-25 17:32:36] [INFO] [INIT] CSV Exporter enabled
[2025-11-25 17:32:36] [INFO] [INFO] Reports will be saved to: reports
[2025-11-25 17:32:36] [INFO] [OK] Background workers started
[2025-11-25 17:32:36] [INFO] ======================================================================
[2025-11-25 17:32:36] [INFO] ADAPTIVE BUFFERING SERVICE INITIALIZED
[2025-11-25 17:32:36] [INFO] ======================================================================
[2025-11-25 17:32:36] [INFO] Buffer range: 5-100 docs
[2025-11-25 17:32:36] [INFO] Interval range: 0.5-5.0s
[2025-11-25 17:32:36] [INFO] CSV Export: Enabled
[2025-11-25 17:32:36] [INFO] ======================================================================
[2025-11-25 17:32:36] [INFO] [OK] Alert monitoring worker started
[2025-11-25 17:32:36] [INFO] ======================================================================
[2025-11-25 17:32:36] [INFO] ALERT SERVICE INITIALIZED
[2025-11-25 17:32:36] [INFO] ======================================================================
[2025-11-25 17:32:36] [INFO] Alert threshold: 5 anomalies/1h
[2025-11-25 17:32:36] [INFO] Cooldown period: 30 minutes
[2025-11-25 17:32:36] [INFO] CSV Export: Enabled
[2025-11-25 17:32:36] [INFO] ======================================================================
[2025-11-25 17:32:37] [INFO] ======================================================================
[2025-11-25 17:32:37] [INFO] [START] Server starting on 0.0.0.0:5000
[2025-11-25 17:32:37] [INFO] ======================================================================
[2025-11-25 17:32:37] [INFO] Serving on http://0.0.0.0:5000
[2025-11-25 17:32:37] [INFO] [STATS] Fetching system statistics...
[2025-11-25 17:32:37] [INFO] [STATS] Fetching system statistics...
[2025-11-25 17:32:37] [WARNING] Task queue depth is 1
[2025-11-25 17:32:37] [INFO] HEAD https://localhost:9200/ [status:200 duration:0.006s]
[2025-11-25 17:32:37] [WARNING] Task queue depth is 2
[2025-11-25 17:32:37] [INFO] HEAD https://localhost:9200/ [status:200 duration:0.015s]
[2025-11-25 17:32:38] [INFO] GET https://localhost:9200/_ml/anomaly_detectors/water_quality_anomaly [status:404 duration:0.004s]
[2025-11-25 17:32:38] [ERROR] [ML STATUS ERROR] NotFoundError(404, 'resource_not_found_exception', "No known job with id 'water_quality_anomaly'")
Traceback (most recent call last):
  File "C:\Users\vanguard\OneDrive\Documents\Projek_SistemOperasi_backup\backend\src\services\ml_service.py", line 100, in get_status
    result = self.es.ml.get_jobs(job_id=self.job_id, request_timeout=5)
  File "C:\Users\vanguard\AppData\Local\Programs\Python\Python310\lib\site-packages\elasticsearch\_sync\client\utils.py", line 402, in wrapped
    return api(*args, **kwargs)
  File "C:\Users\vanguard\AppData\Local\Programs\Python\Python310\lib\site-packages\elasticsearch\_sync\client\ml.py", line 1673, in get_jobs
    return self.perform_request(  # type: ignore[return-value]
  File "C:\Users\vanguard\AppData\Local\Programs\Python\Python310\lib\site-packages\elasticsearch\_sync\client\_base.py", line 389, in perform_request
    return self._client.perform_request(
  File "C:\Users\vanguard\AppData\Local\Programs\Python\Python310\lib\site-packages\elasticsearch\_sync\client\_base.py", line 320, in perform_request
    raise HTTP_EXCEPTIONS.get(meta.status, ApiError)(
elasticsearch.NotFoundError: NotFoundError(404, 'resource_not_found_exception', "No known job with id 'water_quality_anomaly'")
[2025-11-25 17:32:38] [INFO] POST https://localhost:9200/depot_air_qc_data/_search [status:200 duration:0.046s]
[2025-11-25 17:36:34] [INFO] [SHUTDOWN] Graceful shutdown initiated...
[2025-11-25 17:36:34] [INFO] [SHUTDOWN] Complete
[2025-11-25 17:36:39] [WARNING] 2 thread(s) still running
[2025-11-25 17:36:42] [INFO] ======================================================================
[2025-11-25 17:36:42] [INFO] AQUAGUARD MIDDLEWARE SERVER v6.0
[2025-11-25 17:36:42] [INFO] ======================================================================
[2025-11-25 17:36:42] [INFO] [ES] Initializing client for: https://localhost:9200
[2025-11-25 17:36:42] [INFO] [ES] Connecting to https://localhost:9200
[2025-11-25 17:36:42] [INFO] [ES] Using CA cert: http_ca.crt
[2025-11-25 17:36:42] [INFO] HEAD https://localhost:9200/ [status:200 duration:0.029s]
[2025-11-25 17:36:42] [INFO] HEAD https://localhost:9200/depot_air_qc_data [status:200 duration:0.003s]
[2025-11-25 17:36:42] [INFO] POST https://localhost:9200/depot_air_qc_data/_count [status:200 duration:0.004s]
[2025-11-25 17:36:42] [INFO] [ES] Connected — Index 'depot_air_qc_data' contains 809 docs
[2025-11-25 17:36:42] [INFO] [INIT] CSV Exporter enabled
[2025-11-25 17:36:42] [INFO] [INFO] Reports will be saved to: reports
[2025-11-25 17:36:42] [INFO] [OK] Background workers started
[2025-11-25 17:36:42] [INFO] ======================================================================
[2025-11-25 17:36:42] [INFO] ADAPTIVE BUFFERING SERVICE INITIALIZED
[2025-11-25 17:36:42] [INFO] ======================================================================
[2025-11-25 17:36:42] [INFO] Buffer range: 5-100 docs
[2025-11-25 17:36:42] [INFO] Interval range: 0.5-5.0s
[2025-11-25 17:36:42] [INFO] CSV Export: Enabled
[2025-11-25 17:36:42] [INFO] ======================================================================
[2025-11-25 17:36:42] [INFO] [OK] Alert monitoring worker started
[2025-11-25 17:36:42] [INFO] ======================================================================
[2025-11-25 17:36:42] [INFO] ALERT SERVICE INITIALIZED
[2025-11-25 17:36:42] [INFO] ======================================================================
[2025-11-25 17:36:42] [INFO] Alert threshold: 5 anomalies/1h
[2025-11-25 17:36:42] [INFO] Cooldown period: 30 minutes
[2025-11-25 17:36:42] [INFO] CSV Export: Enabled
[2025-11-25 17:36:42] [INFO] ======================================================================
[2025-11-25 17:36:43] [INFO] ======================================================================
[2025-11-25 17:36:43] [INFO] [START] Server starting on 0.0.0.0:5000
[2025-11-25 17:36:43] [INFO] ======================================================================
[2025-11-25 17:36:43] [INFO] Serving on http://0.0.0.0:5000
[2025-11-25 17:36:51] [INFO] HEAD https://localhost:9200/ [status:200 duration:0.004s]
[2025-11-25 17:36:51] [INFO] [STATS] Fetching system statistics...
[2025-11-25 17:37:01] [INFO] POST https://localhost:9200/depot_air_qc_data/_search [status:200 duration:0.046s]
[2025-11-25 17:37:01] [INFO] POST https://localhost:9200/depot_air_qc_data/_search [status:200 duration:0.048s]
[2025-11-25 17:37:01] [INFO] GET https://localhost:9200/_ml/anomaly_detectors/water_quality_anomaly [status:404 duration:0.005s]
[2025-11-25 17:37:01] [ERROR] [ML STATUS ERROR] NotFoundError(404, 'resource_not_found_exception', "No known job with id 'water_quality_anomaly'")
Traceback (most recent call last):
  File "C:\Users\vanguard\OneDrive\Documents\Projek_SistemOperasi_backup\backend\src\services\ml_service.py", line 100, in get_status
    result = self.es.ml.get_jobs(job_id=self.job_id, request_timeout=5)
  File "C:\Users\vanguard\AppData\Local\Programs\Python\Python310\lib\site-packages\elasticsearch\_sync\client\utils.py", line 402, in wrapped
    return api(*args, **kwargs)
  File "C:\Users\vanguard\AppData\Local\Programs\Python\Python310\lib\site-packages\elasticsearch\_sync\client\ml.py", line 1673, in get_jobs
    return self.perform_request(  # type: ignore[return-value]
  File "C:\Users\vanguard\AppData\Local\Programs\Python\Python310\lib\site-packages\elasticsearch\_sync\client\_base.py", line 389, in perform_request
    return self._client.perform_request(
  File "C:\Users\vanguard\AppData\Local\Programs\Python\Python310\lib\site-packages\elasticsearch\_sync\client\_base.py", line 320, in perform_request
    raise HTTP_EXCEPTIONS.get(meta.status, ApiError)(
elasticsearch.NotFoundError: NotFoundError(404, 'resource_not_found_exception', "No known job with id 'water_quality_anomaly'")
[2025-11-25 17:37:02] [INFO] POST https://localhost:9200/.ml-anomalies-*/_search [status:200 duration:0.045s]
[2025-11-25 17:37:03] [INFO] POST https://localhost:9200/.ml-anomalies-*/_search [status:200 duration:0.047s]
[2025-11-25 17:37:04] [INFO] POST https://localhost:9200/depot_air_qc_data/_search?_source_includes=tds_ppm,%40timestamp [status:200 duration:0.046s]
[2025-11-25 17:37:04] [INFO] POST https://localhost:9200/depot_air_qc_data/_search [status:200 duration:0.048s]
[2025-11-25 17:37:04] [INFO] [PREDICTION] Summary generated successfully
[2025-11-25 17:37:04] [INFO] POST https://localhost:9200/depot_air_qc_data/_search [status:200 duration:0.048s]
[2025-11-25 17:37:04] [INFO] [PREDICTION] Forecast generated: 12 points
[2025-11-25 17:37:07] [INFO] [STATS] Fetching system statistics...
[2025-11-25 17:37:07] [INFO] HEAD https://localhost:9200/ [status:200 duration:0.001s]
[2025-11-25 17:37:08] [INFO] POST https://localhost:9200/.ml-anomalies-*/_search [status:200 duration:0.046s]
[2025-11-25 17:37:09] [INFO] POST https://localhost:9200/.ml-anomalies-*/_search [status:200 duration:0.050s]
[2025-11-25 17:37:10] [INFO] POST https://localhost:9200/.ml-anomalies-*/_search [status:200 duration:0.047s]
[2025-11-25 17:37:17] [INFO] POST https://localhost:9200/depot_air_qc_data/_search [status:200 duration:0.046s]
[2025-11-25 17:37:32] [INFO] [STATS] Fetching system statistics...
[2025-11-25 17:37:32] [WARNING] Task queue depth is 1
[2025-11-25 17:37:32] [INFO] POST https://localhost:9200/depot_air_qc_data/_search [status:200 duration:0.048s]
[2025-11-25 17:37:32] [INFO] HEAD https://localhost:9200/ [status:200 duration:0.004s]
[2025-11-25 17:37:47] [INFO] POST https://localhost:9200/depot_air_qc_data/_search [status:200 duration:0.046s]
[2025-11-25 17:38:02] [INFO] [STATS] Fetching system statistics...
[2025-11-25 17:38:02] [WARNING] Task queue depth is 1
[2025-11-25 17:38:02] [WARNING] Task queue depth is 2
[2025-11-25 17:38:02] [WARNING] Task queue depth is 3
[2025-11-25 17:38:13] [WARNING] Task queue depth is 4
[2025-11-25 17:38:13] [WARNING] Task queue depth is 5
[2025-11-25 17:38:17] [WARNING] Task queue depth is 6
[2025-11-25 17:38:32] [WARNING] Task queue depth is 7
[2025-11-25 17:38:32] [WARNING] Task queue depth is 8
[2025-11-25 17:38:32] [WARNING] Task queue depth is 9
[2025-11-25 17:38:47] [WARNING] Task queue depth is 10
[2025-11-25 17:39:02] [WARNING] Task queue depth is 11
[2025-11-25 17:39:02] [WARNING] Task queue depth is 12
[2025-11-25 17:39:02] [WARNING] Task queue depth is 13
[2025-11-25 17:39:02] [WARNING] Task queue depth is 14
[2025-11-25 17:39:13] [WARNING] Task queue depth is 15
[2025-11-25 17:39:13] [WARNING] Task queue depth is 16
[2025-11-25 17:39:17] [WARNING] Task queue depth is 17
[2025-11-25 17:39:32] [WARNING] Task queue depth is 18
[2025-11-25 17:39:32] [WARNING] Task queue depth is 19
[2025-11-25 17:39:32] [WARNING] Task queue depth is 20
[2025-11-25 17:39:47] [WARNING] Task queue depth is 21
[2025-11-25 17:40:02] [WARNING] Task queue depth is 22
[2025-11-25 17:40:02] [WARNING] Task queue depth is 23
[2025-11-25 17:40:02] [WARNING] Task queue depth is 24
[2025-11-25 17:40:16] [WARNING] Task queue depth is 25
[2025-11-25 17:41:02] [WARNING] Task queue depth is 26
[2025-11-25 17:41:02] [WARNING] Task queue depth is 27
[2025-11-25 17:41:02] [WARNING] Task queue depth is 28
[2025-11-25 17:41:16] [WARNING] Task queue depth is 29
[2025-11-25 17:41:16] [WARNING] Task queue depth is 30
[2025-11-25 17:41:16] [WARNING] Task queue depth is 31
[2025-11-25 17:42:02] [WARNING] Task queue depth is 32
[2025-11-25 17:42:16] [WARNING] Task queue depth is 33
[2025-11-25 17:42:16] [WARNING] Task queue depth is 34
[2025-11-25 17:42:16] [WARNING] Task queue depth is 35
[2025-11-25 17:42:47] [WARNING] Task queue depth is 36
[2025-11-25 17:42:47] [WARNING] Task queue depth is 37
[2025-11-25 17:42:47] [WARNING] Task queue depth is 38
[2025-11-25 17:42:48] [WARNING] Task queue depth is 39
[2025-11-25 17:42:54] [INFO] [SHUTDOWN] Graceful shutdown initiated...
[2025-11-25 17:42:54] [INFO] [SHUTDOWN] Complete
[2025-11-25 17:42:59] [WARNING] 4 thread(s) still running
[2025-11-25 17:42:59] [WARNING] Canceling 39 pending task(s)
[2025-11-25 17:43:03] [INFO] ======================================================================
[2025-11-25 17:43:03] [INFO] AQUAGUARD MIDDLEWARE SERVER v6.0
[2025-11-25 17:43:03] [INFO] ======================================================================
[2025-11-25 17:43:03] [INFO] [ES] Initializing client for: https://localhost:9200
[2025-11-25 17:43:03] [INFO] [ES] Connecting to https://localhost:9200
[2025-11-25 17:43:03] [INFO] [ES] Using CA cert: http_ca.crt
[2025-11-25 17:43:03] [INFO] HEAD https://localhost:9200/ [status:200 duration:0.032s]
[2025-11-25 17:43:03] [INFO] HEAD https://localhost:9200/depot_air_qc_data [status:200 duration:0.002s]
[2025-11-25 17:43:03] [INFO] POST https://localhost:9200/depot_air_qc_data/_count [status:200 duration:0.002s]
[2025-11-25 17:43:03] [INFO] [ES] Connected — Index 'depot_air_qc_data' contains 809 docs
[2025-11-25 17:43:03] [INFO] [INIT] CSV Exporter enabled
[2025-11-25 17:43:03] [INFO] [INFO] Reports will be saved to: reports
[2025-11-25 17:43:03] [INFO] [OK] Background workers started
[2025-11-25 17:43:03] [INFO] ======================================================================
[2025-11-25 17:43:03] [INFO] ADAPTIVE BUFFERING SERVICE INITIALIZED
[2025-11-25 17:43:03] [INFO] ======================================================================
[2025-11-25 17:43:03] [INFO] Buffer range: 5-100 docs
[2025-11-25 17:43:03] [INFO] Interval range: 0.5-5.0s
[2025-11-25 17:43:03] [INFO] CSV Export: Enabled
[2025-11-25 17:43:03] [INFO] ======================================================================
[2025-11-25 17:43:03] [INFO] [OK] Alert monitoring worker started
[2025-11-25 17:43:03] [INFO] ======================================================================
[2025-11-25 17:43:03] [INFO] ALERT SERVICE INITIALIZED
[2025-11-25 17:43:03] [INFO] ======================================================================
[2025-11-25 17:43:03] [INFO] Alert threshold: 5 anomalies/1h
[2025-11-25 17:43:03] [INFO] Cooldown period: 30 minutes
[2025-11-25 17:43:03] [INFO] CSV Export: Enabled
[2025-11-25 17:43:03] [INFO] ======================================================================
[2025-11-25 17:43:04] [INFO] ======================================================================
[2025-11-25 17:43:04] [INFO] [START] Server starting on 0.0.0.0:5000
[2025-11-25 17:43:04] [INFO] ======================================================================
[2025-11-25 17:43:04] [INFO] Serving on http://0.0.0.0:5000
[2025-11-25 17:43:12] [INFO] HEAD https://localhost:9200/ [status:200 duration:0.008s]
[2025-11-25 17:43:12] [INFO] [STATS] Fetching system statistics...
[2025-11-25 17:43:14] [INFO] POST https://localhost:9200/depot_air_qc_data/_search [status:200 duration:0.045s]
[2025-11-25 17:43:14] [INFO] POST https://localhost:9200/.ml-anomalies-*/_search [status:200 duration:0.044s]
[2025-11-25 17:43:15] [INFO] POST https://localhost:9200/.ml-anomalies-*/_search [status:200 duration:0.050s]
[2025-11-25 17:43:16] [INFO] POST https://localhost:9200/.ml-anomalies-*/_search [status:200 duration:0.045s]
[2025-11-25 17:43:22] [INFO] POST https://localhost:9200/depot_air_qc_data/_search [status:200 duration:0.043s]
[2025-11-25 17:43:22] [INFO] GET https://localhost:9200/_ml/anomaly_detectors/prediksi_tds_jenuh [status:200 duration:0.005s]
[2025-11-25 17:43:22] [INFO] GET https://localhost:9200/_ml/anomaly_detectors/prediksi_tds_jenuh/_stats [status:200 duration:0.006s]
[2025-11-25 17:43:22] [INFO] POST https://localhost:9200/.ml-anomalies-*/_search [status:200 duration:0.047s]
[2025-11-25 17:43:38] [INFO] POST https://localhost:9200/depot_air_qc_data/_search [status:200 duration:0.047s]
[2025-11-25 17:43:53] [INFO] [STATS] Fetching system statistics...
[2025-11-25 17:43:53] [INFO] HEAD https://localhost:9200/ [status:200 duration:0.002s]
[2025-11-25 17:43:53] [INFO] POST https://localhost:9200/depot_air_qc_data/_search [status:200 duration:0.045s]
[2025-11-25 17:44:08] [INFO] POST https://localhost:9200/depot_air_qc_data/_search [status:200 duration:0.045s]
[2025-11-25 17:44:23] [INFO] HEAD https://localhost:9200/ [status:200 duration:0.003s]
[2025-11-25 17:44:23] [INFO] [STATS] Fetching system statistics...
[2025-11-25 17:44:23] [WARNING] Task queue depth is 1
[2025-11-25 17:44:23] [WARNING] Task queue depth is 2
[2025-11-25 17:44:23] [INFO] POST https://localhost:9200/depot_air_qc_data/_search [status:200 duration:0.046s]
[2025-11-25 17:44:23] [INFO] GET https://localhost:9200/_ml/anomaly_detectors/prediksi_tds_jenuh [status:200 duration:0.005s]
[2025-11-25 17:44:23] [INFO] GET https://localhost:9200/_ml/anomaly_detectors/prediksi_tds_jenuh/_stats [status:200 duration:0.009s]
[2025-11-25 17:44:23] [INFO] POST https://localhost:9200/.ml-anomalies-*/_search [status:200 duration:0.047s]
[2025-11-25 17:44:23] [INFO] HEAD https://localhost:9200/ [status:200 duration:0.002s]
[2025-11-25 17:44:34] [INFO] [STATS] Fetching system statistics...
[2025-11-25 17:44:38] [WARNING] Task queue depth is 1
[2025-11-25 17:44:53] [WARNING] Task queue depth is 2
[2025-11-25 17:44:53] [WARNING] Task queue depth is 3
[2025-11-25 17:44:53] [WARNING] Task queue depth is 4
[2025-11-25 17:45:08] [WARNING] Task queue depth is 5
[2025-11-25 17:45:23] [WARNING] Task queue depth is 6
[2025-11-25 17:45:23] [WARNING] Task queue depth is 7
[2025-11-25 17:45:23] [WARNING] Task queue depth is 8
[2025-11-25 17:45:23] [WARNING] Task queue depth is 9
[2025-11-25 17:45:34] [WARNING] Task queue depth is 10
[2025-11-25 17:45:34] [WARNING] Task queue depth is 11
[2025-11-25 17:45:38] [WARNING] Task queue depth is 12
[2025-11-25 17:45:53] [WARNING] Task queue depth is 13
[2025-11-25 17:45:53] [WARNING] Task queue depth is 14
[2025-11-25 17:45:53] [WARNING] Task queue depth is 15
[2025-11-25 17:46:16] [WARNING] Task queue depth is 16
[2025-11-25 17:46:23] [WARNING] Task queue depth is 17
[2025-11-25 17:46:23] [WARNING] Task queue depth is 18
[2025-11-25 17:46:23] [WARNING] Task queue depth is 19
[2025-11-25 17:46:31] [WARNING] Task queue depth is 20
[2025-11-25 17:46:33] [WARNING] Task queue depth is 21
[2025-11-25 17:46:33] [WARNING] Task queue depth is 22
[2025-11-25 17:46:40] [WARNING] Task queue depth is 23
[2025-11-25 17:46:53] [WARNING] Task queue depth is 24
[2025-11-25 17:46:53] [WARNING] Task queue depth is 25
[2025-11-25 17:46:53] [WARNING] Task queue depth is 26
[2025-11-25 17:47:08] [WARNING] Task queue depth is 27
[2025-11-25 17:47:14] [INFO] [SHUTDOWN] Graceful shutdown initiated...
[2025-11-25 17:47:14] [INFO] [SHUTDOWN] Complete
[2025-11-25 17:47:19] [WARNING] 4 thread(s) still running
[2025-11-25 17:47:19] [WARNING] Canceling 27 pending task(s)
[2025-11-25 17:47:25] [INFO] ======================================================================
[2025-11-25 17:47:25] [INFO] AQUAGUARD MIDDLEWARE SERVER v6.0
[2025-11-25 17:47:25] [INFO] ======================================================================
[2025-11-25 17:47:25] [INFO] [ES] Initializing client for: https://localhost:9200
[2025-11-25 17:47:25] [INFO] [ES] Connecting to https://localhost:9200
[2025-11-25 17:47:25] [INFO] [ES] Using CA cert: http_ca.crt
[2025-11-25 17:47:25] [INFO] HEAD https://localhost:9200/ [status:200 duration:0.018s]
[2025-11-25 17:47:25] [INFO] HEAD https://localhost:9200/depot_air_qc_data [status:200 duration:0.004s]
[2025-11-25 17:47:25] [INFO] POST https://localhost:9200/depot_air_qc_data/_count [status:200 duration:0.003s]
[2025-11-25 17:47:25] [INFO] [ES] Connected — Index 'depot_air_qc_data' contains 809 docs
[2025-11-25 17:47:25] [INFO] [INIT] CSV Exporter enabled
[2025-11-25 17:47:25] [INFO] [INFO] Reports will be saved to: reports
[2025-11-25 17:47:25] [INFO] [OK] Background workers started
[2025-11-25 17:47:25] [INFO] ======================================================================
[2025-11-25 17:47:25] [INFO] ADAPTIVE BUFFERING SERVICE INITIALIZED
[2025-11-25 17:47:25] [INFO] ======================================================================
[2025-11-25 17:47:25] [INFO] Buffer range: 5-100 docs
[2025-11-25 17:47:25] [INFO] Interval range: 0.5-5.0s
[2025-11-25 17:47:25] [INFO] CSV Export: Enabled
[2025-11-25 17:47:25] [INFO] ======================================================================
[2025-11-25 17:47:25] [INFO] [OK] Alert monitoring worker started
[2025-11-25 17:47:25] [INFO] ======================================================================
[2025-11-25 17:47:25] [INFO] ALERT SERVICE INITIALIZED
[2025-11-25 17:47:25] [INFO] ======================================================================
[2025-11-25 17:47:25] [INFO] Alert threshold: 5 anomalies/1h
[2025-11-25 17:47:25] [INFO] Cooldown period: 30 minutes
[2025-11-25 17:47:25] [INFO] CSV Export: Enabled
[2025-11-25 17:47:25] [INFO] ======================================================================
[2025-11-25 17:47:26] [INFO] ======================================================================
[2025-11-25 17:47:26] [INFO] [START] Server starting on 0.0.0.0:5000
[2025-11-25 17:47:26] [INFO] ======================================================================
[2025-11-25 17:47:26] [INFO] Serving on http://0.0.0.0:5000
[2025-11-25 17:47:33] [INFO] HEAD https://localhost:9200/ [status:200 duration:0.003s]
[2025-11-25 17:47:33] [INFO] [STATS] Fetching system statistics...
[2025-11-25 17:47:36] [INFO] POST https://localhost:9200/depot_air_qc_data/_search [status:200 duration:0.047s]
[2025-11-25 17:47:38] [INFO] POST https://localhost:9200/.ml-anomalies-*/_search [status:200 duration:0.046s]
[2025-11-25 17:47:39] [INFO] POST https://localhost:9200/depot_air_qc_data/_search [status:200 duration:0.045s]
[2025-11-25 17:47:40] [INFO] POST https://localhost:9200/.ml-anomalies-*/_search [status:200 duration:0.044s]
[2025-11-25 17:47:41] [INFO] POST https://localhost:9200/depot_air_qc_data/_search [status:200 duration:0.047s]
[2025-11-25 17:47:43] [INFO] POST https://localhost:9200/depot_air_qc_data/_search [status:200 duration:0.044s]
[2025-11-25 17:47:43] [INFO] GET https://localhost:9200/_ml/anomaly_detectors/prediksi_tds_jenuh [status:200 duration:0.008s]
[2025-11-25 17:47:43] [INFO] GET https://localhost:9200/_ml/anomaly_detectors/prediksi_tds_jenuh/_stats [status:200 duration:0.007s]
[2025-11-25 17:47:44] [INFO] POST https://localhost:9200/.ml-anomalies-*/_search [status:200 duration:0.045s]
[2025-11-25 17:47:45] [INFO] POST https://localhost:9200/.ml-anomalies-*/_search [status:200 duration:0.046s]
[2025-11-25 17:47:46] [INFO] POST https://localhost:9200/.ml-anomalies-*/_search [status:200 duration:0.045s]
[2025-11-25 17:47:47] [INFO] POST https://localhost:9200/depot_air_qc_data/_search?_source_includes=tds_ppm,%40timestamp [status:200 duration:0.048s]
[2025-11-25 17:47:48] [INFO] POST https://localhost:9200/depot_air_qc_data/_search [status:200 duration:0.047s]
[2025-11-25 17:47:48] [INFO] [PREDICTION] Summary generated successfully
[2025-11-25 17:47:48] [INFO] POST https://localhost:9200/depot_air_qc_data/_search [status:200 duration:0.048s]
[2025-11-25 17:47:48] [INFO] [PREDICTION] Forecast generated: 12 points
[2025-11-25 17:47:51] [INFO] [STATS] Fetching system statistics...
[2025-11-25 17:47:51] [INFO] HEAD https://localhost:9200/ [status:200 duration:0.002s]
[2025-11-25 17:47:59] [INFO] POST https://localhost:9200/depot_air_qc_data/_search [status:200 duration:0.046s]
[2025-11-25 17:48:14] [INFO] HEAD https://localhost:9200/ [status:200 duration:0.003s]
[2025-11-25 17:48:14] [INFO] [STATS] Fetching system statistics...
[2025-11-25 17:48:14] [INFO] POST https://localhost:9200/depot_air_qc_data/_search [status:200 duration:0.047s]
[2025-11-25 17:48:29] [INFO] POST https://localhost:9200/depot_air_qc_data/_search [status:200 duration:0.045s]
[2025-11-25 17:48:44] [INFO] [STATS] Fetching system statistics...
[2025-11-25 17:48:44] [WARNING] Task queue depth is 1
[2025-11-25 17:48:44] [WARNING] Task queue depth is 2
[2025-11-25 17:48:44] [WARNING] Task queue depth is 3
[2025-11-25 17:48:55] [WARNING] Task queue depth is 4
[2025-11-25 17:48:55] [WARNING] Task queue depth is 5
[2025-11-25 17:48:59] [WARNING] Task queue depth is 6
[2025-11-25 17:49:14] [WARNING] Task queue depth is 7
[2025-11-25 17:49:14] [WARNING] Task queue depth is 8
[2025-11-25 17:49:14] [WARNING] Task queue depth is 9
[2025-11-25 17:49:44] [WARNING] Task queue depth is 10
[2025-11-25 17:49:44] [WARNING] Task queue depth is 11
[2025-11-25 17:49:44] [WARNING] Task queue depth is 12
[2025-11-25 17:49:55] [WARNING] Task queue depth is 13
[2025-11-25 17:49:55] [WARNING] Task queue depth is 14
[2025-11-25 17:50:14] [WARNING] Task queue depth is 15
[2025-11-25 17:50:14] [WARNING] Task queue depth is 16
[2025-11-25 17:50:16] [WARNING] Task queue depth is 17
[2025-11-25 17:50:44] [WARNING] Task queue depth is 18
[2025-11-25 17:50:44] [WARNING] Task queue depth is 19
[2025-11-25 17:50:44] [WARNING] Task queue depth is 20
[2025-11-25 17:51:16] [WARNING] Task queue depth is 21
[2025-11-25 17:51:16] [WARNING] Task queue depth is 22
[2025-11-25 17:51:16] [WARNING] Task queue depth is 23
[2025-11-25 17:51:29] [WARNING] Task queue depth is 24
[2025-11-25 17:51:44] [WARNING] Task queue depth is 25
[2025-11-25 17:51:44] [WARNING] Task queue depth is 26
[2025-11-25 17:51:44] [WARNING] Task queue depth is 27
[2025-11-25 17:51:44] [WARNING] Task queue depth is 28
[2025-11-25 17:51:54] [WARNING] Task queue depth is 29
[2025-11-25 17:51:54] [WARNING] Task queue depth is 30
[2025-11-25 17:51:59] [WARNING] Task queue depth is 31
[2025-11-25 17:52:14] [WARNING] Task queue depth is 32
[2025-11-25 17:52:14] [WARNING] Task queue depth is 33
[2025-11-25 17:52:14] [WARNING] Task queue depth is 34
[2025-11-25 17:52:44] [WARNING] Task queue depth is 35
[2025-11-25 17:53:16] [WARNING] Task queue depth is 36
[2025-11-25 17:53:16] [WARNING] Task queue depth is 37
[2025-11-25 17:53:16] [WARNING] Task queue depth is 38
[2025-11-25 17:53:44] [WARNING] Task queue depth is 39
[2025-11-25 17:54:04] [WARNING] Task queue depth is 40
[2025-11-25 17:54:04] [WARNING] Task queue depth is 41
[2025-11-25 17:54:16] [WARNING] Task queue depth is 42
[2025-11-25 17:54:16] [WARNING] Task queue depth is 43
[2025-11-25 17:54:16] [WARNING] Task queue depth is 44
[2025-11-25 17:54:57] [WARNING] Task queue depth is 45
[2025-11-25 17:54:57] [WARNING] Task queue depth is 46
[2025-11-25 17:54:57] [WARNING] Task queue depth is 47
[2025-11-25 17:54:57] [WARNING] Task queue depth is 48
[2025-11-25 17:55:08] [WARNING] Task queue depth is 49
[2025-11-25 17:55:08] [WARNING] Task queue depth is 50
[2025-11-25 17:55:08] [WARNING] Task queue depth is 51
[2025-11-25 17:55:14] [WARNING] Task queue depth is 52
[2025-11-25 17:55:14] [WARNING] Task queue depth is 53
[2025-11-25 17:55:14] [WARNING] Task queue depth is 54
[2025-11-25 17:55:29] [WARNING] Task queue depth is 55
[2025-11-25 17:55:44] [WARNING] Task queue depth is 56
[2025-11-25 17:55:44] [WARNING] Task queue depth is 57
[2025-11-25 17:55:44] [WARNING] Task queue depth is 58
[2025-11-25 17:55:44] [WARNING] Task queue depth is 59
[2025-11-25 17:55:54] [WARNING] Task queue depth is 60
[2025-11-25 17:55:54] [WARNING] Task queue depth is 61
[2025-11-25 17:56:00] [INFO] [SHUTDOWN] Graceful shutdown initiated...
[2025-11-25 17:56:00] [INFO] [SHUTDOWN] Complete
[2025-11-25 17:56:05] [WARNING] 4 thread(s) still running
[2025-11-25 17:56:05] [WARNING] Canceling 61 pending task(s)
[2025-11-25 17:56:08] [INFO] ======================================================================
[2025-11-25 17:56:08] [INFO] AQUAGUARD MIDDLEWARE SERVER v6.0
[2025-11-25 17:56:08] [INFO] ======================================================================
[2025-11-25 17:56:08] [INFO] [ES] Initializing client for: https://localhost:9200
[2025-11-25 17:56:08] [INFO] [ES] Connecting to https://localhost:9200
[2025-11-25 17:56:08] [INFO] [ES] Using CA cert: http_ca.crt
[2025-11-25 17:56:08] [INFO] HEAD https://localhost:9200/ [status:200 duration:0.077s]
[2025-11-25 17:56:08] [INFO] HEAD https://localhost:9200/depot_air_qc_data [status:200 duration:0.014s]
[2025-11-25 17:56:08] [INFO] POST https://localhost:9200/depot_air_qc_data/_count [status:200 duration:0.008s]
[2025-11-25 17:56:08] [INFO] [ES] Connected — Index 'depot_air_qc_data' contains 809 docs
[2025-11-25 17:56:08] [INFO] [INIT] CSV Exporter enabled
[2025-11-25 17:56:08] [INFO] [INFO] Reports will be saved to: reports
[2025-11-25 17:56:08] [INFO] [OK] Background workers started
[2025-11-25 17:56:08] [INFO] ======================================================================
[2025-11-25 17:56:08] [INFO] ADAPTIVE BUFFERING SERVICE INITIALIZED
[2025-11-25 17:56:08] [INFO] ======================================================================
[2025-11-25 17:56:08] [INFO] Buffer range: 5-100 docs
[2025-11-25 17:56:08] [INFO] Interval range: 0.5-5.0s
[2025-11-25 17:56:08] [INFO] CSV Export: Enabled
[2025-11-25 17:56:08] [INFO] ======================================================================
[2025-11-25 17:56:08] [INFO] [OK] Alert monitoring worker started
[2025-11-25 17:56:08] [INFO] ======================================================================
[2025-11-25 17:56:08] [INFO] ALERT SERVICE INITIALIZED
[2025-11-25 17:56:08] [INFO] ======================================================================
[2025-11-25 17:56:08] [INFO] Alert threshold: 5 anomalies/1h
[2025-11-25 17:56:08] [INFO] Cooldown period: 30 minutes
[2025-11-25 17:56:08] [INFO] CSV Export: Enabled
[2025-11-25 17:56:08] [INFO] ======================================================================
[2025-11-25 17:56:09] [INFO] ======================================================================
[2025-11-25 17:56:09] [INFO] [START] Server starting on 0.0.0.0:5000
[2025-11-25 17:56:09] [INFO] ======================================================================
[2025-11-25 17:56:09] [INFO] Serving on http://0.0.0.0:5000
[2025-11-25 17:56:12] [INFO] POST https://localhost:9200/depot_air_qc_data/_search [status:200 duration:0.045s]
[2025-11-25 17:56:12] [INFO] HEAD https://localhost:9200/ [status:200 duration:0.002s]
[2025-11-25 17:56:12] [INFO] [STATS] Fetching system statistics...
[2025-11-25 17:56:19] [INFO] POST https://localhost:9200/depot_air_qc_data/_search [status:200 duration:0.049s]
[2025-11-25 17:56:22] [INFO] POST https://localhost:9200/depot_air_qc_data/_search [status:200 duration:0.044s]
[2025-11-25 17:56:22] [INFO] GET https://localhost:9200/_ml/anomaly_detectors/anomali_kekeruhan [status:200 duration:0.004s]
[2025-11-25 17:56:22] [INFO] GET https://localhost:9200/_ml/anomaly_detectors/anomali_kekeruhan/_stats [status:200 duration:0.005s]
[2025-11-25 17:56:22] [INFO] GET https://localhost:9200/_ml/anomaly_detectors/prediksi_tds_jenuh [status:200 duration:0.004s]
[2025-11-25 17:56:22] [INFO] GET https://localhost:9200/_ml/anomaly_detectors/prediksi_tds_jenuh/_stats [status:200 duration:0.018s]
[2025-11-25 17:56:27] [INFO] POST https://localhost:9200/depot_air_qc_data/_search [status:200 duration:0.046s]
[2025-11-25 17:56:28] [INFO] POST https://localhost:9200/.ml-anomalies-*/_search [status:200 duration:0.048s]
[2025-11-25 17:56:29] [INFO] POST https://localhost:9200/.ml-anomalies-*/_search [status:200 duration:0.050s]
[2025-11-25 17:56:30] [INFO] POST https://localhost:9200/depot_air_qc_data/_search?_source_includes=tds_ppm,%40timestamp [status:200 duration:0.047s]
[2025-11-25 17:56:30] [INFO] POST https://localhost:9200/depot_air_qc_data/_search [status:200 duration:0.047s]
[2025-11-25 17:56:30] [INFO] [PREDICTION] Summary generated successfully
[2025-11-25 17:56:30] [INFO] POST https://localhost:9200/depot_air_qc_data/_search [status:200 duration:0.047s]
[2025-11-25 17:56:30] [INFO] [PREDICTION] Forecast generated: 12 points
[2025-11-25 17:56:34] [INFO] [STATS] Fetching system statistics...
[2025-11-25 17:56:34] [INFO] HEAD https://localhost:9200/ [status:200 duration:0.002s]
[2025-11-25 17:56:37] [INFO] POST https://localhost:9200/depot_air_qc_data/_search [status:200 duration:0.052s]
[2025-11-25 17:56:53] [INFO] HEAD https://localhost:9200/ [status:200 duration:0.003s]
[2025-11-25 17:56:53] [INFO] [STATS] Fetching system statistics...
[2025-11-25 17:56:53] [INFO] POST https://localhost:9200/depot_air_qc_data/_search [status:200 duration:0.050s]
[2025-11-25 17:57:08] [INFO] POST https://localhost:9200/depot_air_qc_data/_search [status:200 duration:0.045s]
[2025-11-25 17:57:23] [INFO] [STATS] Fetching system statistics...
[2025-11-25 17:57:23] [WARNING] Task queue depth is 1
[2025-11-25 17:57:23] [WARNING] Task queue depth is 2
[2025-11-25 17:57:23] [WARNING] Task queue depth is 3
[2025-11-25 17:57:34] [WARNING] Task queue depth is 4
[2025-11-25 17:57:34] [WARNING] Task queue depth is 5
[2025-11-25 17:57:38] [WARNING] Task queue depth is 6
[2025-11-25 17:57:53] [WARNING] Task queue depth is 7
[2025-11-25 17:57:53] [WARNING] Task queue depth is 8
[2025-11-25 17:57:53] [WARNING] Task queue depth is 9
[2025-11-25 17:58:16] [WARNING] Task queue depth is 10
[2025-11-25 17:58:23] [WARNING] Task queue depth is 11
[2025-11-25 17:58:23] [WARNING] Task queue depth is 12
[2025-11-25 17:58:23] [WARNING] Task queue depth is 13
[2025-11-25 17:58:34] [WARNING] Task queue depth is 14
[2025-11-25 17:58:34] [WARNING] Task queue depth is 15
[2025-11-25 17:58:53] [WARNING] Task queue depth is 16
[2025-11-25 17:58:53] [WARNING] Task queue depth is 17
[2025-11-25 17:59:01] [WARNING] Task queue depth is 18
[2025-11-25 17:59:11] [WARNING] Task queue depth is 19
[2025-11-25 17:59:23] [WARNING] Task queue depth is 20
[2025-11-25 17:59:23] [WARNING] Task queue depth is 21
[2025-11-25 17:59:23] [WARNING] Task queue depth is 22
[2025-11-25 17:59:23] [WARNING] Task queue depth is 23
[2025-11-25 17:59:33] [WARNING] Task queue depth is 24
[2025-11-25 17:59:33] [WARNING] Task queue depth is 25
[2025-11-25 17:59:38] [WARNING] Task queue depth is 26
[2025-11-25 17:59:53] [WARNING] Task queue depth is 27
[2025-11-25 17:59:53] [WARNING] Task queue depth is 28
[2025-11-25 17:59:53] [WARNING] Task queue depth is 29
[2025-11-25 18:00:02] [WARNING] Task queue depth is 30
[2025-11-25 18:00:03] [WARNING] Task queue depth is 31
[2025-11-25 18:00:07] [WARNING] Task queue depth is 32
[2025-11-25 18:00:07] [WARNING] Task queue depth is 33
[2025-11-25 18:00:09] [WARNING] Task queue depth is 34
[2025-11-25 18:00:14] [WARNING] Task queue depth is 35
[2025-11-25 18:00:23] [WARNING] Task queue depth is 36
[2025-11-25 18:00:23] [WARNING] Task queue depth is 37
[2025-11-25 18:00:23] [WARNING] Task queue depth is 38
[2025-11-25 18:00:23] [WARNING] Task queue depth is 39
[2025-11-25 18:00:34] [WARNING] Task queue depth is 40
[2025-11-25 18:00:34] [WARNING] Task queue depth is 41
[2025-11-25 18:00:35] [WARNING] Task queue depth is 42
[2025-11-25 18:00:38] [WARNING] Task queue depth is 43
[2025-11-25 18:00:53] [WARNING] Task queue depth is 44
[2025-11-25 18:00:53] [WARNING] Task queue depth is 45
[2025-11-25 18:00:53] [WARNING] Task queue depth is 46
[2025-11-25 18:01:08] [WARNING] Task queue depth is 47
[2025-11-25 18:01:23] [WARNING] Task queue depth is 48
[2025-11-25 18:01:23] [WARNING] Task queue depth is 49
[2025-11-25 18:01:23] [WARNING] Task queue depth is 50
[2025-11-25 18:01:23] [WARNING] Task queue depth is 51
[2025-11-25 18:01:33] [WARNING] Task queue depth is 52
[2025-11-25 18:01:33] [WARNING] Task queue depth is 53
[2025-11-25 18:01:38] [WARNING] Task queue depth is 54
[2025-11-25 18:01:53] [WARNING] Task queue depth is 55
[2025-11-25 18:01:53] [WARNING] Task queue depth is 56
[2025-11-25 18:01:53] [WARNING] Task queue depth is 57
[2025-11-25 18:02:08] [WARNING] Task queue depth is 58
[2025-11-25 18:02:23] [WARNING] Task queue depth is 59
[2025-11-25 18:02:23] [WARNING] Task queue depth is 60
[2025-11-25 18:02:23] [WARNING] Task queue depth is 61
[2025-11-25 18:02:23] [WARNING] Task queue depth is 62
[2025-11-25 18:02:33] [WARNING] Task queue depth is 63
[2025-11-25 18:02:33] [WARNING] Task queue depth is 64
[2025-11-25 18:03:16] [WARNING] Task queue depth is 65
[2025-11-25 18:03:16] [WARNING] Task queue depth is 66
[2025-11-25 18:03:16] [WARNING] Task queue depth is 67
[2025-11-25 18:04:16] [WARNING] Task queue depth is 68
[2025-11-25 18:04:16] [WARNING] Task queue depth is 69
[2025-11-25 18:04:16] [WARNING] Task queue depth is 70
[2025-11-25 18:04:16] [WARNING] Task queue depth is 71
[2025-11-25 18:04:27] [WARNING] Task queue depth is 72
[2025-11-25 18:04:27] [WARNING] Task queue depth is 73
[2025-11-25 18:04:27] [WARNING] Task queue depth is 74
[2025-11-25 18:04:27] [WARNING] Task queue depth is 75
[2025-11-25 18:04:27] [WARNING] Task queue depth is 76
[2025-11-25 18:04:27] [WARNING] Task queue depth is 77
[2025-11-25 18:04:35] [WARNING] Task queue depth is 78
[2025-11-25 18:04:35] [WARNING] Task queue depth is 79
[2025-11-25 18:04:38] [WARNING] Task queue depth is 80
[2025-11-25 18:04:53] [WARNING] Task queue depth is 81
[2025-11-25 18:04:53] [WARNING] Task queue depth is 82
[2025-11-25 18:04:53] [WARNING] Task queue depth is 83
[2025-11-25 18:05:08] [WARNING] Task queue depth is 84
[2025-11-25 18:05:23] [WARNING] Task queue depth is 85
[2025-11-25 18:05:23] [WARNING] Task queue depth is 86
[2025-11-25 18:05:23] [WARNING] Task queue depth is 87
[2025-11-25 18:05:23] [WARNING] Task queue depth is 88
[2025-11-25 18:05:43] [WARNING] Task queue depth is 89
[2025-11-25 18:05:43] [WARNING] Task queue depth is 90
[2025-11-25 18:06:16] [WARNING] Task queue depth is 91
[2025-11-25 18:06:16] [WARNING] Task queue depth is 92
[2025-11-25 18:06:16] [WARNING] Task queue depth is 93
[2025-11-25 18:07:16] [WARNING] total open connections reached the connection limit, no longer accepting new connections
[2025-11-25 18:07:16] [WARNING] Task queue depth is 94
[2025-11-25 18:11:06] [INFO] [SHUTDOWN] Graceful shutdown initiated...
[2025-11-25 18:11:06] [INFO] [SHUTDOWN] Complete
[2025-11-25 18:11:11] [WARNING] 4 thread(s) still running
[2025-11-25 18:11:11] [WARNING] Canceling 94 pending task(s)
[2025-11-25 18:11:15] [INFO] ======================================================================
[2025-11-25 18:11:15] [INFO] AQUAGUARD MIDDLEWARE SERVER v6.0
[2025-11-25 18:11:15] [INFO] ======================================================================
[2025-11-25 18:11:15] [INFO] [ES] Initializing client for: https://localhost:9200
[2025-11-25 18:11:15] [INFO] [ES] Connecting to https://localhost:9200
[2025-11-25 18:11:15] [INFO] [ES] Using CA cert: http_ca.crt
[2025-11-25 18:11:15] [INFO] HEAD https://localhost:9200/ [status:200 duration:0.012s]
[2025-11-25 18:11:15] [INFO] HEAD https://localhost:9200/depot_air_qc_data [status:200 duration:0.002s]
[2025-11-25 18:11:15] [INFO] POST https://localhost:9200/depot_air_qc_data/_count [status:200 duration:0.003s]
[2025-11-25 18:11:15] [INFO] [ES] Connected — Index 'depot_air_qc_data' contains 809 docs
[2025-11-25 18:11:15] [INFO] [INIT] CSV Exporter enabled
[2025-11-25 18:11:15] [INFO] [INFO] Reports will be saved to: reports
[2025-11-25 18:11:15] [INFO] [OK] Background workers started
[2025-11-25 18:11:15] [INFO] ======================================================================
[2025-11-25 18:11:15] [INFO] ADAPTIVE BUFFERING SERVICE INITIALIZED
[2025-11-25 18:11:15] [INFO] ======================================================================
[2025-11-25 18:11:15] [INFO] Buffer range: 5-100 docs
[2025-11-25 18:11:15] [INFO] Interval range: 0.5-5.0s
[2025-11-25 18:11:15] [INFO] CSV Export: Enabled
[2025-11-25 18:11:15] [INFO] ======================================================================
[2025-11-25 18:11:15] [INFO] [OK] Alert monitoring worker started
[2025-11-25 18:11:15] [INFO] ======================================================================
[2025-11-25 18:11:15] [INFO] ALERT SERVICE INITIALIZED
[2025-11-25 18:11:15] [INFO] ======================================================================
[2025-11-25 18:11:15] [INFO] Alert threshold: 5 anomalies/1h
[2025-11-25 18:11:15] [INFO] Cooldown period: 30 minutes
[2025-11-25 18:11:15] [INFO] CSV Export: Enabled
[2025-11-25 18:11:15] [INFO] ======================================================================
[2025-11-25 18:11:16] [INFO] [ML SERVICE] Initialized with jobs: anomali_kekeruhan, prediksi_tds_jenuh
[2025-11-25 18:11:16] [INFO] [ML SERVICE] Initialized with jobs: anomali_kekeruhan, prediksi_tds_jenuh
[2025-11-25 18:11:16] [INFO] ======================================================================
[2025-11-25 18:11:16] [INFO] [START] Server starting on 0.0.0.0:5000
[2025-11-25 18:11:16] [INFO] ======================================================================
[2025-11-25 18:11:16] [INFO] Serving on http://0.0.0.0:5000
[2025-11-25 18:11:17] [INFO] [STATS] Fetching system statistics...
[2025-11-25 18:11:17] [INFO] HEAD https://localhost:9200/ [status:200 duration:0.005s]
[2025-11-25 18:11:17] [WARNING] Task queue depth is 1
[2025-11-25 18:11:18] [INFO] POST https://localhost:9200/.ml-anomalies-*/_search [status:200 duration:0.031s]
[2025-11-25 18:11:18] [INFO] POST https://localhost:9200/depot_air_qc_data/_search [status:200 duration:0.049s]
[2025-11-25 18:11:18] [INFO] GET https://localhost:9200/_ml/anomaly_detectors/anomali_kekeruhan [status:200 duration:0.009s]
[2025-11-25 18:11:18] [INFO] POST https://localhost:9200/depot_air_qc_data/_search [status:200 duration:0.062s]
[2025-11-25 18:11:18] [INFO] GET https://localhost:9200/_ml/anomaly_detectors/anomali_kekeruhan/_stats [status:200 duration:0.008s]
[2025-11-25 18:11:18] [INFO] GET https://localhost:9200/_ml/anomaly_detectors/prediksi_tds_jenuh [status:200 duration:0.023s]
[2025-11-25 18:11:18] [INFO] GET https://localhost:9200/_ml/anomaly_detectors/prediksi_tds_jenuh/_stats [status:200 duration:0.007s]
[2025-11-25 18:11:18] [INFO] POST https://localhost:9200/.ml-anomalies-*/_search [status:200 duration:0.061s]
[2025-11-25 18:11:25] [INFO] POST https://localhost:9200/depot_air_qc_data/_search [status:200 duration:0.049s]
[2025-11-25 18:11:26] [INFO] POST https://localhost:9200/.ml-anomalies-*/_search [status:200 duration:0.046s]
[2025-11-25 18:11:27] [INFO] POST https://localhost:9200/.ml-anomalies-*/_search [status:200 duration:0.046s]
[2025-11-25 18:11:28] [INFO] POST https://localhost:9200/depot_air_qc_data/_search?_source_includes=tds_ppm,%40timestamp [status:200 duration:0.050s]
[2025-11-25 18:11:29] [INFO] POST https://localhost:9200/depot_air_qc_data/_search [status:200 duration:0.048s]
[2025-11-25 18:11:29] [INFO] [PREDICTION] Summary generated successfully
[2025-11-25 18:11:29] [INFO] POST https://localhost:9200/depot_air_qc_data/_search [status:200 duration:0.047s]
[2025-11-25 18:11:29] [INFO] [PREDICTION] Forecast generated: 12 points
[2025-11-25 18:11:31] [INFO] HEAD https://localhost:9200/ [status:200 duration:0.002s]
[2025-11-25 18:11:51] [INFO] [STATS] Fetching system statistics...
[2025-11-25 18:13:33] [INFO] [STATS] Fetching system statistics...
[2025-11-25 18:13:33] [WARNING] Task queue depth is 1
[2025-11-25 18:13:33] [WARNING] Task queue depth is 2
[2025-11-25 18:13:33] [WARNING] Task queue depth is 3
[2025-11-25 18:13:33] [INFO] POST https://localhost:9200/.ml-anomalies-*/_search [status:200 duration:0.052s]
[2025-11-25 18:13:33] [INFO] HEAD https://localhost:9200/ [status:200 duration:0.003s]
[2025-11-25 18:13:33] [INFO] POST https://localhost:9200/depot_air_qc_data/_search [status:200 duration:0.044s]
[2025-11-25 18:13:33] [INFO] GET https://localhost:9200/_ml/anomaly_detectors/anomali_kekeruhan [status:200 duration:0.006s]
[2025-11-25 18:13:33] [INFO] GET https://localhost:9200/_ml/anomaly_detectors/anomali_kekeruhan/_stats [status:200 duration:0.005s]
[2025-11-25 18:13:33] [INFO] GET https://localhost:9200/_ml/anomaly_detectors/prediksi_tds_jenuh [status:200 duration:0.007s]
[2025-11-25 18:13:33] [INFO] GET https://localhost:9200/_ml/anomaly_detectors/prediksi_tds_jenuh/_stats [status:200 duration:0.007s]
[2025-11-25 18:13:33] [INFO] POST https://localhost:9200/.ml-anomalies-*/_search [status:200 duration:0.047s]
[2025-11-25 18:13:43] [INFO] HEAD https://localhost:9200/ [status:200 duration:0.003s]
[2025-11-25 18:13:43] [WARNING] Task queue depth is 1
[2025-11-25 18:13:43] [WARNING] Task queue depth is 1
[2025-11-25 18:13:43] [INFO] GET https://localhost:9200/_ml/anomaly_detectors/anomali_kekeruhan [status:200 duration:0.006s]
[2025-11-25 18:13:43] [WARNING] Task queue depth is 2
[2025-11-25 18:13:43] [INFO] GET https://localhost:9200/_ml/anomaly_detectors/anomali_kekeruhan/_stats [status:200 duration:0.004s]
[2025-11-25 18:13:43] [INFO] GET https://localhost:9200/_ml/anomaly_detectors/prediksi_tds_jenuh [status:200 duration:0.007s]
[2025-11-25 18:13:43] [INFO] GET https://localhost:9200/_ml/anomaly_detectors/prediksi_tds_jenuh/_stats [status:200 duration:0.005s]
[2025-11-25 18:13:43] [INFO] POST https://localhost:9200/.ml-anomalies-*/_search [status:200 duration:0.049s]
[2025-11-25 18:13:43] [INFO] POST https://localhost:9200/.ml-anomalies-*/_search [status:200 duration:0.050s]
[2025-11-25 18:13:43] [INFO] POST https://localhost:9200/depot_air_qc_data/_search [status:200 duration:0.047s]
[2025-11-25 18:13:49] [INFO] [SHUTDOWN] Graceful shutdown initiated...
[2025-11-25 18:13:49] [INFO] [SHUTDOWN] Complete
[2025-11-25 18:13:54] [WARNING] 3 thread(s) still running
[2025-11-25 18:13:57] [INFO] ======================================================================
[2025-11-25 18:13:57] [INFO] AQUAGUARD MIDDLEWARE SERVER v6.0
[2025-11-25 18:13:57] [INFO] ======================================================================
[2025-11-25 18:13:57] [INFO] [ES] Initializing client for: https://localhost:9200
[2025-11-25 18:13:57] [INFO] [ES] Connecting to https://localhost:9200
[2025-11-25 18:13:57] [INFO] [ES] Using CA cert: http_ca.crt
[2025-11-25 18:13:57] [INFO] HEAD https://localhost:9200/ [status:200 duration:0.010s]
[2025-11-25 18:13:57] [INFO] HEAD https://localhost:9200/depot_air_qc_data [status:200 duration:0.001s]
[2025-11-25 18:13:57] [INFO] POST https://localhost:9200/depot_air_qc_data/_count [status:200 duration:0.002s]
[2025-11-25 18:13:57] [INFO] [ES] Connected — Index 'depot_air_qc_data' contains 809 docs
[2025-11-25 18:13:57] [INFO] [INIT] CSV Exporter enabled
[2025-11-25 18:13:57] [INFO] [INFO] Reports will be saved to: reports
[2025-11-25 18:13:57] [INFO] [OK] Background workers started
[2025-11-25 18:13:57] [INFO] ======================================================================
[2025-11-25 18:13:57] [INFO] ADAPTIVE BUFFERING SERVICE INITIALIZED
[2025-11-25 18:13:57] [INFO] ======================================================================
[2025-11-25 18:13:57] [INFO] Buffer range: 5-100 docs
[2025-11-25 18:13:57] [INFO] Interval range: 0.5-5.0s
[2025-11-25 18:13:57] [INFO] CSV Export: Enabled
[2025-11-25 18:13:57] [INFO] ======================================================================
[2025-11-25 18:13:57] [INFO] [OK] Alert monitoring worker started
[2025-11-25 18:13:57] [INFO] ======================================================================
[2025-11-25 18:13:57] [INFO] ALERT SERVICE INITIALIZED
[2025-11-25 18:13:57] [INFO] ======================================================================
[2025-11-25 18:13:57] [INFO] Alert threshold: 5 anomalies/1h
[2025-11-25 18:13:57] [INFO] Cooldown period: 30 minutes
[2025-11-25 18:13:57] [INFO] CSV Export: Enabled
[2025-11-25 18:13:57] [INFO] ======================================================================
[2025-11-25 18:13:58] [INFO] [ML SERVICE] Initialized with jobs: anomali_kekeruhan, prediksi_tds_jenuh
[2025-11-25 18:13:58] [INFO] [ML SERVICE] Initialized with jobs: anomali_kekeruhan, prediksi_tds_jenuh
[2025-11-25 18:13:58] [INFO] ======================================================================
[2025-11-25 18:13:58] [INFO] [START] Server starting on 0.0.0.0:5000
[2025-11-25 18:13:58] [INFO] ======================================================================
[2025-11-25 18:13:58] [INFO] Serving on http://0.0.0.0:5000
[2025-11-25 18:14:03] [INFO] [ML STATUS] Checking job: anomali_kekeruhan
[2025-11-25 18:14:03] [INFO] [STATS] Fetching system statistics...
[2025-11-25 18:14:03] [WARNING] Task queue depth is 1
[2025-11-25 18:14:03] [INFO] POST https://localhost:9200/depot_air_qc_data/_search [status:200 duration:0.009s]
[2025-11-25 18:14:03] [INFO] HEAD https://localhost:9200/ [status:200 duration:0.002s]
[2025-11-25 18:14:03] [INFO] GET https://localhost:9200/_ml/anomaly_detectors/anomali_kekeruhan [status:200 duration:0.028s]
[2025-11-25 18:14:03] [INFO] [ML STATUS] Job result for anomali_kekeruhan: 1 jobs found
[2025-11-25 18:14:03] [INFO] [ML STATUS] Job anomali_kekeruhan state: unknown
[2025-11-25 18:14:03] [INFO] GET https://localhost:9200/_ml/anomaly_detectors/anomali_kekeruhan/_stats [status:200 duration:0.004s]
[2025-11-25 18:14:03] [INFO] [ML STATUS] Job anomali_kekeruhan stats - state: opened, processed: 299
[2025-11-25 18:14:03] [INFO] [ML STATUS] Checking job: prediksi_tds_jenuh
[2025-11-25 18:14:03] [INFO] GET https://localhost:9200/_ml/anomaly_detectors/prediksi_tds_jenuh [status:200 duration:0.004s]
[2025-11-25 18:14:03] [INFO] [ML STATUS] Job result for prediksi_tds_jenuh: 1 jobs found
[2025-11-25 18:14:03] [INFO] [ML STATUS] Job prediksi_tds_jenuh state: unknown
[2025-11-25 18:14:03] [INFO] GET https://localhost:9200/_ml/anomaly_detectors/prediksi_tds_jenuh/_stats [status:200 duration:0.005s]
[2025-11-25 18:14:03] [INFO] [ML STATUS] Job prediksi_tds_jenuh stats - state: opened, processed: 299
[2025-11-25 18:14:03] [INFO] POST https://localhost:9200/.ml-anomalies-*/_search [status:200 duration:0.054s]
[2025-11-25 18:14:04] [INFO] POST https://localhost:9200/.ml-anomalies-*/_search [status:200 duration:0.051s]
[2025-11-25 18:14:07] [INFO] [STATS] Fetching system statistics...
[2025-11-25 18:14:07] [INFO] HEAD https://localhost:9200/ [status:200 duration:0.005s]
[2025-11-25 18:14:07] [WARNING] Task queue depth is 1
[2025-11-25 18:14:07] [INFO] [ML STATUS] Checking job: anomali_kekeruhan
[2025-11-25 18:14:07] [WARNING] Task queue depth is 1
[2025-11-25 18:14:07] [WARNING] Task queue depth is 2
[2025-11-25 18:14:07] [INFO] GET https://localhost:9200/_ml/anomaly_detectors/anomali_kekeruhan [status:200 duration:0.007s]
[2025-11-25 18:14:07] [INFO] [ML STATUS] Job result for anomali_kekeruhan: 1 jobs found
[2025-11-25 18:14:07] [INFO] [ML STATUS] Job anomali_kekeruhan state: unknown
[2025-11-25 18:14:07] [INFO] GET https://localhost:9200/_ml/anomaly_detectors/anomali_kekeruhan/_stats [status:200 duration:0.009s]
[2025-11-25 18:14:07] [INFO] [ML STATUS] Job anomali_kekeruhan stats - state: opened, processed: 299
[2025-11-25 18:14:07] [INFO] [ML STATUS] Checking job: prediksi_tds_jenuh
[2025-11-25 18:14:07] [INFO] POST https://localhost:9200/.ml-anomalies-*/_search [status:200 duration:0.052s]
[2025-11-25 18:14:07] [INFO] GET https://localhost:9200/_ml/anomaly_detectors/prediksi_tds_jenuh [status:200 duration:0.008s]
[2025-11-25 18:14:07] [INFO] [ML STATUS] Job result for prediksi_tds_jenuh: 1 jobs found
[2025-11-25 18:14:07] [INFO] [ML STATUS] Job prediksi_tds_jenuh state: unknown
[2025-11-25 18:14:07] [INFO] GET https://localhost:9200/_ml/anomaly_detectors/prediksi_tds_jenuh/_stats [status:200 duration:0.009s]
[2025-11-25 18:14:07] [INFO] [ML STATUS] Job prediksi_tds_jenuh stats - state: opened, processed: 299
[2025-11-25 18:14:07] [INFO] POST https://localhost:9200/depot_air_qc_data/_search [status:200 duration:0.047s]
[2025-11-25 18:14:07] [INFO] POST https://localhost:9200/.ml-anomalies-*/_search [status:200 duration:0.063s]
[2025-11-25 18:14:07] [INFO] POST https://localhost:9200/depot_air_qc_data/_search [status:200 duration:0.053s]
[2025-11-25 18:14:13] [INFO] POST https://localhost:9200/depot_air_qc_data/_search [status:200 duration:0.048s]
[2025-11-25 18:14:14] [INFO] POST https://localhost:9200/.ml-anomalies-*/_search [status:200 duration:0.055s]
[2025-11-25 18:14:16] [INFO] POST https://localhost:9200/.ml-anomalies-*/_search [status:200 duration:0.046s]
[2025-11-25 18:14:17] [INFO] POST https://localhost:9200/.ml-anomalies-*/_search [status:200 duration:0.051s]
[2025-11-25 18:14:18] [INFO] POST https://localhost:9200/depot_air_qc_data/_search?_source_includes=tds_ppm,%40timestamp [status:200 duration:0.044s]
[2025-11-25 18:14:18] [INFO] POST https://localhost:9200/depot_air_qc_data/_search [status:200 duration:0.046s]
[2025-11-25 18:14:18] [INFO] [PREDICTION] Summary generated successfully
[2025-11-25 18:14:18] [INFO] POST https://localhost:9200/depot_air_qc_data/_search [status:200 duration:0.050s]
[2025-11-25 18:14:18] [INFO] [PREDICTION] Forecast generated: 12 points
[2025-11-25 18:14:21] [INFO] HEAD https://localhost:9200/ [status:200 duration:0.002s]
[2025-11-25 18:14:41] [INFO] [STATS] Fetching system statistics...
[2025-11-25 18:16:22] [WARNING] Task queue depth is 1
[2025-11-25 18:16:22] [WARNING] Task queue depth is 2
[2025-11-25 18:16:22] [WARNING] Task queue depth is 3
[2025-11-25 18:16:22] [INFO] HEAD https://localhost:9200/ [status:200 duration:0.003s]
[2025-11-25 18:16:22] [INFO] [ML STATUS] Checking job: anomali_kekeruhan
[2025-11-25 18:16:22] [INFO] GET https://localhost:9200/_ml/anomaly_detectors/anomali_kekeruhan [status:200 duration:0.006s]
[2025-11-25 18:16:22] [INFO] [ML STATUS] Job result for anomali_kekeruhan: 1 jobs found
[2025-11-25 18:16:22] [INFO] [ML STATUS] Job anomali_kekeruhan state: unknown
[2025-11-25 18:16:22] [INFO] GET https://localhost:9200/_ml/anomaly_detectors/anomali_kekeruhan/_stats [status:200 duration:0.006s]
[2025-11-25 18:16:22] [INFO] [ML STATUS] Job anomali_kekeruhan stats - state: opened, processed: 299
[2025-11-25 18:16:22] [INFO] [ML STATUS] Checking job: prediksi_tds_jenuh
[2025-11-25 18:16:22] [INFO] GET https://localhost:9200/_ml/anomaly_detectors/prediksi_tds_jenuh [status:200 duration:0.008s]
[2025-11-25 18:16:22] [INFO] [ML STATUS] Job result for prediksi_tds_jenuh: 1 jobs found
[2025-11-25 18:16:22] [INFO] [ML STATUS] Job prediksi_tds_jenuh state: unknown
[2025-11-25 18:16:22] [INFO] GET https://localhost:9200/_ml/anomaly_detectors/prediksi_tds_jenuh/_stats [status:200 duration:0.007s]
[2025-11-25 18:16:22] [INFO] [ML STATUS] Job prediksi_tds_jenuh stats - state: opened, processed: 299
[2025-11-25 18:16:22] [WARNING] Task queue depth is 3
[2025-11-25 18:16:22] [INFO] POST https://localhost:9200/.ml-anomalies-*/_search [status:200 duration:0.059s]
[2025-11-25 18:16:22] [INFO] [STATS] Fetching system statistics...
[2025-11-25 18:16:32] [WARNING] Task queue depth is 3
[2025-11-25 18:16:42] [WARNING] Task queue depth is 4
[2025-11-25 18:16:52] [WARNING] Task queue depth is 5
[2025-11-25 18:16:52] [WARNING] Task queue depth is 6
[2025-11-25 18:16:52] [WARNING] Task queue depth is 7
[2025-11-25 18:16:52] [WARNING] Task queue depth is 8
[2025-11-25 18:16:52] [WARNING] Task queue depth is 9
[2025-11-25 18:17:02] [WARNING] Task queue depth is 10
[2025-11-25 18:17:02] [WARNING] Task queue depth is 11
[2025-11-25 18:17:02] [WARNING] Task queue depth is 12
[2025-11-25 18:17:02] [WARNING] Task queue depth is 13
[2025-11-25 18:17:02] [WARNING] Task queue depth is 14
[2025-11-25 18:17:02] [WARNING] Task queue depth is 15
[2025-11-25 18:17:12] [WARNING] Task queue depth is 16
[2025-11-25 18:17:12] [WARNING] Task queue depth is 17
[2025-11-25 18:17:12] [WARNING] Task queue depth is 18
[2025-11-25 18:17:12] [WARNING] Task queue depth is 19
[2025-11-25 18:17:12] [WARNING] Task queue depth is 20
[2025-11-25 18:17:12] [WARNING] Task queue depth is 21
[2025-11-25 18:17:22] [WARNING] Task queue depth is 22
[2025-11-25 18:17:22] [WARNING] Task queue depth is 23
[2025-11-25 18:17:22] [WARNING] Task queue depth is 24
[2025-11-25 18:17:22] [WARNING] Task queue depth is 25
[2025-11-25 18:17:22] [WARNING] Task queue depth is 26
[2025-11-25 18:17:22] [WARNING] Task queue depth is 27
[2025-11-25 18:17:32] [WARNING] Task queue depth is 28
[2025-11-25 18:17:32] [WARNING] Task queue depth is 29
[2025-11-25 18:17:32] [WARNING] Task queue depth is 30
[2025-11-25 18:17:32] [WARNING] Task queue depth is 31
[2025-11-25 18:17:32] [WARNING] Task queue depth is 32
[2025-11-25 18:17:32] [WARNING] Task queue depth is 33
[2025-11-25 18:17:38] [INFO] [SHUTDOWN] Graceful shutdown initiated...
[2025-11-25 18:17:38] [INFO] [SHUTDOWN] Complete
[2025-11-25 18:17:43] [WARNING] 4 thread(s) still running
[2025-11-25 18:17:43] [WARNING] Canceling 33 pending task(s)
